Abbots Bromley,,abbots brom,abbots brom lay,abbots brom lee,abbots brom leigh,abbots bromlay,abbots bromlee,abbots bromleigh,abbots bromley england,abbots bromley staffordshire,abbotsbromley
Abbots Langley,,abbots lang lay,abbots lang lee,abbots lang leigh,abbots langlay,abbots langlee,abbots langleigh,abbots langley england,abbots langley hertfordshire,abbotslangley,al
Abbotskerswell,,abbotskerswell devon,abbotskerswell england
Abbotts Ann,,abbotts ann england,abbotts ann hampshire,abbottsann,ann
Aberaeron,,aberaeron ceredigion,aberaeron wales
Aberaman,,aberaman rhondda cynon taff,aberaman wales
Aberbargoed,,aberbargoed caerphilly,aberbargoed wales
Abercarn,,abercarn caerphilly,abercarn wales
Aberchirder,,aberchirder aberdeenshire,aberchirder scotland
Abercynon,,abercynon rhondda cynon taff,abercynon wales
Aberdare,,aberdare rhondda cynon taff,aberdare wales
Aberdeen,,aberdeen scotland
Aberdeen City,
Aberdour,,aberdour fife,aberdour scotland
Aberdulais,,aberdulais neath port talbot,aberdulais wales
Abererch,,abererch gwynedd,abererch wales
Aberfan,,aberfan merthyr tydfil,aberfan wales
Aberfeldy,,aberfeldy perth and kinross,aberfeldy scotland
Aberford,,aberford england,aberford leeds
Abergavenny,,abergavenny monmouthshire,abergavenny wales
Abergele,,abergele conwy,abergele wales
Abergwili,,abergwili carmarthenshire,abergwili wales
Abergwynfi,,abergwynfi neath port talbot,abergwynfi wales
Aberlady,,aberlady east lothian,aberlady scotland
Aberlour,,aberlour moray,aberlour scotland
Abernethy,,abernethy perth and kinross,abernethy scotland
Aberporth,,aberporth ceredigion,aberporth wales
Abersoch,,abersoch gwynedd,abersoch wales
Abersychan,,abersychan torfaen,abersychan wales
Abertawe,,abertawe swansea,abertawe wales
Abertillery,,abertillery blaenau gwent,abertillery wales
Abertysswg,,abertysswg caerphilly,abertysswg wales
Aberystwyth,,aberystwyth ceredigion,aberystwyth wales
Abingdon,,abingdon england,abingdon oxfordshire
Abinger,,abinger england,abinger surrey
Aboyne,,aboyne aberdeenshire,aboyne scotland
Abram,,abram england,abram wigan
Abridge,,abridge england,abridge essex
Accrington,,accring tonne,accring tun,accrington england,accrington lancashire,accringtonne,accringtun
Acle,,acle england,acle norfolk
Acomb,,acomb england,acomb northumberland,acomb york
Acton,,acton ealing,acton england,acton suffolk
Acton Trussell,,acton trussell england,acton trussell staffordshire,actontrussell,trussell
Adderbury,,adder berry,adder bree,adderberry,adderbree,adderbury england,adderbury oxfordshire
Addiewell,,addiewell scotland,addiewell west lothian
Addingham,,adding am,adding um,addingam,addingham bradford,addingham england,addingum
Addlestone,,addlestone england,addlestone surrey
Adel,,adel england,adel leeds
Adlington,,adling tonne,adling tun,adlington england,adlington lancashire,adlingtonne,adlingtun
Adwick le Street,,adwick le street doncaster,adwick le street england,adwicklestreet,als
Ahoghill,,ahoghill mid and east antrim,ahoghill northern ireland
Ainsdale,,ainsdale england,ainsdale sefton
Ainsworth,,ains werth,ains wuth,ainswerth,ainsworth bury,ainsworth england,ainswuth
Aintree,,aintree england,aintree liverpool
Airdrie,,airdrie north lanarkshire,airdrie scotland
Airth,,airth falkirk,airth scotland
Aiskew,,aiskew england,aiskew north yorkshire
Albrighton,,albrigh tonne,albrigh tun,albrighton england,albrighton shropshire,albrightonne,albrightun
Albury,,albury england,albury surrey
Alcester,,alcester england,alcester warwickshire
Alconbury,,alcon berry,alcon bree,alconberry,alconbree,alconbury cambridgeshire,alconbury england
Aldbourne,,aldbourne england,aldbourne wiltshire
Aldbrough,,aldbrough east riding of yorkshire,aldbrough england
Aldeburgh,,aldeburgh england,aldeburgh suffolk
Aldenham,,alden am,alden um,aldenam,aldenham england,aldenham hertfordshire,aldenum
Alderbury,,alder berry,alder bree,alderberry,alderbree,alderbury england,alderbury wiltshire
Alderholt,,alderholt dorset,alderholt england
Alderley Edge,,ae,alder lay edge,alder lee edge,alder leigh edge,alderlay edge,alderlee edge,alderleigh edge,alderley edge cheshire east,alderley edge england,alderleyedge
Aldermaston,,aldermas tonne,aldermas tun,aldermaston england,aldermaston west berkshire,aldermastonne,aldermastun
Aldershot,,Alder-shot,Alders-ot,aldershot england,aldershot hampshire
Aldingham,,alding am,alding um,aldingam,aldingham cumbria,aldingham england,aldingum
Aldington,,alding tonne,alding tun,aldington england,aldington kent,aldingtonne,aldingtun
Aldridge,,aldridge england,aldridge walsall
Alexandria,,alexandria scotland,alexandria west dunbartonshire
Alfold,,alfold england,alfold surrey
Alford,,alford aberdeenshire,alford england,alford lincolnshire,alford scotland
Alfreton,,alfre tonne,alfre tun,alfreton derbyshire,alfreton england,alfretonne,alfretun
Allanton,,allan tonne,allan tun,allanton north lanarkshire,allanton scotland,allantonne,allantun
Allendale Town,,allendale town england,allendale town northumberland,allendaletown
Allerton Bywater,,aller tonne bywater,aller tun bywater,allerton bywater england,allerton bywater leeds,allertonbywater,allertonne bywater,allertun bywater,bywater
Allestree,,allestree derby,allestree england
Allhallows,,allhallows england,allhallows medway
Allington,,alling tonne,alling tun,allington england,allington kent,allingtonne,allingtun
Allithwaite,,allithwaite cumbria,allithwaite england
Alloa,,alloa clackmannanshire,alloa scotland
Alltwen,,alltwen swansea,alltwen wales
Almondbank,,almondbank perth and kinross,almondbank scotland
Almondbury,,almond berry,almond bree,almondberry,almondbree,almondbury england,almondbury kirklees
Almondsbury,,almonds berry,almonds bree,almondsberry,almondsbree,almondsbury england,almondsbury south gloucestershire
Alness,,alness highland,alness scotland
Alnwick,,alnwick england,alnwick northumberland
Alresford,,alresford england,alresford essex
Alrewas,,alrewas england,alrewas staffordshire
Alsager,,alsager cheshire east,alsager england
Alston,,als tonne,als tun,alston cumbria,alston england,alstonne,alstun
Altarnun,,altarnun cornwall,altarnun england
Altham,,alt am,alt um,altam,altham england,altham lancashire,altum
Althorne,,althorne england,althorne essex
Althorpe,,althorpe england,althorpe north lincolnshire
Altofts,,altofts england,altofts wakefield
Alton,,alton england,alton hampshire,alton staffordshire
Altrincham,,altrinc am,altrinc um,altrincam,altrincham england,altrincham trafford,altrincum
Alva,,alva clackmannanshire,alva scotland
Alvechurch,,alvechurch england,alvechurch worcestershire
Alveley,,alve lay,alve lee,alve leigh,alvelay,alvelee,alveleigh,alveley england,alveley shropshire
Alveston,,alves tonne,alves tun,alveston england,alveston south gloucestershire,alvestonne,alvestun
Alyth,,alyth perth and kinross,alyth scotland
Amble,,amble england,amble northumberland
Amblecote,,amblecote dudley,amblecote england
Ambleside,,ambleside cumbria,ambleside england
Ambrosden,,ambrosden england,ambrosden oxfordshire
Amersham,,amers am,amers um,amersam,amersham buckinghamshire,amersham england,amersum
Amesbury,,ames berry,ames bree,amesberry,amesbree,amesbury england,amesbury wiltshire
Amlwch,,amlwch isle of anglesey,amlwch wales
Ammanford,,ammanford carmarthenshire,ammanford wales
Ampleforth,,ampleforth england,ampleforth north yorkshire
Ampthill,,ampthill central bedfordshire,ampthill england
Amroth,,amroth pembrokeshire,amroth wales
Ancaster,,ancaster england,ancaster lincolnshire
Andover,,Handover,andover england,andover hampshire
Angmering,,angme en,angme in,angmeen,angmein,angmer en,angmer in,angmeren,angmerin,angmering england,angmering west sussex
Annahilt,,annahilt lisburn and castlereagh,annahilt northern ireland
Annalong,,"annalong newry, mourne and down",annalong northern ireland
Annan,,annan dumfries and galloway,annan scotland
Annesley,,annes lay,annes lee,annes leigh,anneslay,anneslee,annesleigh,annesley england,annesley nottinghamshire
Annesley Woodhouse,,annes lay woodhouse,annes lee woodhouse,annes leigh woodhouse,anneslay woodhouse,anneslee woodhouse,annesleigh woodhouse,annesley woodhouse england,annesley woodhouse nottinghamshire,annesleywoodhouse
Annfield Plain,,annfield plain durham,annfield plain england,annfieldplain,ap,plain
Anstey,,anstey england,anstey leicestershire
Anstruther,,anstruther fife,anstruther scotland
Antrim,,antrim northern ireland
Appleby Magna,,am,appleby magna england,appleby magna leicestershire,applebymagna
Appleby-in-Westmorland,,aiw,appleby-in-westmorland cumbria,appleby-in-westmorland england
Appledore,,appledore devon,appledore england
Appleton,,apple tonne,apple tun,appleton england,appleton warrington,appletonne,appletun
Appley Bridge,,app lay bridge,app lee bridge,app leigh bridge,applay bridge,applee bridge,appleigh bridge,appley bridge england,appley bridge lancashire,appleybridge
Arboe,,arboe mid-ulster,arboe northern ireland
Arborfield Cross,,arborfield cross england,arborfield cross wokingham,arborfieldcross
Arborfield Green,,arborfield green england,arborfield green wokingham,arborfieldgreen
Arbroath,,arbroath angus,arbroath scotland
Ardersier,,ardersier highland,ardersier scotland
Ardglass,,"ardglass newry, mourne and down",ardglass northern ireland
Ardingly,,ardingly england,ardingly west sussex
Ardleigh,,ard lee,ard ley,ardlee,ardleigh england,ardleigh essex,ardley
Ardrishaig,,ardrishaig argyll and bute,ardrishaig scotland
Ardrossan,,ardrossan north ayrshire,ardrossan scotland
Ards and North Down,,aand
Argoed,,argoed caerphilly,argoed wales
Arksey,,arksey doncaster,arksey england
Arlecdon,,arlecdon cumbria,arlecdon england
Arlesey,,arlesey central bedfordshire,arlesey england
Armadale,,armadale scotland,armadale west lothian
Armagh,,armagh northern ireland
Armoy,,armoy causeway coast and glens,armoy northern ireland
Armthorpe,,armthorpe doncaster,armthorpe england
Arne,,arne dorset,arne england
Arnold,,arnold england,arnold nottinghamshire
Arnside,,arnside cumbria,arnside england
Arreton,,arre tonne,arre tun,arreton england,arreton isle of wight,arretonne,arretun
Arundel,,arundel england,arundel west sussex
Ascot,,ascot england,ascot windsor and maidenhead
Ash,,ash england,ash kent
Ash Green,,ash green england,ash green warwickshire,ashgreen
Ash Vale,,ash vale england,ash vale surrey,ashvale,av
Ashbourne,,ashbourne derbyshire,ashbourne england
Ashburton,,ashbur tonne,ashbur tun,ashburton devon,ashburton england,ashburtonne,ashburtun
Ashby de la Launde,,adll,ashby de la launde england,ashby de la launde lincolnshire,ashbydelalaunde,launde
Ashby de la Zouch,,adlz,ashby de la zouch england,ashby de la zouch leicestershire,ashbydelazouch,zouch
Ashcott,,ashcott england,ashcott somerset
Ashford,,Ash f'd,ashford england,ashford kent,ashford surrey
Ashfordby,,ashfordby england,ashfordby leicestershire
Ashgill,,ashgill scotland,ashgill south lanarkshire
Ashill,,ashill england,ashill norfolk
Ashingdon,,ashingdon england,ashingdon essex
Ashington,,ashing tonne,ashing tun,ashington england,ashington northumberland,ashington west sussex,ashingtonne,ashingtun
Ashley Heath,,ash lay heath,ash lee heath,ash leigh heath,ashlay heath,ashlee heath,ashleigh heath,ashley heath dorset,ashley heath england,ashleyheath
Ashover,,ashover derbyshire,ashover england
Ashtead,,ashtead england,ashtead surrey
Ashton,,ash tonne,ash tun,ashton england,ashton tameside,ashtonne,ashtun
Ashton in Makerfield,,aim,ash tonne in makerfield,ash tun in makerfield,ashton in makerfield england,ashton in makerfield wigan,ashtoninmakerfield,ashtonne in makerfield,ashtun in makerfield
Ashton Keynes,,ak,ash tonne keynes,ash tun keynes,ashton keynes england,ashton keynes wiltshire,ashtonkeynes,ashtonne keynes,ashtun keynes
Ashurst,,ashurst england,ashurst hampshire
Ashurst Wood,,ashurst wood england,ashurst wood west sussex,ashurstwood
Ashwell,,ashwell england,ashwell hertfordshire
Askam in Furness,,aif,askam in furness cumbria,askam in furness england,askaminfurness
Askern,,askern doncaster,askern england
Aslockton,,aslock tonne,aslock tun,aslockton england,aslockton nottinghamshire,aslocktonne,aslocktun
Aspatria,,aspatria cumbria,aspatria england
Aspley Guise,,asp lay guise,asp lee guise,asp leigh guise,asplay guise,asplee guise,aspleigh guise,aspley guise central bedfordshire,aspley guise england,aspleyguise,guise
Aspull,,aspull england,aspull wigan
Astley,,ast lay,ast lee,ast leigh,astlay,astlee,astleigh,astley england,astley wigan,astley worcestershire
Aston,,aston england,aston oxfordshire
Aston Abbotts,,abbotts,aston abbotts buckinghamshire,aston abbotts england,astonabbotts
Aston Clinton,,aston clin tonne,aston clin tun,aston clinton buckinghamshire,aston clinton england,aston clintonne,aston clintun,astonclinton,clinton
Aston-on-Trent,,aot,aston-on-trent derbyshire,aston-on-trent england
Astwood Bank,,astwood bank england,astwood bank worcestershire,astwoodbank
Atherstone,,atherstone england,atherstone warwickshire
Atherton,,ather tonne,ather tun,atherton england,atherton wigan,athertonne,athertun
Attenborough,,atten boro,atten bruh,attenboro,attenborough england,attenborough nottinghamshire,attenbruh
Attleborough,,attle boro,attle bruh,attleboro,attleborough england,attleborough norfolk,attleborough warwickshire,attlebruh
Atworth,,atworth england,atworth wiltshire
Auchinleck,,auchinleck east ayrshire,auchinleck scotland
Auchterarder,,auchterarder perth and kinross,auchterarder scotland
Auchtermuchty,,auchtermuchty fife,auchtermuchty scotland
Auckley,,auck lay,auck lee,auck leigh,aucklay,aucklee,auckleigh,auckley doncaster,auckley england
Audenshaw,,audenshaw england,audenshaw tameside
Audlem,,audlem cheshire east,audlem england
Audley,,aud lay,aud lee,aud leigh,audlay,audlee,audleigh,audley england,audley staffordshire
Aughton,,augh tonne,augh tun,aughton england,aughton lancashire,aughtonne,aughtun
Ault Hucknall,,ault hucknall derbyshire,ault hucknall england,aulthucknall
Aveley,,ave lay,ave lee,ave leigh,avelay,avelee,aveleigh,aveley england,aveley thurrock
Avening,,aven en,aven in,avenen,avenin,avening england,avening gloucestershire
Aviemore,,aviemore highland,aviemore scotland
Avoch,,avoch highland,avoch scotland
Avonmouth,,avon mouff,avon muth,avonmouff,"avonmouth bristol, city of",avonmouth england,avonmuth
Awre,,awre england,awre gloucestershire
Awsworth,,aws werth,aws wuth,awswerth,awsworth england,awsworth nottinghamshire,awswuth
Axbridge,,axbridge england,axbridge somerset
Axminster,,axminster devon,axminster england
Aylesbury,,ayles berry,ayles bree,aylesberry,aylesbree,aylesbury buckinghamshire,aylesbury england
Aylesford,,aylesford england,aylesford kent
Aylesham,,ayles am,ayles um,aylesam,aylesham england,aylesham kent,aylesum
Aylestone,,aylestone england,aylestone leicester
Aylsham,,ayls am,ayls um,aylsam,aylsham england,aylsham norfolk,aylsum
Ayr,,ayr scotland,ayr south ayrshire
Backwell,,backwell england,backwell north somerset
Backworth,,back werth,back wuth,backwerth,backworth england,backworth north tyneside,backwuth
Bacton,,bac tonne,bac tun,bacton england,bacton norfolk,bacton suffolk,bactonne,bactun
Bacup,,bacup england,bacup lancashire
Baddesley Ensor,,baddes lay ensor,baddes lee ensor,baddes leigh ensor,baddeslay ensor,baddeslee ensor,baddesleigh ensor,baddesley ensor england,baddesley ensor warwickshire,baddesleyensor,ensor
Badsey,,badsey england,badsey worcestershire
Badshot Lea,,badshot lea england,badshot lea surrey,badshotlea
Bagillt,,bagillt flintshire,bagillt wales
Baglan,,baglan neath port talbot,baglan wales
Bagshot,,bagshot england,bagshot surrey
Baguley,,bagu lay,bagu lee,bagu leigh,bagulay,bagulee,baguleigh,baguley england,baguley manchester
Bagworth,,bag werth,bag wuth,bagwerth,bagworth england,bagworth leicestershire,bagwuth
Baildon,,baildon bradford,baildon england
Bailleston,,bailles tonne,bailles tun,bailleston glasgow city,bailleston scotland,baillestonne,baillestun
Bailrigg,,bailrigg england,bailrigg lancashire
Bakewell,,bakewell derbyshire,bakewell england
Bala,,bala gwynedd,bala wales
Balcombe,,balcombe england,balcombe west sussex
Balderton,,balder tonne,balder tun,balderton england,balderton nottinghamshire,baldertonne,baldertun
Baldock,,baldock england,baldock hertfordshire
Baldwin's Gate,,baldwin's gate england,baldwin's gate staffordshire,baldwin'sgate
Balerno,,"balerno edinburgh, city of",balerno scotland
Balfron,,balfron scotland,balfron stirling
Balham,,bal am,bal um,balam,balham england,balham wandsworth,balum
Balintore,,balintore highland,balintore scotland
Ballater,,ballater aberdeenshire,ballater scotland
Ballinamallard,,ballinamallard fermanagh and omagh,ballinamallard northern ireland
Ballingry,,ballingry fife,ballingry scotland
Balloch,,balloch highland,balloch scotland,balloch west dunbartonshire
Ballycastle,,ballycastle causeway coast and glens,ballycastle northern ireland
Ballyclare,,ballyclare antrim and newtownabbey,ballyclare northern ireland
Ballygowan,,ballygowan ards and north down,ballygowan northern ireland
Ballymena,,ballymena mid and east antrim,ballymena northern ireland
Ballymoney,,ballymoney causeway coast and glens,ballymoney northern ireland
Ballynahinch,,"ballynahinch newry, mourne and down",ballynahinch northern ireland
Ballywalter,,ballywalter ards and north down,ballywalter northern ireland
Balmedie,,balmedie aberdeenshire,balmedie scotland
Balmullo,,balmullo fife,balmullo scotland
Balsall Common,,balsall common england,balsall common solihull,balsallcommon
Balsham,,bals am,bals um,balsam,balsham cambridgeshire,balsham england,balsum
Baltonsborough,,baltons boro,baltons bruh,baltonsboro,baltonsborough england,baltonsborough somerset,baltonsbruh
Bamber Bridge,,bamber bridge england,bamber bridge lancashire,bamberbridge
Bamford,,bamford derbyshire,bamford england
Bampton,,bamp tonne,bamp tun,bampton devon,bampton england,bampton oxfordshire,bamptonne,bamptun
Banavie,,banavie highland,banavie scotland
Banbridge,,"banbridge armagh city, banbridge and craigavon",banbridge northern ireland
Banbury,,ban berry,ban bree,banberry,banbree,banbury england,banbury oxfordshire
Banchory,,banchory aberdeenshire,banchory scotland
Banff,,banff aberdeenshire,banff scotland
Bangor,,bangor ards and north down,bangor isle of anglesey,bangor northern ireland,bangor wales
Bangor-on-Dee,,bangor-on-dee wales,bangor-on-dee wrexham,bod
Banham,,ban am,ban um,banam,banham england,banham norfolk,banum
Bankfoot,,bankfoot perth and kinross,bankfoot scotland
Banknock,,banknock falkirk,banknock scotland
Banks,,banks england,banks lancashire
Bannockburn,,bannockburn scotland,bannockburn stirling
Banstead,,banstead england,banstead surrey
Banwell,,banwell england,banwell north somerset
Bapchild,,bapchild england,bapchild kent
Bar Hill,,bar hill cambridgeshire,bar hill england,barhill
Barby,,barby england,barby northamptonshire
Bardney,,bardney england,bardney lincolnshire
Bardsey,,bardsey england,bardsey leeds
Bare,,bare england,bare lancashire
Barford,,barford england,barford norfolk,barford warwickshire
Bargeddie,,bargeddie glasgow,bargeddie scotland
Bargoed,,bargoed caerphilly,bargoed wales
Barkham,,bark am,bark um,barkam,barkham england,barkham wokingham,barkum
Barking,,Barkin',Parking,bak en,bak in,baken,bakin,bakk en,bakk in,bakken,bakkin,bark en,bark in,barken,barking england
Barking and Dagenham,,bad,bak en and dagenham,bak in and dagenham,baken and dagenham,bakin and dagenham,bakk en and dagenham,bakk in and dagenham,bakken and dagenham,bakkin and dagenham,bark en and dagenham,bark in and dagenham,barken and dagenham,barkin and dagenham,barking and dag num,barking and dag numb,barking and dagen am,barking and dagen um,barking and dagenam,barking and dagenham england,barking and dagenum,barkinganddagenham,parking and dagenham
Barkisland,,barkisland calderdale,barkisland england
Barlaston,,barlas tonne,barlas tun,barlaston england,barlaston staffordshire,barlastonne,barlastun
Barlborough,,barl boro,barl bruh,barlboro,barlborough derbyshire,barlborough england,barlbruh
Barlby,,barlby england,barlby north yorkshire
Barlestone,,barlestone england,barlestone leicestershire
Barleythorpe,,barleythorpe england,barleythorpe rutland
Barling,,bal en,bal in,balen,balin,ball en,ball in,ballen,ballin,barl en,barl in,barlen,barlin,barling england,barling essex
Barmby on the Moor,,barmby on the moor east riding of yorkshire,barmby on the moor england,barmbyonthemoor,botm
Barmouth,,bar mouff,bar muth,barmouff,barmouth gwynedd,barmouth wales,barmuth
Barnack,,barnack england,barnack peterborough
Barnard Castle,,barnard castle durham,barnard castle england,barnardcastle
Barnbrough,,barnbrough doncaster,barnbrough england
Barnet,,barnet england
Barnetby le Wold,,barnetby le wold england,barnetby le wold north lincolnshire,barnetbylewold,blw
Barnham,,barn am,barn um,barnam,barnham england,barnham west sussex,barnum
Barnoldby le Beck,,barnoldby le beck england,barnoldby le beck north east lincolnshire,barnoldbylebeck,blb
Barnoldswick,,barnoldswick england,barnoldswick lancashire
Barns Green,,barns green england,barns green west sussex,barnsgreen
Barnsley,,barns lay,barns lee,barns leigh,barnslay,barnslee,barnsleigh,barnsley england
Barnstaple,,barnstaple devon,barnstaple england
Barnt Green,,barnt green england,barnt green worcestershire,barntgreen
Barnton,,barn tonne,barn tun,barnton cheshire west and chester,barnton england,barntonne,barntun
Barrhead,,barrhead east renfrewshire,barrhead scotland
Barri,,"barri vale of glamorgan, the",barri wales
Barrow,,barrow england,barrow lancashire,barrow suffolk
Barrow Hill,,barrow hill derbyshire,barrow hill england,barrowhill
Barrow in Furness,,barrow in furness cumbria,barrow in furness england,barrowinfurness,bif
Barrow upon Humber,,barrow upon humber england,barrow upon humber north lincolnshire,barrowuponhumber
Barrow upon Soar,,barrow upon soar england,barrow upon soar leicestershire,barrowuponsoar,soar
Barrowby,,barrowby england,barrowby lincolnshire
Barrowford,,barrowford england,barrowford lancashire
Bartestree,,bartestree england,bartestree herefordshire
Barton,,bar tonne,bar tun,barton england,barton lancashire,bartonne,bartun
Barton on Sea,,bar tonne on sea,bar tun on sea,barton on sea england,barton on sea hampshire,bartonne on sea,bartononsea,bartun on sea
Barton under Needwood,,bar tonne under needwood,bar tun under needwood,barton under needwood england,barton under needwood staffordshire,bartonne under needwood,bartonunderneedwood,bartun under needwood,bun,needwood
Barton upon Humber,,bar tonne upon humber,bar tun upon humber,barton upon humber england,barton upon humber north lincolnshire,bartonne upon humber,bartonuponhumber,bartun upon humber
Barton upon Irwell,,bar tonne upon irwell,bar tun upon irwell,barton upon irwell england,barton upon irwell salford,bartonne upon irwell,bartonuponirwell,bartun upon irwell,bui,irwell
Barton-le-Clay,,bar tonne le clay,bar tun le clay,barton-le-clay central bedfordshire,barton-le-clay england,bartonne le clay,bartun le clay,blc
Barwell,,barwell england,barwell leicestershire
Barwick-in-Elmet,,barwick-in-elmet england,barwick-in-elmet leeds,bie
Baschurch,,baschurch england,baschurch shropshire
Basford,,basford england,basford nottingham
Basildon,,basildon england,basildon essex
Basing,,bas en,bas in,basen,basin,basing england,basing hampshire
Basingstoke,,basingstoke england,basingstoke hampshire
Baslow,,baslow derbyshire,baslow england
Bassingbourn,,bassingbourn cambridgeshire,bassingbourn england
Bassingham,,bassing am,bassing um,bassingam,bassingham england,bassingham lincolnshire,bassingum
Baston,,bas tonne,bas tun,baston england,baston lincolnshire,bastonne,bastun
Bath,,Barth,bath england
Bath and North East Somerset,,banes,barth and north east somerset
Bathampton,,bathamp tonne,bathamp tun,bathampton bath and north east somerset,bathampton england,bathamptonne,bathamptun
Batheaston,,batheas tonne,batheas tun,batheaston bath and north east somerset,batheaston england,batheastonne,batheastun
Bathford,,bathford bath and north east somerset,bathford england
Bathgate,,bathgate scotland,bathgate west lothian
Batley,,bat lay,bat lee,bat leigh,batlay,batlee,batleigh,batley england,batley kirklees
Battle,,battle east sussex,battle england
Battlesbridge,,battlesbridge england,battlesbridge essex
Baughurst,,baughurst england,baughurst hampshire
Bawtry,,bawtry england,bawtry nottinghamshire
Baxenden,,baxenden england,baxenden lancashire
Baystonhill,,baystonhill england,baystonhill shropshire
Beachley,,beach lay,beach lee,beach leigh,beachlay,beachlee,beachleigh,beachley england
Beaconsfield,,beaconsfield buckinghamshire,beaconsfield england
Beaminster,,beaminster dorset,beaminster england
Bean,,bean england,bean kent
Bearsden,,bearsden east dunbartonshire,bearsden scotland
Bearsted,,bearsted england,bearsted kent
Bearwood,,bearwood dorset,bearwood england
Beaufort,,beaufort blaenau gwent,beaufort wales
Beauly,,beauly highland,beauly scotland
Beaumaris,,beaumaris isle of anglesey,beaumaris wales
Bebington,,bebing tonne,bebing tun,bebington england,bebington wirral,bebingtonne,bebingtun
Beccles,,beccles england,beccles suffolk
Beck Row,,beck row england,beck row suffolk,beckrow
Beckenham,,Beck num,becken am,becken um,beckenam,beckenham bromley,beckenham england,beckenum
Beckermet,,beckermet cumbria,beckermet england
Beckingham,,becking am,becking um,beckingam,beckingham england,beckingham nottinghamshire,beckingum
Beckington,,becking tonne,becking tun,beckington england,beckington somerset,beckingtonne,beckingtun
Beckley,,beck lay,beck lee,beck leigh,becklay,becklee,beckleigh,beckley east sussex,beckley england
Bedale,,bedale england,bedale north yorkshire
Beddau,,beddau rhondda cynon taff,beddau wales
Bedford,,bedford england
Bedlington,,bedling tonne,bedling tun,bedlington england,bedlington northumberland,bedlingtonne,bedlingtun
Bedlinog,,bedlinog merthyr tydfil,bedlinog wales
Bedmond,,bedmond england,bedmond hertfordshire
Bedwas,,bedwas caerphilly,bedwas wales
Bedworth,,bed werth,bed wuth,bedwerth,bedworth england,bedworth warwickshire,bedwuth
Beeford,,beeford east riding of yorkshire,beeford england
Beenham,,been am,been um,beenam,beenham england,beenham west berkshire,beenum
Beer,,beer devon,beer england
Beeston,,bees tonne,bees tun,beeston england,beeston nottinghamshire,beestonne,beestun
Beetham,,beet am,beet um,beetam,beetham cumbria,beetham england,beetum
Beetley,,beet lay,beet lee,beet leigh,beetlay,beetlee,beetleigh,beetley england,beetley norfolk
Beith,,beith north ayrshire,beith scotland
Belbroughton,,belbrough tonne,belbrough tun,belbroughton england,belbroughton worcestershire,belbroughtonne,belbroughtun
Belfast,,belfast northern ireland
Belford,,belford england,belford northumberland
Belgrave,,belgrave england,belgrave leicester
Belhelvie,,belhelvie aberdeenshire,belhelvie scotland
Bellaghy,,bellaghy mid-ulster,bellaghy northern ireland
Belle Vue,,belle vue cumbria,belle vue england,bellevue,vue
Bellingham,,belling am,belling um,bellingam,bellingham england,bellingham northumberland,bellingum
Bellsbank,,bellsbank east ayrshire,bellsbank scotland
Bellshill,,bellshill north lanarkshire,bellshill scotland
Belper,,belper derbyshire,belper england
Belton,,bel tonne,bel tun,belton england,belton norfolk,belton north lincolnshire,beltonne,beltun
Bembridge,,bembridge england,bembridge isle of wight
Bempton,,bemp tonne,bemp tun,bempton east riding of yorkshire,bempton england,bemptonne,bemptun
Benenden,,benenden england,benenden kent
Benllech,,benllech isle of anglesey,benllech wales
Benson,,benson england,benson oxfordshire
Bentley,,bent lay,bent lee,bent leigh,bentlay,bentlee,bentleigh,bentley doncaster,bentley england,bentley hampshire
Benwick,,benwick cambridgeshire,benwick england
Bere Alston,,bere als tonne,bere als tun,bere alston devon,bere alston england,bere alstonne,bere alstun,berealston
Bere Regis,,bere regis dorset,bere regis england,bereregis
Berechurch,,berechurch england,berechurch essex
Berinsfield,,berinsfield england,berinsfield oxfordshire
Berkeley,,berke lay,berke lee,berke leigh,berkelay,berkelee,berkeleigh,berkeley england,berkeley gloucestershire
Berkhampstead,,berkhampstead england,berkhampstead hertfordshire
Berkswell,,berkswell england,berkswell solihull
Berriew,,berriew powys,berriew wales
Berrington,,berring tonne,berring tun,berrington england,berrington shropshire,berringtonne,berringtun
Berrow,,berrow england,berrow somerset
Berry Hill,,berry hill england,berry hill gloucestershire,berryhill
Berry Pomeroy,,berry pomeroy devon,berry pomeroy england,berrypomeroy,pomeroy
Bersted,,bersted england,bersted west sussex
Berwick Hill,,berwick hill england,berwick hill northumberland,berwickhill
Berwick-Upon-Tweed,,berwick-upon-tweed england,berwick-upon-tweed northumberland
Bessbrook,,"bessbrook newry, mourne and down",bessbrook northern ireland
Bestwood Village,,bestwood village england,bestwood village nottinghamshire,bestwoodvillage
Betchworth,,betch werth,betch wuth,betchwerth,betchworth england,betchworth surrey,betchwuth
Bethel,,bethel gwynedd,bethel wales
Bethersden,,bethersden england,bethersden kent
Bethesda,,bethesda gwynedd,bethesda wales
Betley,,bet lay,bet lee,bet leigh,betlay,betlee,betleigh,betley england,betley staffordshire
Bettws,,bettws carmarthenshire,bettws wales
Betws,,betws bridgend,betws wales
Beverley,,bever lay,bever lee,bever leigh,beverlay,beverlee,beverleigh,beverley east riding of yorkshire,beverley england
Bewdley,,bewd lay,bewd lee,bewd leigh,bewdlay,bewdlee,bewdleigh,bewdley england,bewdley worcestershire
Bexhill,,Bexall,Bexill,Bexull
Bexhill-on-Sea,,bexall on sea,bexhill-on-sea east sussex,bexhill-on-sea england,bexill on sea,bexull on sea
Bexley,,bex lay,bex lee,bex leigh,bexlay,bexlee,bexleigh,bexley england
Bexleyheath,,Bex Heath,bexleyheath bexley,bexleyheath england
Beyton,,bey tonne,bey tun,beyton england,beyton suffolk,beytonne,beytun
Bicester,,bicester england,bicester oxfordshire,bister
Bickenhill,,bickenhill england,bickenhill solihull
Bickershaw,,bickershaw england,bickershaw wigan
Bickerstaffe,,bickerstaffe england,bickerstaffe lancashire
Bickleigh,,bick ley,bickleigh devon,bickleigh england
Bickley,,bick lay,bick leigh,bicklay,bickley bromley,bickley england
Bicknacre,,bicknacre england,bicknacre essex
Bicton,,bic tonne,bic tun,bicton england,bicton shropshire,bictonne,bictun
Bidborough,,bid boro,bid bruh,bidboro,bidborough england,bidborough kent,bidbruh
Biddenden,,biddenden england,biddenden kent
Biddenham,,bidden am,bidden um,biddenam,biddenham bedford,biddenham england,biddenum
Biddulph,,biddulph england,biddulph staffordshire
Biddulph Moor,,biddulph moor england,biddulph moor staffordshire,biddulphmoor
Bideford,,bideford devon,bideford england
Bidford-on-Avon,,bidford-on-avon england,bidford-on-avon warwickshire
Bidston,,bids tonne,bids tun,bidston england,bidston wirral,bidstonne,bidstun
Bierton,,bier tonne,bier tun,bierton buckinghamshire,bierton england,biertonne,biertun
Biggar,,biggar scotland,biggar south lanarkshire
Biggin Hill,,biggin hill croydon,biggin hill england,bigginhill
Biggleswade,,biggleswade central bedfordshire,biggleswade england
Bignall End,,bignall end england,bignall end staffordshire,bignallend
Bildeston,,bildes tonne,bildes tun,bildeston england,bildeston suffolk,bildestonne,bildestun
Billericay,,billericay england,billericay essex
Billingborough,,billing boro,billing bruh,billingboro,billingborough england,billingborough lincolnshire,billingbruh
Billinge,,billinge england,billinge st. helens
Billingham,,billing am,billing um,billingam,billingham england,billingham stockton-on-tees,billingum
Billinghay,,billinghay england,billinghay lincolnshire
Billingshurst,,billingshurst england,billingshurst west sussex
Billington,,billing tonne,billing tun,billington england,billington lancashire,billingtonne,billingtun
Billy Row,,billy row durham,billy row england,billyrow
Bilsthorpe,,bilsthorpe england,bilsthorpe nottinghamshire
Bilston,,bils tonne,bils tun,bilston england,bilston midlothian,bilston scotland,bilston wolverhampton,bilstonne,bilstun
Bilton,,bil tonne,bil tun,bilton east riding of yorkshire,bilton england,bilton north yorkshire,bilton warwickshire,biltonne,biltun
Binfield,,binfield bracknell forest,binfield england
Binfield Heath,,binfield heath england,binfield heath oxfordshire,binfieldheath
Bingham,,bing am,bing um,bingam,bingham england,bingham nottinghamshire,bingum
Bingley,,bing lay,bing lee,bing leigh,binglay,binglee,bingleigh,bingley bradford,bingley england
Binley Woods,,bin lay woods,bin lee woods,bin leigh woods,binlay woods,binlee woods,binleigh woods,binley woods england,binley woods warwickshire,binleywoods
Binsted,,binsted england,binsted hampshire
Birch Vale,,birch vale derbyshire,birch vale england,birchvale
Birchington,,birching tonne,birching tun,birchington england,birchington kent,birchingtonne,birchingtun
Birdham,,bird am,bird um,birdam,birdham england,birdham west sussex,birdum
Birdwell,,birdwell barnsley,birdwell england
Birkenhead,,birkenhead england,birkenhead wirral
Birmingham,,Brum,birming am,birming um,birmingam,birmingham england,birmingum
Birstall,,birstall england,birstall kirklees,birstall leicester
Birtley,,birt lay,birt lee,birt leigh,birtlay,birtlee,birtleigh,birtley england,birtley gateshead
Bisham,,bis am,bis um,bisam,bisham england,bisham windsor and maidenhead,bisum
Bishop Auckland,,bishop auckland durham,bishop auckland england,bishopauckland
Bishop Middleham,,bishop middle am,bishop middle um,bishop middleam,bishop middleham durham,bishop middleham england,bishop middleum,bishopmiddleham,middleham
Bishop Sutton,,bishop sut tonne,bishop sut tun,bishop sutton bath and north east somerset,bishop sutton england,bishop suttonne,bishop suttun,bishopsutton
Bishopbriggs,,bishopbriggs east dunbartonshire,bishopbriggs scotland
Bishops Cannings,,bishops cannings england,bishops cannings wiltshire,bishopscannings,cannings
Bishops Castle,,bishops castle england,bishops castle shropshire,bishopscastle
Bishops Cleeve,,bishops cleeve england,bishops cleeve gloucestershire,bishopscleeve,cleeve
Bishops Itchington,,bi,bishops itching tonne,bishops itching tun,bishops itchington england,bishops itchington warwickshire,bishops itchingtonne,bishops itchingtun,bishopsitchington
Bishops Lydeard,,bishops lydeard england,bishops lydeard somerset,bishopslydeard,lydeard
Bishops Stortford,,Stortford,bishops stortford england,bishops stortford hertfordshire,bishopsstortford
Bishops Tachbrook,,bishops tachbrook england,bishops tachbrook warwickshire,bishopstachbrook,tachbrook
Bishops Tawton,,bishops taw tonne,bishops taw tun,bishops tawton devon,bishops tawton england,bishops tawtonne,bishops tawtun,bishopstawton
Bishops Waltham,,bishops walt am,bishops walt um,bishops waltam,bishops waltham england,bishops waltham hampshire,bishops waltum,bishopswaltham
Bishopsteignton,,bishopsteign tonne,bishopsteign tun,bishopsteignton devon,bishopsteignton england,bishopsteigntonne,bishopsteigntun
Bishopstoke,,bishopstoke england,bishopstoke hampshire
Bishopston,,bishops tonne,bishops tun,bishopston swansea,bishopston wales,bishopstonne,bishopstun
Bishopthorpe,,bishopthorpe england,bishopthorpe york
Bishopton,,bishop tonne,bishop tun,bishopton renfrewshire,bishopton scotland,bishoptonne,bishoptun
Bishton,,bish tonne,bish tun,bishton newport,bishton wales,bishtonne,bishtun
Bisley,,bis lay,bis lee,bis leigh,bislay,bislee,bisleigh,bisley england,bisley gloucestershire,bisley surrey
Bispham,,bisp am,bisp um,bispam,bispham blackpool,bispham england,bispum
Bittaford,,bittaford devon,bittaford england
Bitton,,bit tonne,bit tun,bitton england,bitton south gloucestershire,bittonne,bittun
Blaby,,blaby england,blaby leicestershire
Black Notley,,black not lay,black not lee,black not leigh,black notlay,black notlee,black notleigh,black notley england,black notley essex,blacknotley
Blackburn,,blackburn aberdeenshire,blackburn england,blackburn scotland,blackburn west lothian
Blackburn with Darwen,,bwd
Blackfordby,,blackfordby derbyshire,blackfordby england
Blackhall Colliery,,blackhall colliery durham,blackhall colliery england,blackhallcolliery
Blackheath,,blackheath dudley,blackheath england
Blackmore,,blackmore england,blackmore essex
Blackpool,,blackpool england
Blackridge,,blackridge scotland,blackridge west lothian
Blackrod,,blackrod bolton,blackrod england
Blackwater,,blackwater england,blackwater hampshire
Blackwell,,blackwell derbyshire,blackwell england,blackwell worcestershire
Blackwood,,blackwood caerphilly,blackwood wales
Blaenau-Ffestiniog,,blaenau-ffestiniog gwynedd,blaenau-ffestiniog wales
Blaenavon,,blaenavon torfaen,blaenavon wales
Blaengawr,,blaengawr bridgend,blaengawr wales
Blaengwrach,,blaengwrach neath port talbot,blaengwrach wales
Blagdon,,blagdon england,blagdon north somerset
Blaina,,blaina blaenau gwent,blaina wales
Blairgowrie,,blairgowrie perth and kinross,blairgowrie scotland
Blakedown,,blakedown england,blakedown worcestershire
Blandford Forum,,blandford forum dorset,blandford forum england,blandfordforum,forum
Blanefield,,blanefield scotland,blanefield stirling
Blaxton,,blax tonne,blax tun,blaxton doncaster,blaxton england,blaxtonne,blaxtun
Blaydon,,blaydon england,blaydon gateshead
Bleadon,,bleadon england,bleadon north somerset
Blean,,blean england,blean kent
Bleddfa,,bleddfa powys,bleddfa wales
Bletchingley,,bletching lay,bletching lee,bletching leigh,bletchinglay,bletchinglee,bletchingleigh,bletchingley england,bletchingley surrey
Bletchley,,bletch lay,bletch lee,bletch leigh,bletchlay,bletchlee,bletchleigh,bletchley england,bletchley milton keynes
Blewbury,,blew berry,blew bree,blewberry,blewbree,blewbury england,blewbury oxfordshire
Blidworth,,blid werth,blid wuth,blidwerth,blidworth england,blidworth nottinghamshire,blidwuth
Blindley Heath,,blind lay heath,blind lee heath,blind leigh heath,blindlay heath,blindlee heath,blindleigh heath,blindley heath england,blindley heath surrey,blindleyheath
Blisworth,,blis werth,blis wuth,bliswerth,blisworth england,blisworth northamptonshire,bliswuth
Blockley,,block lay,block lee,block leigh,blocklay,blocklee,blockleigh,blockley england,blockley gloucestershire
Blofield,,blofield england,blofield norfolk
Bloxham,,blox am,blox um,bloxam,bloxham england,bloxham oxfordshire,bloxum
Bloxwich,,bloxwich england,bloxwich walsall
Blue Bell Hill,,bbh,blue bell hill england,blue bell hill kent,bluebellhill
Blundellsands,,blundellsands england,blundellsands sefton
Blundeston,,blundes tonne,blundes tun,blundeston england,blundeston suffolk,blundestonne,blundestun
Blunham,,blun am,blun um,blunam,blunham central bedfordshire,blunham england,blunum
Blunsdon Saint Andrew,,blunsdon saint andrew england,blunsdon saint andrew swindon,blunsdonsaintandrew,bsa
Bluntisham,,bluntis am,bluntis um,bluntisam,bluntisham cambridgeshire,bluntisham england,bluntisum
Blyth,,blyth england,blyth northumberland,blyth nottinghamshire
Blythebridge,,blythebridge england,blythebridge staffordshire
Bo'ness,,bo'ness falkirk,bo'ness scotland
Bobbing,,bobb en,bobb in,bobben,bobbin,bobbing england,bobbing kent
Boddam,,boddam aberdeenshire,boddam scotland
Boddicott,,boddicott england,boddicott oxfordshire
Bodedern,,bodedern isle of anglesey,bodedern wales
Bodelwyddan,,bodelwyddan denbighshire,bodelwyddan wales
Bodenham,,boden am,boden um,bodenam,bodenham england,bodenham herefordshire,bodenum
Bodmin,,bodmin cornwall,bodmin england
Bognor Regis,,bognor regis england,bognor regis west sussex,bognorregis
Boldre,,boldre england,boldre hampshire
Bolingey,,bolingey cornwall,bolingey england
Bollington,,bolling tonne,bolling tun,bollington cheshire east,bollington england,bollingtonne,bollingtun
Bolney,,bolney england,bolney west sussex
Bolsover,,bolsover derbyshire,bolsover england
Bolton,,bol tonne,bol tun,bolton england,boltonne,boltun
Bolton le Sands,,bls,bol tonne le sands,bol tun le sands,bolton le sands england,bolton le sands lancashire,boltonlesands,boltonne le sands,boltun le sands
Bolton upon Dearne,,bol tonne upon dearne,bol tun upon dearne,bolton upon dearne barnsley,bolton upon dearne england,boltonne upon dearne,boltonupondearne,boltun upon dearne,bud
Bomere Heath,,bomere heath england,bomere heath shropshire,bomereheath
Bonds,,bonds england,bonds lancashire
Bonhill,,bonhill scotland,bonhill west dunbartonshire
Bonnybridge,,bonnybridge falkirk,bonnybridge scotland
Bonnyrigg,,bonnyrigg midlothian,bonnyrigg scotland
Bontnewydd,,bontnewydd gwynedd,bontnewydd wales
Bookham,,book am,book um,bookam,bookham england,bookham surrey,bookum
Boosbeck,,boosbeck england,boosbeck redcar and cleveland
Bootle,,bootle england,bootle sefton
Borden,,borden england,borden kent
Bordon,,bordon england,bordon hampshire
Boreham,,bore am,bore um,boream,boreham england,boreham essex,boreum
Borehamwood,,Boram,Boramwood,borehamwood england,borehamwood hertfordshire
Borough Green,,borough green england,borough green kent,boroughgreen
Boroughbridge,,boroughbridge england,boroughbridge north yorkshire
Borrowash,,borrowash derbyshire,borrowash england
Borth,,borth ceredigion,borth wales
Boscombe,,"boscombe bournemouth, christchurch and poole",boscombe england
Bosham,,bos am,bos um,bosam,bosham england,bosham west sussex,bosum
Boston,,bos tonne,bos tun,boston england,boston lincolnshire,bostonne,bostun
Boston Spa,,bos tonne spa,bos tun spa,boston spa england,boston spa leeds,bostonne spa,bostonspa,bostun spa
Bothwell,,bothwell scotland,bothwell south lanarkshire
Botley,,bot lay,bot lee,bot leigh,botlay,botlee,botleigh,botley england,botley hampshire
Bottesford,,bottesford england,bottesford leicestershire,bottesford north lincolnshire
Bottisham,,bottis am,bottis um,bottisam,bottisham cambridgeshire,bottisham england,bottisum
Bottom Boat,,boat,bottom boat england,bottom boat leeds,bottomboat
Boughton,,bough tonne,bough tun,boughton england,boughton northamptonshire,boughtonne,boughtun
Boughton Aulph,,aulph,bough tonne aulph,bough tun aulph,boughton aulph england,boughton aulph kent,boughtonaulph,boughtonne aulph,boughtun aulph
Boughton Monchelsea,,bough tonne monchelsea,bough tun monchelsea,boughton monchelsea england,boughton monchelsea kent,boughtonmonchelsea,boughtonne monchelsea,boughtun monchelsea,monchelsea
Boultham,,boult am,boult um,boultam,boultham england,boultham lincolnshire,boultum
Bourne,,bourne england,bourne lincolnshire
Bourne End,,bourne end buckinghamshire,bourne end england,bourneend,burn end
Bournemouth,,burn muth,bourne mouff,bourne muth,bournemouff,bournemouth england,bournemuth,burn mouff,burnmouff,burnmuth
Bournmoor,,bournmoor england,bournmoor sunderland
Bournville,,bournville birmingham,bournville england
Bourton on the Water,,bour tonne on the water,bour tun on the water,bourton on the water england,bourton on the water gloucestershire,bourtonne on the water,bourtononthewater,bourtun on the water
Boverton,,bover tonne,bover tun,"boverton vale of glamorgan, the",boverton wales,bovertonne,bovertun
Bovey Tracey,,bovey tracey devon,bovey tracey england,boveytracey,tracey
Bovingdon,,bovingdon england,bovingdon hertfordshire
Bow,,bow devon,bow england
Bow Street,,bow street ceredigion,bow street wales,bowstreet
Bowdon,,bowdon england,bowdon trafford
Bowness-on-Solway,,bowness-on-solway cumbria,bowness-on-solway england
Bowness-on-Windermere,,bowness-on-windermere cumbria,bowness-on-windermere england
Box,,box england,box wiltshire
Box Hill,,box hill england,box hill surrey,boxhill
Boxgrove,,boxgrove england,boxgrove west sussex
Boxley,,box lay,box lee,box leigh,boxlay,boxlee,boxleigh,boxley england,boxley kent
Boxted,,boxted england,boxted essex
Bozeat,,bozeat england,bozeat northamptonshire
Brabourne,,brabourne england,brabourne kent
Bracebridge Heath,,bracebridge heath england,bracebridge heath lincolnshire,bracebridgeheath
Brackley,,brack lay,brack lee,brack leigh,bracklay,bracklee,brackleigh,brackley england,brackley northamptonshire
Bracknell,,Brack null,bracknell england
Bracknell Forest,,brack null forest
Bradfield,,bradfield england,bradfield essex,bradfield west berkshire
Bradford,,bradford england
Bradford-on-Avon,,bradford-on-avon england,bradford-on-avon wiltshire
Brading,,brad en,brad in,braden,bradin,brading england,brading isle of wight
Bradley,,brad lay,brad lee,brad leigh,bradlay,bradlee,bradleigh,bradley wales,bradley wrexham
Bradley Stoke,,brad lay stoke,brad lee stoke,brad leigh stoke,bradlay stoke,bradlee stoke,bradleigh stoke,bradley stoke england,bradley stoke south gloucestershire,bradleystoke
Bradninch,,bradninch devon,bradninch england
Bradpole,,bradpole dorset,bradpole england
Bradwell,,bradwell derbyshire,bradwell england,bradwell milton keynes,bradwell norfolk
Bradworthy,,bradworthy devon,bradworthy england
Brailsford,,brailsford derbyshire,brailsford england
Braintree,,braintree england,braintree essex
Braithwell,,braithwell doncaster,braithwell england
Bramcote,,bramcote england,bramcote nottinghamshire
Bramford,,bramford england,bramford suffolk
Bramhall,,bramhall england,bramhall stockport
Bramham,,bram am,bram um,bramam,bramham england,bramham leeds,bramum
Bramhope,,bramhope england,bramhope leeds
Bramley,,bram lay,bram lee,bram leigh,bramlay,bramlee,bramleigh,bramley england,bramley hampshire,bramley rotherham,bramley surrey
Brampton,,bramp tonne,bramp tun,brampton cambridgeshire,brampton cumbria,brampton england,bramptonne,bramptun
Brampton en le Morthen,,belm,bramp tonne en le morthen,bramp tun en le morthen,brampton en le morthen england,brampton en le morthen rotherham,bramptonenlemorthen,bramptonne en le morthen,bramptun en le morthen
Brandesburton,,brandesbur tonne,brandesbur tun,brandesburton east riding of yorkshire,brandesburton england,brandesburtonne,brandesburtun
Brandon,,brandon durham,brandon england,brandon suffolk
Bransgore,,bransgore england,bransgore hampshire
Branston,,brans tonne,brans tun,branston england,branston lincolnshire,branston staffordshire,branstonne,branstun
Brantham,,brant am,brant um,brantam,brantham england,brantham suffolk,brantum
Brasted,,brasted england,brasted kent
Bratton,,brat tonne,brat tun,bratton england,bratton wiltshire,brattonne,brattun
Bratton Fleming,,brat tonne fleming,brat tun fleming,bratton flem en,bratton flem in,bratton flemen,bratton flemin,bratton fleming devon,bratton fleming england,brattonfleming,brattonne fleming,brattun fleming
Braughing,,braugh en,braugh in,braughen,braughin,braughing england,braughing hertfordshire
Braunston,,brauns tonne,brauns tun,braunston england,braunston northamptonshire,braunstonne,braunstun
Braunstone,,braunstone england,braunstone leicestershire
Braunton,,braun tonne,braun tun,braunton devon,braunton england,brauntonne,brauntun
Bray,,bray england,bray windsor and maidenhead
Brayton,,bray tonne,bray tun,brayton england,brayton north yorkshire,braytonne,braytun
Breage,,breage cornwall,breage england
Bream,,bream england,bream gloucestershire
Brechin,,brechin angus,brechin scotland
Brecon,,brecon powys,brecon wales
Bredbury,,bred berry,bred bree,bredberry,bredbree,bredbury england,bredbury stockport
Brede,,brede east sussex,brede england
Bredon,,bredon england,bredon worcestershire
Brenchley,,brench lay,brench lee,brench leigh,brenchlay,brenchlee,brenchleigh,brenchley england,brenchley kent
Brent,,brent england
Brent Knoll,,bk,brent knoll england,brent knoll somerset,brentknoll,knoll
Brentford,,brentford england,brentford hounslow
Brentwood,,brentwood england,brentwood essex
Brereton cum Smethwick,,brere tonne cum smethwick,brere tun cum smethwick,brereton cum smethwick cheshire east,brereton cum smethwick england,breretoncumsmethwick,breretonne cum smethwick,breretun cum smethwick
Bretforton,,bretfor tonne,bretfor tun,bretforton england,bretforton worcestershire,bretfortonne,bretfortun
Brewood,,brewood england,brewood staffordshire
Bricket Wood,,bricket wood england,bricket wood hertfordshire,bricketwood
Bridge,,bridge england,bridge kent
Bridge of Allan,,allan,bridge of allan scotland,bridge of allan stirling,bridgeofallan
Bridge of Earn,,boe,bridge of earn perth and kinross,bridge of earn scotland,bridgeofearn
Bridge of Weir,,bridge of weir renfrewshire,bridge of weir scotland,bridgeofweir,weir
Bridgend,
Bridgnorth,,bridgnorth england,bridgnorth shropshire
Bridgwater,,Bridge wa'er,Bridge Water,bridgwater england,bridgwater somerset
Bridlington,,bridling tonne,bridling tun,bridlington east riding of yorkshire,bridlington england,bridlingtonne,bridlingtun
Bridport,,bridport dorset,bridport england
Brierfield,,brierfield england,brierfield lancashire
Brierley,,brier lay,brier lee,brier leigh,brierlay,brierlee,brierleigh,brierley barnsley,brierley england
Brierley Hill,,brier lay hill,brier lee hill,brier leigh hill,brierlay hill,brierlee hill,brierleigh hill,brierley hill dudley,brierley hill england,brierleyhill
Brigg,,brigg england,brigg north lincolnshire
Brigham,,brig am,brig um,brigam,brigham cumbria,brigham england,brigum
Brighouse,,brighouse calderdale,brighouse england
Brighstone,,brighstone england,brighstone isle of wight
Brightlingsea,,brightlingsea england,brightlingsea essex
Brighton,,brigh tonne,brigh tun,brighton england,brightonne,brightun
Brighton and Hove,,bah,brigh tonne and hove,brigh tun and hove,brightonne and hove,brightun and hove
Brightons,,brightons falkirk,brightons scotland
Brightwell-cum-Sotwell,,brightwell-cum-sotwell england,brightwell-cum-sotwell oxfordshire
Brigstock,,brigstock england,brigstock northamptonshire
Brill,,brill buckinghamshire,brill england
Brimington,,briming tonne,briming tun,brimington derbyshire,brimington england,brimingtonne,brimingtun
Brinklow,,brinklow england,brinklow warwickshire
Brinkworth,,brink werth,brink wuth,brinkwerth,brinkworth england,brinkworth wiltshire,brinkwuth
Brinscall,,brinscall england,brinscall lancashire
Brinsley,,brins lay,brins lee,brins leigh,brinslay,brinslee,brinsleigh,brinsley england,brinsley nottinghamshire
Brinsworth,,brins werth,brins wuth,brinswerth,brinsworth england,brinsworth rotherham,brinswuth
Brislington,,brisling tonne,brisling tun,"brislington bristol, city of",brislington england,brislingtonne,brislingtun
Bristol,,Bristle,Brizzle,bristol england
"Bristol, City of",,bco,bristle city of,brizzle city of
Briston,,bris tonne,bris tun,briston england,briston norfolk,bristonne,bristun
Briton Ferry,,bri tonne ferry,bri tun ferry,briton ferry neath port talbot,briton ferry wales,britonferry,britonne ferry,britun ferry
Brixham,,brix am,brix um,brixam,brixham devon,brixham england,brixum
Brixton,,brix tonne,brix tun,brixton devon,brixton england,brixton lambeth,brixtonne,brixtun
Brixworth,,brix werth,brix wuth,brixwerth,brixworth england,brixworth northamptonshire,brixwuth
Brize Norton,,brize nor tonne,brize nor tun,brize norton england,brize norton oxfordshire,brize nortonne,brize nortun,brizenorton
Broad Blunsdon,,blunsdon,broad blunsdon england,broad blunsdon swindon,broadblunsdon
Broad Clyst,,broad clyst devon,broad clyst england,broadclyst,clyst
Broad Haven,,broad haven pembrokeshire,broad haven wales,broadhaven
Broad Oak,,bo,broad oak east sussex,broad oak england,broadoak
Broadbridge Heath,,broadbridge heath england,broadbridge heath west sussex,broadbridgeheath
Broadmayne,,broadmayne dorset,broadmayne england
Broadstairs,,broadstairs england,broadstairs kent
Broadstone,,"broadstone bournemouth, christchurch and poole",broadstone england
Broadwater,,broadwater england,broadwater west sussex
Broadway,,broadway england,broadway worcestershire
Broadwindsor,,broadwindsor dorset,broadwindsor england
Brockenhurst,,brockenhurst england,brockenhurst hampshire
Brockholes,,brockholes england,brockholes kirklees
Brockworth,,brock werth,brock wuth,brockwerth,brockworth england,brockworth gloucestershire,brockwuth
Brodsworth,,brods werth,brods wuth,brodswerth,brodsworth doncaster,brodsworth england,brodswuth
Bromborough,,brom boro,brom bruh,bromboro,bromborough england,bromborough wirral,brombruh
Bromham,,brom am,brom um,bromam,bromham bedford,bromham england,bromum
Bromley,,Brom,brom lay,brom lee,brom leigh,bromlay,bromlee,bromleigh,bromley england
Brompton,,bromp tonne,bromp tun,brompton england,brompton north yorkshire,bromptonne,bromptun
Brompton-on-Swale,,bromp tonne on swale,bromp tun on swale,brompton-on-swale england,brompton-on-swale north yorkshire,bromptonne on swale,bromptun on swale
Bromsgrove,,bromsgrove england,bromsgrove worcestershire
Bromyard,,bromyard england,bromyard herefordshire
Brooke,,brooke england,brooke norfolk
Brookfield,,brookfield renfrewshire,brookfield scotland
Brookmans Park,,brookmans park england,brookmans park hertfordshire,brookmanspark
Brookwood,,brookwood england,brookwood surrey
Broomfield,,broomfield england,broomfield essex
Brora,,brora highland,brora scotland
Broseley,,brose lay,brose lee,brose leigh,broselay,broselee,broseleigh,broseley england,broseley shropshire
Brotton,,brot tonne,brot tun,brotton england,brotton redcar and cleveland,brottonne,brottun
Brough,,brough england,brough north lincolnshire
Broughshane,,broughshane mid and east antrim,broughshane northern ireland
Broughton,,brough tonne,brough tun,broughton england,broughton flintshire,broughton hampshire,broughton lancashire,broughton milton keynes,broughton north lincolnshire,broughton northamptonshire,broughton wales,broughtonne,broughtun
Broughton Astley,,brough tonne astley,brough tun astley,broughton ast lay,broughton ast lee,broughton ast leigh,broughton astlay,broughton astlee,broughton astleigh,broughton astley england,broughton astley leicestershire,broughtonastley,broughtonne astley,broughtun astley
Broughty Ferry,,broughty ferry dundee city,broughty ferry scotland,broughtyferry
Brown Edge,,brown edge england,brown edge staffordshire,brownedge
Brown Moss Side,,bms,brown moss side england,brown moss side lancashire,brownmossside
Brownhills,,brownhills england,brownhills walsall
Broxbourne,,broxbourne england,broxbourne essex
Broxburn,,broxburn scotland,broxburn west lothian
Brundall,,brundall england,brundall norfolk
Bruton,,bru tonne,bru tun,bruton england,bruton somerset,brutonne,brutun
Brymbo,,brymbo wales,brymbo wrexham
Bryn,,bryn carmarthenshire,bryn england,bryn wales,bryn wigan
Brynamman,,brynamman neath port talbot,brynamman wales
Brynmawr,,brynmawr blaenau gwent,brynmawr wales
Brynna,,brynna rhondda cynon taff,brynna wales
Brynsadler,,"brynsadler rhondda, cynon, taff",brynsadler wales
Bubwith,,bubwith east riding of yorkshire,bubwith england
Buckden,,buckden cambridgeshire,buckden england
Buckfastleigh,,buckfast lee,buckfast ley,buckfastlee,buckfastleigh devon,buckfastleigh england,buckfastley
Buckhaven,,buckhaven fife,buckhaven scotland
Buckhurst Hill,,buckhurst hill england,buckhurst hill essex,buckhursthill
Buckie,,buckie moray,buckie scotland
Buckingham,,bucking am,bucking um,buckingam,buckingham buckinghamshire,buckingham england,buckingum
Buckinghamshire,
Buckland Monachorum,,buckland monachorum devon,buckland monachorum england,bucklandmonachorum,monachorum
Bucklebury,,buckle berry,buckle bree,buckleberry,bucklebree,bucklebury england,bucklebury west berkshire
Buckley,,buck lay,buck lee,buck leigh,bucklay,bucklee,buckleigh,buckley flintshire,buckley wales
Bucksburn,,bucksburn aberdeen city,bucksburn scotland
Bude,,bude cornwall,bude england
Budleigh Salterton,,bud lee salterton,bud ley salterton,budlee salterton,budleigh salter tonne,budleigh salter tun,budleigh salterton devon,budleigh salterton england,budleigh saltertonne,budleigh saltertun,budleighsalterton,budley salterton,salterton
Budock Water,,budock water cornwall,budock water england,budockwater
Bugbrooke,,bugbrooke england,bugbrooke northamptonshire
Bugle,,bugle cornwall,bugle england
Builth Wells,,builth wells powys,builth wells wales,builthwells
Bulford,,bulford england,bulford wiltshire
Bulkington,,bulking tonne,bulking tun,bulkington england,bulkington warwickshire,bulkingtonne,bulkingtun
Bulphan,,bulphan england,bulphan thurrock
Bulwell,,bulwell england,bulwell nottingham
Bunbury,,bun berry,bun bree,bunberry,bunbree,bunbury cheshire east,bunbury england
Bungay,,bungay england,bungay suffolk
Buntingford,,buntingford england,buntingford hertfordshire
Bunwell,,bunwell england,bunwell norfolk
Burbage,,burbage england,burbage leicestershire,burbage wiltshire
Bures Saint Mary,,bsm,bures saint mary england,bures saint mary essex,buressaintmary
Burford,,burford england,burford oxfordshire
Burgess Hill,,berjess,Burg Hess Hill,burgess hill england,burgess hill west sussex,burgesshill
Burgh by Sands,,bbs,burgh by sands cumbria,burgh by sands england,burghbysands
Burgh Castle,,burgh castle england,burgh castle norfolk,burghcastle
Burgh le Marsh,,blm,burgh le marsh england,burgh le marsh lincolnshire,burghlemarsh
Burghclere,,burghclere england,burghclere hampshire
Burghead,,burghead moray,burghead scotland
Burghfield,,burghfield england,burghfield west berkshire
Burghill,,burghill england,burghill herefordshire
Burham,,bur am,bur um,buram,burham england,burham kent,burum
Burley,,bur lay,bur lee,bur leigh,burlay,burlee,burleigh,burley england,burley hampshire
Burley in Wharfedale,,biw,bur lay in wharfedale,bur lee in wharfedale,bur leigh in wharfedale,burlay in wharfedale,burlee in wharfedale,burleigh in wharfedale,burley in wharfedale bradford,burley in wharfedale england,burleyinwharfedale,wharfedale
Burnaston,,burnas tonne,burnas tun,burnaston derbyshire,burnaston england,burnastonne,burnastun
Burneside,,burneside cumbria,burneside england
Burnham,,burn am,burn um,burnam,burnham buckinghamshire,burnham england,burnum
Burnham on Crouch,,boc,burn am on crouch,burn um on crouch,burnam on crouch,burnham on crouch england,burnham on crouch essex,burnhamoncrouch,burnum on crouch,crouch
Burnham-on-Sea,,burn am on sea,burn um on sea,burnam on sea,burnham-on-sea england,burnham-on-sea somerset,burnum on sea
Burnhope,,burnhope durham,burnhope england
Burniston,,burnis tonne,burnis tun,burniston england,burniston north yorkshire,burnistonne,burnistun
Burnley,,burn lay,burn lee,burn leigh,burnlay,burnlee,burnleigh,burnley england,burnley lancashire
Burnopfield,,burnopfield durham,burnopfield england
Burntisland,,burntisland fife,burntisland scotland
Burntwood,,burntwood england,burntwood staffordshire
Burry Port,,burry port carmarthenshire,burry port wales,burryport
Burscough,,burscough england,burscough lancashire
Bursledon,,bursledon england,bursledon hampshire
Burslem,,burslem england,burslem stoke-on-trent
Burstow,,burstow england,burstow surrey
Burstwick,,burstwick east riding of yorkshire,burstwick england
Burton,,bur tonne,bur tun,burton cumbria,burton england,burton flintshire,burton pembrokeshire,burton wales,burtonne,burtun
Burton Joyce,,bj,bur tonne joyce,bur tun joyce,burton joyce england,burton joyce nottinghamshire,burtonjoyce,burtonne joyce,burtun joyce,joyce
Burton Latimer,,bur tonne latimer,bur tun latimer,burton latimer england,burton latimer northamptonshire,burtonlatimer,burtonne latimer,burtun latimer,latimer
Burton on the Wolds,,bur tonne on the wolds,bur tun on the wolds,burton on the wolds england,burton on the wolds leicestershire,burtonne on the wolds,burtononthewolds,burtun on the wolds,wolds
Burton upon Stather,,bur tonne upon stather,bur tun upon stather,burton upon stather england,burton upon stather north lincolnshire,burtonne upon stather,burtonuponstather,burtun upon stather,stather
Burton upon Trent,,bur tonne upon trent,bur tun upon trent,burton upon trent england,burton upon trent staffordshire,burtonne upon trent,burtonupontrent,burtun upon trent
Burtonwood,,burtonwood england,burtonwood warrington
Burwash,,burwash east sussex,burwash england
Burwell,,burwell cambridgeshire,burwell england
Bury,,bury cambridgeshire,bury england
Bury Saint Edmunds,,bse,bury saint edmunds england,bury saint edmunds suffolk,burysaintedmunds,edmunds
Busby,,busby scotland,busby south lanarkshire
Bushbury,,bush berry,bush bree,bushberry,bushbree,bushbury england,bushbury wolverhampton
Bushey,,bushey england,bushey hertfordshire
Butterwick,,butterwick england,butterwick lincolnshire
Buxted,,buxted east sussex,buxted england
Buxton,,bux tonne,bux tun,buxton derbyshire,buxton england,buxton norfolk,buxtonne,buxtun
Bwlch,,bwlch powys,bwlch wales
Bwlchgwyn,,bwlchgwyn wales,bwlchgwyn wrexham
Byfield,,byfield england,byfield northamptonshire
Byfleet,,byfleet england,byfleet surrey
Byram,,byram england,byram north yorkshire
Caddington,,cadding tonne,cadding tun,caddington central bedfordshire,caddington england,caddingtonne,caddingtun
Caerdydd,,Care Deed,Care Did,caerdydd cardiff,caerdydd wales
Caerfyrddin,,caerfyrddin carmarthenshire,caerfyrddin wales
Caergwrle,,caergwrle wales,caergwrle wrexham
Caerhun,,caerhun conwy,caerhun wales
Caerleon,,caerleon newport,caerleon wales
Caernarfon,,caernarfon gwynedd,caernarfon wales
Caerphilly,,caerphilly wales
Caersws,,caersws powys,caersws wales
Caerwent,,caerwent monmouthshire,caerwent wales
Caerwys,,caerwys flintshire,caerwys wales
Cairneyhill,,cairneyhill fife,cairneyhill scotland
Caister-on-Sea,,caister-on-sea england,caister-on-sea norfolk
Caistor,,caistor england,caistor lincolnshire
Calderbank,,calderbank north lanarkshire,calderbank scotland
Caldercruix,,caldercruix north lanarkshire,caldercruix scotland
Calderdale,
Caldicot,,caldicot monmouthshire,caldicot wales
Caldy,,caldy england,caldy wirral
Callander,,callander scotland,callander stirling
Callington,,calling tonne,calling tun,callington cornwall,callington england,callingtonne,callingtun
Callow End,,callow end england,callow end worcestershire,callowend
Calne,,calne england,calne wiltshire
Calstock,,calstock devon,calstock england
Calverley,,calver lay,calver lee,calver leigh,calverlay,calverlee,calverleigh,calverley england,calverley leeds
Calverton,,calver tonne,calver tun,calverton england,calverton nottinghamshire,calvertonne,calvertun
Cam,,cam england,cam gloucestershire
Camberley,,Cam Lay,Cam Lee,Camber Lay,Camberleigh,Cambley,camber lee,camber leigh,camberlay,camberlee,camberley england,camberley surrey
Camblesforth,,camblesforth england,camblesforth north yorkshire
Cambois,,cambois england,cambois northumberland
Camborne,,camborne cornwall,camborne england
Cambridge,,cambridge cambridgeshire,cambridge england
Cambridgeshire,
Cambusbarron,,cambusbarron scotland,cambusbarron stirling
Cambuslang,,cambuslang scotland,cambuslang south lanarkshire
Camden,,camden england
Camelford,,camelford cornwall,camelford england
Camlough,,"camlough newry, mourne and down",camlough northern ireland
Campbeltown,,campbeltown argyll and bute,campbeltown scotland
Campsall,,campsall doncaster,campsall england
Camrose,,camrose pembrokeshire,camrose wales
Canewdon,,canewdon england,canewdon essex
Canford Cliffs,,"canford cliffs bournemouth, christchurch and poole",canford cliffs england,canfordcliffs,cliffs
Canklow,,canklow england,canklow rotherham
Cannington,,canning tonne,canning tun,cannington england,cannington somerset,canningtonne,canningtun
Cannock,,cannock england,cannock staffordshire
Canterbury,,Cant Brie,Canter-bree,canter berry,canterberry,canterbree,canterbury england,canterbury kent
Cantley,,cant lay,cant lee,cant leigh,cantlay,cantlee,cantleigh,cantley doncaster,cantley england
Canvey Island,,canvey island england,canvey island essex,canveyisland,ci,island
Caol,,caol highland,caol scotland
Capel,,capel england,capel surrey
Capel Hendre,,capel hendre carmarthenshire,capel hendre wales,capelhendre,hendre
Capel Saint Mary,,capel saint mary england,capel saint mary suffolk,capelsaintmary
Capel-le-Ferne,,capel-le-ferne england,capel-le-ferne kent,clf
Carbis Bay,,carbis bay cornwall,carbis bay england,carbisbay
Carbrooke,,carbrooke england,carbrooke norfolk
Carcroft,,carcroft doncaster,carcroft england
Cardenden,,cardenden fife,cardenden scotland
Cardiff,
Cardigan,,cardigan ceredigion,cardigan wales
Cardross,,cardross argyll and bute,cardross scotland
Carew,,carew pembrokeshire,carew wales
Carey Park,,carey park cornwall,carey park england,careypark,cp
Carfin,,carfin north lanarkshire,carfin scotland
Carharrack,,carharrack cornwall,carharrack england
Carisbrooke,,carisbrooke england,carisbrooke isle of wight
Carleton,,carle tonne,carle tun,carleton blackpool,carleton england,carletonne,carletun
Carleton-in-Craven,,carle tonne in craven,carle tun in craven,carleton-in-craven england,carleton-in-craven north yorkshire,carletonne in craven,carletun in craven,cic
Carlin How,,carlin how england,carlin how redcar and cleveland,carlinhow
Carlisle,,carlisle cumbria,carlisle england
Carlton,,carl tonne,carl tun,carlton barnsley,carlton england,carlton north yorkshire,carlton nottinghamshire,carltonne,carltun
Carlton Colville,,carl tonne colville,carl tun colville,carlton colville england,carlton colville suffolk,carltoncolville,carltonne colville,carltun colville,colville
Carlton in Lindrick,,carl tonne in lindrick,carl tun in lindrick,carlton in lindrick england,carlton in lindrick rotherham,carltoninlindrick,carltonne in lindrick,carltun in lindrick,cil,lindrick
Carlton Miniott,,carl tonne miniott,carl tun miniott,carlton miniott england,carlton miniott north yorkshire,carltonminiott,carltonne miniott,carltun miniott,miniott
Carluke,,carluke scotland,carluke south lanarkshire
Carlyon Bay,,carlyon bay cornwall,carlyon bay england,carlyonbay
Carmarthenshire,
Carmunnock,,carmunnock east renfrewshire,carmunnock scotland
Carnforth,,carnforth england,carnforth lancashire
Carnlough,,carnlough mid and east antrim,carnlough northern ireland
Carnoustie,,carnoustie angus,carnoustie scotland
Carnwath,,carnwath scotland,carnwath south lanarkshire
Carrickfergus,,carrickfergus mid and east antrim,carrickfergus northern ireland
Carron,,carron falkirk,carron scotland
Carronshore,,carronshore falkirk,carronshore scotland
Carryduff,,carryduff lisburn and castlereagh,carryduff northern ireland
Carshalton,,Car Shalton,Cars Halton,carshal tonne,carshal tun,carshalton england,carshalton sutton,carshaltonne,carshaltun
Carterton,,carter tonne,carter tun,carterton england,carterton oxfordshire,cartertonne,cartertun
Carway,,carway carmarthenshire,carway wales
Castle Bromwich,,castle bromwich birmingham,castle bromwich england,castlebromwich
Castle Cary,,cary,castle cary england,castle cary somerset,castlecary
Castle Donnington,,castle donning tonne,castle donning tun,castle donnington england,castle donnington leicestershire,castle donningtonne,castle donningtun,castledonnington
Castle Douglas,,castle douglas dumfries and galloway,castle douglas scotland,castledouglas
Castle Hedingham,,castle heding am,castle heding um,castle hedingam,castle hedingham england,castle hedingham essex,castle hedingum,castlehedingham
Castledawson,,castledawson mid-ulster,castledawson northern ireland
Castlederg,,castlederg derry and strabane,castlederg northern ireland
Castleford,,castleford england,castleford wakefield
Castlerock,,castlerock causeway coast and glens,castlerock northern ireland
Castleside,,castleside durham,castleside england
Castlethorpe,,castlethorpe england,castlethorpe milton keynes
Castleton,,castle tonne,castle tun,castleton england,castleton rochdale,castletonne,castletun
Castlewellan,,"castlewellan newry, mourne and down",castlewellan northern ireland
Caterham,,cater am,cater um,cateram,caterham england,caterham surrey,caterum
Catford,,catford england,catford lewisham
Caton,,caton england,caton lancashire
Catrine,,catrine east ayrshire,catrine scotland
Catshill,,catshill england,catshill worcestershire
Catterall,,catterall england,catterall lancashire
Catterick,,catterick england,catterick north yorkshire
Cavendish,,cavendish england,cavendish suffolk
Caversham,,cavers am,cavers um,caversam,caversham england,caversham reading,caversum
Caverswall,,caverswall england,caverswall staffordshire
Cawood,,cawood england,cawood north yorkshire
Cawston,,caws tonne,caws tun,cawston england,cawston norfolk,cawston warwickshire,cawstonne,cawstun
Cawthorne,,cawthorne barnsley,cawthorne england
Caynham,,cayn am,cayn um,caynam,caynham england,caynham shropshire,caynum
Caythorpe,,caythorpe england,caythorpe lincolnshire
Cayton,,cay tonne,cay tun,cayton england,cayton north yorkshire,caytonne,caytun
Cefn Cribwr,,cefn cribwr bridgend,cefn cribwr wales,cefncribwr,cribwr
Cemaes Bay,,cemaes bay isle of anglesey,cemaes bay wales,cemaesbay
Cemmaes Road,,cemmaes road powys,cemmaes road wales,cemmaesroad
Central Bedfordshire,
Chacewater,,chacewater cornwall,chacewater england
Chadderton,,chadder tonne,chadder tun,chadderton england,chadderton oldham,chaddertonne,chaddertun
Chaddesden,,chaddesden derby,chaddesden england
Chaddesley Corbett,,chaddes lay corbett,chaddes lee corbett,chaddes leigh corbett,chaddeslay corbett,chaddeslee corbett,chaddesleigh corbett,chaddesley corbett england,chaddesley corbett worcestershire,chaddesleycorbett,corbett
Chadwell St Mary,,chadwell st mary england,chadwell st mary thurrock,chadwellstmary
Chagford,,chagford devon,chagford england
Chailey,,chai lay,chai lee,chai leigh,chailay,chailee,chaileigh,chailey east sussex,chailey england
Chalfont Saint Giles,,chalfont saint giles buckinghamshire,chalfont saint giles england,chalfontsaintgiles,csg
Chalfont Saint Peter,,chalfont saint peter buckinghamshire,chalfont saint peter england,chalfontsaintpeter,csp,peter
Chalford,,chalford england,chalford gloucestershire
Chalgrove,,chalgrove england,chalgrove oxfordshire
Challock,,challock england,challock kent
Chambercombe,,chambercombe devon,chambercombe england
Chandlers Ford,,chandlers ford england,chandlers ford hampshire,chandlersford
Chapel en le Frith,,celf,chapel en le frith derbyshire,chapel en le frith england,chapelenlefrith,frith
Chapel Saint Leonards,,chapel saint leonards england,chapel saint leonards lincolnshire,chapelsaintleonards,csl
Chapelhall,,chapelhall north lanarkshire,chapelhall scotland
Chapeltown,,chapeltown england,chapeltown sheffield
Chard,,chard england,chard somerset
Charfield,,charfield england,charfield south gloucestershire
Charing,,cha en,cha in,chaen,chain,char en,char in,charen,charin,charing england,charing kent
Charlbury,,charl berry,charl bree,charlberry,charlbree,charlbury england,charlbury oxfordshire
Charlesworth,,charles werth,charles wuth,charleswerth,charlesworth derbyshire,charlesworth england,charleswuth
Charlton,,charl tonne,charl tun,charlton england,charlton wiltshire,charltonne,charltun
Charlton Kings,,charl tonne kings,charl tun kings,charlton kings england,charlton kings gloucestershire,charltonkings,charltonne kings,charltun kings,kings
Charlton Mackrell,,charl tonne mackrell,charl tun mackrell,charlton mackrell england,charlton mackrell somerset,charltonmackrell,charltonne mackrell,charltun mackrell,mackrell
Charlton Marshall,,charl tonne marshall,charl tun marshall,charlton marshall dorset,charlton marshall england,charltonmarshall,charltonne marshall,charltun marshall
Charlwood,,charlwood england,charlwood surrey
Charminster,,charminster dorset,charminster england
Charmouth,,char mouff,char muth,charmouff,charmouth dorset,charmouth england,charmuth
Charnock Richard,,charnock richard england,charnock richard lancashire,charnockrichard,richard
Chartham,,chart am,chart um,chartam,chartham england,chartham kent,chartum
Charvil,,charvil england,charvil wokingham
Chasetown,,chasetown england,chasetown staffordshire
Chatburn,,chatburn england,chatburn lancashire
Chatham,,Cha'um,Chat 'em,chat am,chat um,chatam,chatham england,chatham medway,chatum
Chattenden,,chattenden england,chattenden medway
Chatteris,,chatteris cambridgeshire,chatteris england
Cheadle,,cheadle england,cheadle staffordshire,cheadle stockport
Cheadle Hulme,,cheadle hulme england,cheadle hulme stockport,cheadlehulme,hulme
Cheam,,cheam england,cheam sutton
Checkley,,check lay,check lee,check leigh,checklay,checklee,checkleigh,checkley england,checkley staffordshire
Cheddar,,cheddar england,cheddar somerset
Cheddington,,chedding tonne,chedding tun,cheddington buckinghamshire,cheddington england,cheddingtonne,cheddingtun
Cheddleton,,cheddle tonne,cheddle tun,cheddleton england,cheddleton staffordshire,cheddletonne,cheddletun
Chedgrave,,chedgrave england,chedgrave norfolk
Chelford,,chelford cheshire east,chelford england
Chellaston,,chellas tonne,chellas tun,chellaston derbyshire,chellaston england,chellastonne,chellastun
Chelmondiston,,chelmondis tonne,chelmondis tun,chelmondiston england,chelmondiston suffolk,chelmondistonne,chelmondistun
Chelmsford,,chelmsford england,chelmsford essex
Chelsfield,,chelsfield bromley,chelsfield england
Cheltenham,,chelten am,chelten um,cheltenam,cheltenham england,cheltenham gloucestershire,cheltenum
Chepstow,,chepstow monmouthshire,chepstow wales
Cherry Burton,,cherry bur tonne,cherry bur tun,cherry burton east riding of yorkshire,cherry burton england,cherry burtonne,cherry burtun,cherryburton
Cherry Hinton,,cherry hin tonne,cherry hin tun,cherry hinton cambridgeshire,cherry hinton england,cherry hintonne,cherry hintun,cherryhinton
Cherry Willingham,,cherry willing am,cherry willing um,cherry willingam,cherry willingham england,cherry willingham lincolnshire,cherry willingum,cherrywillingham
Chertsey,,chertsey england,chertsey surrey
Chesham,,ches am,ches um,chesam,chesham buckinghamshire,chesham england,chesum
Cheshire East,
Cheshire West and Chester,,cwac
Cheshunt,,Ches hunt,Chesh hunt,cheshunt england,cheshunt hertfordshire
Chester,,chester cheshire west and chester,chester england
Chester-le-Street,,chester-le-street durham,chester-le-street england,cls
Chesterfield,,chesterfield derbyshire,chesterfield england
Chestfield,,chestfield england,chestfield kent
Cheswardine,,cheswardine england,cheswardine shropshire
Cheswick Green,,cheswick green england,cheswick green solihull,cheswickgreen
Cheveley,,cheve lay,cheve lee,cheve leigh,chevelay,chevelee,cheveleigh,cheveley cambridgeshire,cheveley england
Chew Magna,,chew magna bath and north east somerset,chew magna england,chewmagna
Chew Stoke,,chew stoke bath and north east somerset,chew stoke england,chewstoke
Chichester,,Chi,chichester england,chichester west sussex
Chickerell,,chickerell dorset,chickerell england
Chicksands,,chicksands central bedfordshire,chicksands england
Chiddingfold,,chiddingfold england,chiddingfold surrey
Chiddingly,,chiddingly east sussex,chiddingly england
Chiddingstone,,chiddingstone england,chiddingstone kent
Chieveley,,chieve lay,chieve lee,chieve leigh,chievelay,chievelee,chieveleigh,chieveley england,chieveley west berkshire
Chigwell,,chigwell england,chigwell essex
Chigwell Row,,chigwell row england,chigwell row essex,chigwellrow
Chilbolton,,chilbol tonne,chilbol tun,chilbolton england,chilbolton hampshire,chilboltonne,chilboltun
Chilcompton,,chilcomp tonne,chilcomp tun,chilcompton england,chilcompton somerset,chilcomptonne,chilcomptun
Child Okeford,,child okeford dorset,child okeford england,childokeford,okeford
Childwall,,childwall england,childwall liverpool
Chilham,,chil am,chil um,chilam,chilham england,chilham kent,chilum
Chillaton,,chilla tonne,chilla tun,chillaton devon,chillaton england,chillatonne,chillatun
Chillington,,chilling tonne,chilling tun,chillington devon,chillington england,chillingtonne,chillingtun
Chiltern Green,,chiltern green central bedfordshire,chiltern green england,chilterngreen
Chilton,,chil tonne,chil tun,chilton england,chilton oxfordshire,chiltonne,chiltun
Chilwell,,chilwell england,chilwell nottinghamshire
Chilworth,,chil werth,chil wuth,chilwerth,chilworth england,chilworth hampshire,chilworth surrey,chilwuth
Chingford,,chingford england,chingford waltham forest
Chinley,,chin lay,chin lee,chin leigh,chinlay,chinlee,chinleigh,chinley derbyshire,chinley england
Chinnor,,chinnor england,chinnor oxfordshire
Chippenham,,Chip num,Chip Numb,Chippin' 'em,chippen am,chippen um,chippenam,chippenham england,chippenham wiltshire,chippenum
Chipperfield,,chipperfield england,chipperfield hertfordshire
Chipping,,chipp en,chipp in,chippen,chippin,chipping england,chipping lancashire
Chipping Campden,,campden,chipp en campden,chipp in campden,chippen campden,chippin campden,chipping campden england,chipping campden gloucestershire,chippingcampden
Chipping Norton,,chipp en norton,chipp in norton,chippen norton,chippin norton,chipping nor tonne,chipping nor tun,chipping norton england,chipping norton oxfordshire,chipping nortonne,chipping nortun,chippingnorton
Chipping Ongar,,chipp en ongar,chipp in ongar,chippen ongar,chippin ongar,chipping ongar england,chipping ongar essex,chippingongar
Chipping Sodbury,,chipp en sodbury,chipp in sodbury,chippen sodbury,chippin sodbury,chipping sod berry,chipping sod bree,chipping sodberry,chipping sodbree,chipping sodbury england,chipping sodbury south gloucestershire,chippingsodbury,sodbury
Chipstead,,chipstead england,chipstead surrey
Chirk,,chirk wales,chirk wrexham
Chirnside,,chirnside scotland,chirnside scottish borders
Chisledon,,chisledon england,chisledon swindon
Chislehurst,,chislehurst bromley,chislehurst england
Chobham,,chob am,chob um,chobam,chobham england,chobham surrey,chobum
Cholsey,,cholsey england,cholsey oxfordshire
Choppington,,chopping tonne,chopping tun,choppington england,choppington northumberland,choppingtonne,choppingtun
Chorley,,chor lay,chor lee,chor leigh,chorlay,chorlee,chorleigh,chorley england,chorley lancashire
Chorleywood,,chorleywood england,chorleywood hertfordshire
Christchurch,,christchurch dorset,christchurch england
Christleton,,christle tonne,christle tun,christleton cheshire west and chester,christleton england,christletonne,christletun
Chryston,,chrys tonne,chrys tun,chryston north lanarkshire,chryston scotland,chrystonne,chrystun
Chudleigh,,chud lee,chud ley,chudlee,chudleigh devon,chudleigh england,chudley
Chudleigh Knighton,,chud lee knighton,chud ley knighton,chudlee knighton,chudleigh knigh tonne,chudleigh knigh tun,chudleigh knighton devon,chudleigh knighton england,chudleigh knightonne,chudleigh knightun,chudleighknighton,chudley knighton
Chulmleigh,,chulm lee,chulm ley,chulmlee,chulmleigh devon,chulmleigh england,chulmley
Church,,church england,church lancashire
Church Fenton,,church fen tonne,church fen tun,church fenton england,church fenton north yorkshire,church fentonne,church fentun,churchfenton
Church Gresley,,church gres lay,church gres lee,church gres leigh,church greslay,church greslee,church gresleigh,church gresley derbyshire,church gresley england,churchgresley,gresley
Church Leigh,,church lay,church leigh england,church leigh staffordshire,churchleigh,cl
Church Stoke,,church stoke powys,church stoke wales,churchstoke
Church Stretton,,church stret tonne,church stret tun,church stretton england,church stretton shropshire,church strettonne,church strettun,churchstretton
Church Village,,"church village rhondda, cynon, taff",church village wales,churchvillage
Church Warsop,,church warsop england,church warsop nottinghamshire,churchwarsop
Churchdown,,churchdown england,churchdown gloucestershire
Churchill,,churchill england,churchill north somerset
Churt,,churt england,churt surrey
Cilcain,,cilcain flintshire,cilcain wales
Cilgerran,,cilgerran pembrokeshire,cilgerran wales
Cilybebyll,,cilybebyll neath port talbot,cilybebyll wales
Cinderford,,cinderford england,cinderford gloucestershire
Cirencester,,cirencester england,cirencester gloucestershire
Clackmannan,,clackmannan clackmannanshire,clackmannan scotland
Clacton-on-Sea,,Clacton,clac tonne on sea,clac tun on sea,clacton-on-sea england,clacton-on-sea essex,clactonne on sea,clactun on sea
Claines,,claines england,claines worcestershire
Clanfield,,clanfield england,clanfield hampshire
Clapham,,clap am,clap um,clapam,clapham bedford,clapham england,clapum
Clarborough,,clar boro,clar bruh,clarboro,clarborough england,clarborough nottinghamshire,clarbruh
Clare,,clare england,clare suffolk
Clarkston,,clarks tonne,clarks tun,clarkston east renfrewshire,clarkston scotland,clarkstonne,clarkstun
Claudy,,claudy derry and strabane,claudy northern ireland
Claverdon,,claverdon england,claverdon warwickshire
Clavering,,clave en,clave in,claveen,clavein,claver en,claver in,claveren,claverin,clavering england,clavering essex
Claverley,,claver lay,claver lee,claver leigh,claverlay,claverlee,claverleigh,claverley england,claverley shropshire
Clay Cross,,clay cross derbyshire,clay cross england,claycross
Claydon,,claydon england,claydon suffolk
Claygate,,claygate england,claygate surrey
Clayhanger,,clayhanger england,clayhanger walsall
Claypole,,claypole england,claypole lincolnshire
Clayton,,clay tonne,clay tun,clayton bradford,clayton england,claytonne,claytun
Clayton le Moors,,clay tonne le moors,clay tun le moors,clayton le moors england,clayton le moors lancashire,claytonlemoors,claytonne le moors,claytun le moors,clm
Clayton West,,clay tonne west,clay tun west,clayton west england,clayton west kirklees,claytonne west,claytonwest,claytun west,west
Cleadon,,cleadon england,cleadon south tyneside
Cleator Moor,,cleator moor cumbria,cleator moor england,cleatormoor
Cleckheaton,,cleckhea tonne,cleckhea tun,cleckheaton england,cleckheaton kirklees,cleckheatonne,cleckheatun
Cleehill,,cleehill england,cleehill shropshire
Cleethorpes,,cleet horps,cleeth horps,cleethorpes england,cleethorpes north east lincolnshire
Clehonger,,clehonger england,clehonger herefordshire
Cleland,,cleland north lanarkshire,cleland scotland
Clenchwarton,,clenchwar tonne,clenchwar tun,clenchwarton england,clenchwarton norfolk,clenchwartonne,clenchwartun
Clent,,clent england,clent worcestershire
Cleobury Mortimer,,cleo berry mortimer,cleo bree mortimer,cleoberry mortimer,cleobree mortimer,cleobury mortimer england,cleobury mortimer shropshire,cleoburymortimer
Clevedon,,clevedon england,clevedon north somerset
Cleveleys,,cleveleys blackpool,cleveleys england
Cliffe,,cliffe england,cliffe medway
Cliffe Woods,,cliffe woods england,cliffe woods kent,cliffewoods
Cliffsend,,cliffsend england,cliffsend kent
Clifton,,clif tonne,clif tun,clifton bury,clifton central bedfordshire,clifton england,clifton lancashire,clifton nottingham,cliftonne,cliftun
Clifton upon Dunsmore,,clif tonne upon dunsmore,clif tun upon dunsmore,clifton upon dunsmore england,clifton upon dunsmore warwickshire,cliftonne upon dunsmore,cliftonupondunsmore,cliftun upon dunsmore,cud
Cliftonville,,cliftonville england,cliftonville kent
Clipstone,,clipstone england,clipstone nottinghamshire
Clitheroe,,clitheroe england,clitheroe lancashire
Clogh Mills,,clogh mills causeway coast and glens,clogh mills northern ireland,cloghmills
Cloghy,,cloghy ards and north down,cloghy northern ireland
Clophill,,clophill central bedfordshire,clophill england
Clowne,,clowne derbyshire,clowne england
Clutton,,clut tonne,clut tun,clutton bath and north east somerset,clutton england,cluttonne,cluttun
Clwt-y-bont,,clwt-y-bont gwynedd,clwt-y-bont wales
Clydach,,clydach swansea,clydach wales
Clydach Vale,,clydach vale rhondda cynon taff,clydach vale wales,clydachvale
Clydebank,,clydebank scotland,clydebank west dunbartonshire
Coalburn,,coalburn scotland,coalburn south lanarkshire
Coalsnaughton,,coalsnaugh tonne,coalsnaugh tun,coalsnaughton clackmannanshire,coalsnaughton scotland,coalsnaughtonne,coalsnaughtun
Coaltown of Balgonie,,balgonie,coaltown of balgonie fife,coaltown of balgonie scotland,coaltownofbalgonie,cob
Coalville,,coalville england,coalville leicestershire
Coatbridge,,coatbridge north lanarkshire,coatbridge scotland
Cobham,,cob am,cob um,cobam,cobham england,cobham kent,cobham surrey,cobum
Cockenzie,,cockenzie east lothian,cockenzie scotland
Cockermouth,,cocker mouff,cocker muth,cockermouff,cockermouth cumbria,cockermouth england,cockermuth
Cockfield,,cockfield durham,cockfield england
Coddington,,codding tonne,codding tun,coddington england,coddington nottinghamshire,coddingtonne,coddingtun
Codicote,,codicote england,codicote hertfordshire
Codnor,,codnor derbyshire,codnor england
Codsall,,codsall england,codsall staffordshire
Coedpoeth,,coedpoeth wales,coedpoeth wrexham
Cofton Hackett,,cof tonne hackett,cof tun hackett,cofton hackett england,cofton hackett worcestershire,coftonhackett,coftonne hackett,coftun hackett,hackett
Cogenhoe,,cogenhoe england,cogenhoe northamptonshire
Coggeshall,,coggeshall england,coggeshall essex
Coity,,coity bridgend,coity wales
Colchester,,colchester england,colchester essex
Cold Ash,,cold ash england,cold ash west berkshire,coldash
Cold Norton,,cold nor tonne,cold nor tun,cold norton england,cold norton essex,cold nortonne,cold nortun,coldnorton
Colden Common,,colden common england,colden common hampshire,coldencommon
Coldstream,,coldstream scotland,coldstream scottish borders
Cole,,cole england,cole somerset
Coleford,,coleford england,coleford gloucestershire,coleford somerset
Coleorton,,coleor tonne,coleor tun,coleorton england,coleorton leicestershire,coleortonne,coleortun
Coleraine,,coleraine causeway coast and glens,coleraine northern ireland
Colerne,,colerne england,colerne wiltshire
Coleshill,,coleshill england,coleshill warwickshire
Collingham,,colling am,colling um,collingam,collingham england,collingham leeds,collingum
Collingtree,,collingtree england,collingtree northamptonshire
Colnbrook,,colnbrook england,colnbrook slough
Colne,,colne england,colne lancashire
Colney Heath,,colney heath england,colney heath hertfordshire,colneyheath
Colsterworth,,colster werth,colster wuth,colsterwerth,colsterworth england,colsterworth lincolnshire,colsterwuth
Coltishall,,coltishall england,coltishall norfolk
Colwall,,colwall england,colwall herefordshire
Colwell,,colwell england,colwell northumberland
Colwich,,colwich england,colwich staffordshire
Colwick,,colwick england,colwick nottinghamshire
Colwyn Bay,,colwyn bay conwy,colwyn bay wales,colwynbay
Colyton,,coly tonne,coly tun,colyton devon,colyton england,colytonne,colytun
Combe Martin,,combe martin devon,combe martin england,combemartin
Combe Saint Nicholas,,combe saint nicholas england,combe saint nicholas somerset,combesaintnicholas,csn
Comber,,comber ards and north down,comber northern ireland
Comberton,,comber tonne,comber tun,comberton cambridgeshire,comberton england,combertonne,combertun
Combwich,,combwich england,combwich somerset
Compton,,comp tonne,comp tun,compton england,compton surrey,compton west berkshire,comptonne,comptun
Comrie,,comrie perth and kinross,comrie scotland
Condover,,condover england,condover shropshire
Congleton,,congle tonne,congle tun,congleton cheshire east,congleton england,congletonne,congletun
Congresbury,,congres berry,congres bree,congresberry,congresbree,congresbury england,congresbury north somerset
Coningsby,,coningsby england,coningsby lincolnshire
Conisbrough,,conisbrough doncaster,conisbrough england
Connahs Quay,,connahs quay flintshire,connahs quay wales,connahsquay,cq
Connor Downs,,connor downs cornwall,connor downs england,connordowns
Conon Bridge,,conon bridge highland,conon bridge scotland,cononbridge
Cononley,,conon lay,conon lee,conon leigh,cononlay,cononlee,cononleigh,cononley england,cononley north yorkshire
Consett,,consett durham,consett england
Constantine,,constantine cornwall,constantine england
Conwy,,conwy wales
Cookham,,cook am,cook um,cookam,cookham england,cookham windsor and maidenhead,cookum
Cookstown,,cookstown mid-ulster,cookstown northern ireland
Coopersale,,coopersale england,coopersale essex
Copford,,copford england,copford essex
Copmanthorpe,,copmanthorpe england,copmanthorpe york
Copplestone,,copplestone devon,copplestone england
Coppull,,coppull england,coppull lancashire
Copthorne,,copthorne england,copthorne surrey
Corbridge,,corbridge england,corbridge northumberland
Corby,,corby england,corby northamptonshire
Corby Glen,,corby glen england,corby glen lincolnshire,corbyglen
Corfe Castle,,corfe castle dorset,corfe castle england,corfecastle
Corfe Mullen,,corfe mullen dorset,corfe mullen england,corfemullen,mullen
Cornsay,,cornsay durham,cornsay england
Cornwood,,cornwood devon,cornwood england
Corsham,,cors am,cors um,corsam,corsham england,corsham wiltshire,corsum
Corton,,cor tonne,cor tun,corton england,corton suffolk,cortonne,cortun
Corwen,,corwen denbighshire,corwen wales
Cosby,,cosby england,cosby leicestershire
Coseley,,cose lay,cose lee,cose leigh,coselay,coselee,coseleigh,coseley dudley,coseley england
Cosham,,cos am,cos um,cosam,cosham england,cosham portsmouth,cosum
Costessey,,costessey england,costessey norfolk
Cotgrave,,cotgrave england,cotgrave nottinghamshire
Cottenham,,cotten am,cotten um,cottenam,cottenham cambridgeshire,cottenham england,cottenum
Cottesmore,,cottesmore england,cottesmore rutland
Cottingham,,cotting am,cotting um,cottingam,cottingham england,"cottingham kingston upon hull, city of",cottingum
Cotton End,,cot tonne end,cot tun end,cotton end bedford,cotton end england,cottonend,cottonne end,cottun end
Coulsdon,,Cools Dun,coulsdon croydon,coulsdon england
Coundon,,coundon durham,coundon england
Countesthorpe,,countesthorpe england,countesthorpe leicestershire
Coupar Angus,,angus,coupar angus perth and kinross,coupar angus scotland,couparangus
Coupe Green,,coupe green england,coupe green lancashire,coupegreen
Cove,,cove england,cove hampshire
Cove Bay,,cove bay aberdeenshire,cove bay scotland,covebay
Coven,,coven england,coven staffordshire
Coventry,,coventry england
Cow Honeybourne,,cow honeybourne england,cow honeybourne worcestershire,cowhoneybourne
Cowbit,,cowbit england,cowbit lincolnshire
Cowbridge,,"cowbridge vale of glamorgan, the",cowbridge wales
Cowdenbeath,,cowdenbeath fife,cowdenbeath scotland
Cowes,,cowes england,cowes isle of wight
Cowfold,,cowfold england,cowfold west sussex
Cowie,,cowie scotland,cowie stirling
Cowley,,cow lay,cow lee,cow leigh,cowlay,cowlee,cowleigh,cowley england,cowley hillingdon,cowley oxfordshire
Cowling,,cowl en,cowl in,cowlen,cowlin,cowling england,cowling north yorkshire
Cowpen,,cowpen england,cowpen northumberland
Coxheath,,coxheath england,coxheath kent
Coxhoe,,coxhoe durham,coxhoe england
Coylton,,coyl tonne,coyl tun,coylton scotland,coylton south ayrshire,coyltonne,coyltun
Cradley,,crad lay,crad lee,crad leigh,cradlay,cradlee,cradleigh,cradley dudley,cradley england
Craghead,,craghead durham,craghead england
Crail,,crail fife,crail scotland
Cramlington,,cramling tonne,cramling tun,cramlington england,cramlington northumberland,cramlingtonne,cramlingtun
Cramond,,"cramond edinburgh, city of",cramond scotland
Cranbourne,,cranbourne england,cranbourne royal borough of windsor and maidenhead
Cranbrook,,cranbrook england,cranbrook kent
Cranfield,,cranfield central bedfordshire,cranfield england
Cranleigh,,cran lee,cran ley,cranlee,cranleigh england,cranleigh surrey,cranley
Cranswick,,cranswick east riding of yorkshire,cranswick england
Cranwell,,cranwell england,cranwell lincolnshire
Craven Arms,,arms,craven arms england,craven arms shropshire,cravenarms
Crawley,,Crawleigh,craw lay,craw lee,craw leigh,crawlay,crawlee,crawley england,crawley west sussex
Crawley Down,,craw lay down,craw lee down,craw leigh down,crawlay down,crawlee down,crawleigh down,crawley down england,crawley down west sussex,crawleydown
Crayford,,crayford england,crayford kent
Crays Hill,,crays hill england,crays hill essex,crayshill
Credenhill,,credenhill england,credenhill herefordshire
Crediton,,credi tonne,credi tun,crediton devon,crediton england,creditonne,creditun
Creech Saint Michael,,creech saint michael england,creech saint michael somerset,creechsaintmichael,michael
Creigiau,,"creigiau rhondda, cynon, taff",creigiau wales
Cressing,,cress en,cress in,cressen,cressin,cressing england,cressing essex
Cresswell,,cresswell england,cresswell staffordshire
Creswell,,creswell derbyshire,creswell england
Crewe,,Crew,crewe cheshire east,crewe england
Crewkerne,,crewkerne england,crewkerne somerset
Criccieth,,criccieth gwynedd,criccieth wales
Crich,,crich derbyshire,crich england
Crick,,crick england,crick northamptonshire
Crickhowell,,crickhowell powys,crickhowell wales
Cricklade,,cricklade england,cricklade wiltshire
Crieff,,crieff perth and kinross,crieff scotland
Crigglestone,,crigglestone england,crigglestone wakefield
Cringleford,,cringleford england,cringleford norfolk
Crockenhill,,crockenhill bromley,crockenhill england
Croeserw,,croeserw neath port talbot,croeserw wales
Croft,,croft england,croft leicestershire,croft warrington
Crofton,,crof tonne,crof tun,crofton england,crofton wakefield,croftonne,croftun
Crofty,,crofty swansea,crofty wales
Cromer,,cromer england,cromer norfolk
Cromford,,cromford derbyshire,cromford england
Cromhall,,cromhall england,cromhall south gloucestershire
Crondall,,crondall england,crondall hampshire
Cronton,,cron tonne,cron tun,cronton england,cronton knowsley,crontonne,crontun
Crook,,crook durham,crook england
Crooklands,,crooklands cumbria,crooklands england
Cropwell Bishop,,cropwell bishop england,cropwell bishop nottinghamshire,cropwellbishop
Crosby,,crosby england,crosby sefton
Cross Gates,,cross gates england,cross gates leeds,gates
Cross Hills,,cross hills england,cross hills north yorkshire,crosshills,hills
Cross Houses,,cross houses england,cross houses shropshire,crosshouses
Crosscanonby,,crosscanonby cumbria,crosscanonby england
Crossford,,crossford fife,crossford scotland
Crossgar,,"crossgar newry, mourne and down",crossgar northern ireland
Crossgates,,crossgates fife,crossgates scotland
Crosshouse,,crosshouse east ayrshire,crosshouse scotland
Crosskeys,,crosskeys caerphilly,crosskeys wales
Crossmaglen,,"crossmaglen newry, mourne and down",crossmaglen northern ireland
Crossways,,crossways dorset,crossways england
Croston,,cros tonne,cros tun,croston england,croston lancashire,crostonne,crostun
Crowan,,crowan cornwall,crowan england
Crowborough,,crow boro,crow bruh,crowboro,crowborough east sussex,crowborough england,crowbruh
Crowland,,crowland england,crowland lincolnshire
Crowle,,crowle england,crowle north lincolnshire,crowle worcestershire
Crowmarsh Gifford,,crowmarsh gifford england,crowmarsh gifford oxfordshire,crowmarshgifford
Crowthorne,,crowthorne bracknell forest,crowthorne england
Croxley Green,,crox lay green,crox lee green,crox leigh green,croxlay green,croxlee green,croxleigh green,croxley green england,croxley green hertfordshire,croxleygreen
Croydon,,croydon england
Crudwell,,crudwell england,crudwell wiltshire
Crumlin,,crumlin antrim and newtownabbey,crumlin caerphilly,crumlin northern ireland,crumlin wales
Crymych,,crymych pembrokeshire,crymych wales
Crynant,,crynant neath port talbot,crynant wales
Cubbington,,cubbing tonne,cubbing tun,cubbington england,cubbington warwickshire,cubbingtonne,cubbingtun
Cubert,,cubert cornwall,cubert england
Cuckfield,,cuckfield england,cuckfield west sussex
Cuddington,,cudding tonne,cudding tun,cuddington cheshire west and chester,cuddington england,cuddingtonne,cuddingtun
Cudworth,,cud werth,cud wuth,cudwerth,cudworth barnsley,cudworth england,cudwuth
Cuffley,,cuff lay,cuff lee,cuff leigh,cufflay,cufflee,cuffleigh,cuffley england,cuffley hertfordshire
Culbokie,,culbokie highland,culbokie scotland
Culcheth,,culcheth england,culcheth warrington
Culford,,culford england,culford suffolk
Cullen,,cullen moray,cullen scotland
Cullercoats,,cullercoats england,cullercoats north tyneside
Cullingworth,,culling werth,culling wuth,cullingwerth,cullingworth bradford,cullingworth england,cullingwuth
Culloden,,culloden highland,culloden scotland
Cullompton,,cullomp tonne,cullomp tun,cullompton devon,cullompton england,cullomptonne,cullomptun
Cullybackey,,cullybackey mid and east antrim,cullybackey northern ireland
Culross,,culross fife,culross scotland
Cults,,cults aberdeen city,cults scotland
Cumbernauld,,cumbernauld north lanarkshire,cumbernauld scotland
Cumbria,
Cummersdale,,cummersdale cumbria,cummersdale england
Cumnock,,cumnock east ayrshire,cumnock scotland
Cumnor,,cumnor england,cumnor oxfordshire
Cupar,,cupar fife,cupar scotland
Curdridge,,curdridge england,curdridge hampshire
Curdworth,,curd werth,curd wuth,curdwerth,curdworth england,curdworth warwickshire,curdwuth
Currie,,"currie edinburgh, city of",currie scotland
Curry Rivel,,curry rivel england,curry rivel somerset,curryrivel,rivel
Cushendall,,cushendall causeway coast and glens,cushendall northern ireland
Cuxton,,cux tonne,cux tun,cuxton england,cuxton medway,cuxtonne,cuxtun
Cwm,,cwm blaenau gwent,cwm wales
Cwmafan,,cwmafan neath port talbot,cwmafan wales
Cwmbach,,cwmbach rhondda cynon taff,cwmbach wales
Cwmbran,,cwmbran torfaen,cwmbran wales
Cymmer,,cymmer neath port talbot,cymmer wales
Cynwyl Elfed,,cynwyl elfed carmarthenshire,cynwyl elfed wales,cynwylelfed,elfed
Dacre,,dacre cumbria,dacre england
Dagenham,,Dag num,Dag Numb,dagen am,dagen um,dagenam,dagenham barking and dagenham,dagenham england,dagenum
Dalbeattie,,dalbeattie dumfries and galloway,dalbeattie scotland
Dale Abbey,,dale abbey derbyshire,dale abbey england,daleabbey
Dalkeith,,dalkeith midlothian,dalkeith scotland
Dalmellington,,dalmelling tonne,dalmelling tun,dalmellington east ayrshire,dalmellington scotland,dalmellingtonne,dalmellingtun
Dalry,,dalry north ayrshire,dalry scotland
Dalrymple,,dalrymple scotland,dalrymple south ayrshire
Dalston,,dals tonne,dals tun,dalston cumbria,dalston england,dalstonne,dalstun
Dalton in Furness,,dal tonne in furness,dal tun in furness,dalton in furness cumbria,dalton in furness england,daltoninfurness,daltonne in furness,daltun in furness,dif
Dalton le Dale,,dal tonne le dale,dal tun le dale,dalton le dale durham,dalton le dale england,daltonledale,daltonne le dale,daltun le dale,dld
Danbury,,dan berry,dan bree,danberry,danbree,danbury england,danbury essex
Danderhall,,danderhall edinburgh,danderhall scotland
Dane End,,dane end england,dane end hertfordshire,daneend,de
Darenth,,darenth england,darenth kent
Darfield,,darfield barnsley,darfield england
Darlaston,,darlas tonne,darlas tun,darlaston england,darlaston walsall,darlastonne,darlastun
Darley,,dar lay,dar lee,dar leigh,darlay,darlee,darleigh,darley england,darley north yorkshire
Darley Dale,,dar lay dale,dar lee dale,dar leigh dale,darlay dale,darlee dale,darleigh dale,darley dale derbyshire,darley dale england,darleydale
Darlington,,darling tonne,darling tun,darlington england,darlingtonne,darlingtun
Darrington,,darring tonne,darring tun,darrington england,darrington wakefield,darringtonne,darringtun
Dartford,,dartford england,dartford kent
Dartmouth,,dart mouff,dart muth,dartmouff,dartmouth devon,dartmouth england,dartmuth
Darton,,dar tonne,dar tun,darton barnsley,darton england,dartonne,dartun
Darvel,,darvel east ayrshire,darvel scotland
Darwen,,darwen blackburn with darwen,darwen england
Datchet,,datchet england,datchet windsor and maidenhead
Datchworth,,datch werth,datch wuth,datchwerth,datchworth england,datchworth hertfordshire,datchwuth
Davenham,,daven am,daven um,davenam,davenham cheshire west and chester,davenham england,davenum
Daventry,,daventry england,daventry northamptonshire
Davyhulme,,davyhulme england,davyhulme trafford
Dawley,,daw lay,daw lee,daw leigh,dawlay,dawlee,dawleigh,dawley england,dawley telford and wrekin
Dawlish,,dawlish devon,dawlish england
Dawlish Warren,,dawlish warren england,dawlishwarren,dw,warren
Deal,,Dee-al,deal england,deal kent
Dean,,dean cumbria,dean england
Deanshanger,,deanshanger england,deanshanger milton keynes
Dearham,,dear am,dear um,dearam,dearham cumbria,dearham england,dearum
Debenham,,deben am,deben um,debenam,debenham england,debenham suffolk,debenum
Deddington,,dedding tonne,dedding tun,deddington england,deddington oxfordshire,deddingtonne,deddingtun
Dedham,,ded am,ded um,dedam,dedham england,dedham essex,dedum
Deepcar,,deepcar england,deepcar sheffield
Deepcut,,deepcut england,deepcut surrey
Deeping Saint James,,deep en saint james,deep in saint james,deepen saint james,deepin saint james,deeping saint james england,deeping saint james lincolnshire,deepingsaintjames,dsj
Deeping Saint Nicholas,,deep en saint nicholas,deep in saint nicholas,deepen saint nicholas,deepin saint nicholas,deeping saint nicholas england,deeping saint nicholas lincolnshire,deepingsaintnicholas,dsn
Deganwy,,deganwy conwy,deganwy wales
Delabole,,delabole cornwall,delabole england
Delph,,delph england,delph oldham
Denaby Main,,denaby main doncaster,denaby main england,denabymain,main
Denbigh,,denbigh denbighshire,denbigh wales
Denbighshire,
Denby,,denby derbyshire,denby england
Denby Bottles,,bottles,denby bottles derbyshire,denby bottles england,denbybottles
Denby Dale,,denby dale england,denby dale kirklees,denbydale
Denham,,den am,den um,denam,denham buckinghamshire,denham england,denum
Denholme,,denholme bradford,denholme england
Denmead,,denmead england,denmead hampshire
Denny,,denny falkirk,denny scotland
Dennyloanhead,,dennyloanhead falkirk,dennyloanhead scotland
Denshaw,,denshaw england,denshaw oldham
Denstone,,denstone england,denstone staffordshire
Denton,,den tonne,den tun,denton england,denton tameside,dentonne,dentun
Derby,,Darby,derby england
Derbyshire,
Deri,,deri caerphilly,deri wales
Derrington,,derring tonne,derring tun,derrington england,derrington staffordshire,derringtonne,derringtun
Derry,,derry northern ireland
Derry and Strabane,,das
Dersingham,,dersing am,dersing um,dersingam,dersingham england,dersingham norfolk,dersingum
Desborough,,des boro,des bruh,desboro,desborough england,desborough northamptonshire,desbruh
Desford,,desford england,desford leicestershire
Devizes,,devizes england,devizes wiltshire
Devon,
Dewsbury,,dews berry,dews bree,dewsberry,dewsbree,dewsbury england,dewsbury kirklees
Deysbrook,,deysbrook england,deysbrook liverpool
Dickens Heath,,dickens heath birmingham,dickens heath england,dickensheath
Dickleburgh,,dickleburgh england,dickleburgh norfolk
Didcot,,didcot england,didcot oxfordshire
Digswell,,digswell england,digswell hertfordshire
Dilton Marsh,,dil tonne marsh,dil tun marsh,dilton marsh england,dilton marsh wiltshire,diltonmarsh,diltonne marsh,diltun marsh
Dinas Powys,,"dinas powys vale of glamorgan, the",dinas powys wales,dinaspowys,dp,powys
Dingle,,dingle england,dingle liverpool
Dingwall,,dingwall highland,dingwall scotland
Dinnington,,dinning tonne,dinning tun,dinnington england,dinnington newcastle upon tyne,dinnington rotherham,dinningtonne,dinningtun
Dipton,,dip tonne,dip tun,dipton durham,dipton england,diptonne,diptun
Disley,,dis lay,dis lee,dis leigh,dislay,dislee,disleigh,disley england,disley stockport
Diss,,diss england,diss norfolk
Distington,,disting tonne,disting tun,distington cumbria,distington england,distingtonne,distingtun
Ditchingham,,ditching am,ditching um,ditchingam,ditchingham england,ditchingham norfolk,ditchingum
Ditchling,,ditchl en,ditchl in,ditchlen,ditchlin,ditchling east sussex,ditchling england
Doagh,,doagh antrim and newtownabbey,doagh northern ireland
Dobcross,,dobcross england,dobcross oldham
Dobwalls,,dobwalls cornwall,dobwalls england
Docking,,dock en,dock in,docken,dockin,docking england,docking norfolk
Doddinghurst,,doddinghurst england,doddinghurst essex
Doddington,,dodding tonne,dodding tun,doddington cambridgeshire,doddington england,doddingtonne,doddingtun
Dodleston,,dodles tonne,dodles tun,dodleston cheshire west and chester,dodleston england,dodlestonne,dodlestun
Dodworth,,dod werth,dod wuth,dodwerth,dodworth barnsley,dodworth england,dodwuth
Dolbenmaen,,dolbenmaen gwynedd,dolbenmaen wales
Dolgellau,,dolgellau gwynedd,dolgellau wales
Dollar,,dollar clackmannanshire,dollar scotland
Dollis Hill,,dollis hill brent,dollis hill england,dollishill
Donaghadee,,donaghadee ards and north down,donaghadee northern ireland
Donaghcloney,,"donaghcloney armagh city, banbridge and craigavon",donaghcloney northern ireland
Doncaster,,doncaster england
Donhead Saint Mary,,donhead saint mary england,donhead saint mary wiltshire,donheadsaintmary,dsm
Donington,,doning tonne,doning tun,donington england,donington lincolnshire,doningtonne,doningtun
Donisthorpe,,donisthorpe england,donisthorpe leicestershire
Donnington,,donning tonne,donning tun,donnington england,donnington west sussex,donningtonne,donningtun
Dorchester,,dorchester dorset,dorchester england
Dore,,dore england,dore sheffield
Dorking,,dok en,dok in,doken,dokin,dokk en,dokk in,dokken,dokkin,dork en,dork in,dorken,dorkin,dorking england,dorking surrey
Dormans Land,,dl,dormans land england,dormans land surrey,dormansland,land
Dornoch,,dornoch highland,dornoch scotland
Dorridge,,dorridge england,dorridge solihull
Dorset,
Douglas,,douglas scotland,douglas south lanarkshire
Doune,,doune scotland,doune stirling
Dousland,,dousland devon,dousland england
Dover,,dover england,dover kent
Doveridge,,doveridge derbyshire,doveridge england
Dowlais,,dowlais merthyr tydfil,dowlais wales
Downderry,,downderry england
Downham Market,,down am market,down um market,downam market,downham market england,downham market norfolk,downhammarket,downum market
Downley,,down lay,down lee,down leigh,downlay,downlee,downleigh,downley buckinghamshire,downley england
Downpatrick,,"downpatrick newry, mourne and down",downpatrick northern ireland
Downside,,downside england,downside surrey
Downton,,down tonne,down tun,downton england,downton herefordshire,downton wiltshire,downtonne,downtun
Drakes Broughton,,drakes brough tonne,drakes brough tun,drakes broughton england,drakes broughton worcestershire,drakes broughtonne,drakes broughtun,drakesbroughton
Draperstown,,draperstown mid-ulster,draperstown northern ireland
Draycott,,draycott derbyshire,draycott england,draycott somerset
Draycott in the Moors,,ditm,draycott in the moors england,draycott in the moors staffordshire,draycottinthemoors
Drayton,,dray tonne,dray tun,drayton england,drayton norfolk,drayton oxfordshire,draytonne,draytun
Drayton Bassett,,dray tonne bassett,dray tun bassett,drayton bassett england,drayton bassett staffordshire,draytonbassett,draytonne bassett,draytun bassett
Dreghorn,,dreghorn north ayrshire,dreghorn scotland
Drighlington,,drighling tonne,drighling tun,drighlington england,drighlington leeds,drighlingtonne,drighlingtun
Droitwich,,droitwich england,droitwich worcestershire
Dromara,,dromara lisburn and castlereagh,dromara northern ireland
Dromore,,"dromore armagh city, banbridge and craigavon",dromore northern ireland
Dronfield,,dronfield derbyshire,dronfield england
Drongan,,drongan east ayrshire,drongan scotland
Droylsden,,droylsden england,droylsden tameside
Drumnadrochit,,drumnadrochit highland,drumnadrochit scotland
Drumoak,,drumoak aberdeen,drumoak scotland
Drybrook,,drybrook england,drybrook gloucestershire
Ducklington,,duckling tonne,duckling tun,ducklington england,ducklington oxfordshire,ducklingtonne,ducklingtun
Duckmanton,,duckman tonne,duckman tun,duckmanton derbyshire,duckmanton england,duckmantonne,duckmantun
Dudleston Heath,,dudles tonne heath,dudles tun heath,dudleston heath england,dudleston heath shropshire,dudlestonheath,dudlestonne heath,dudlestun heath
Dudley,,dud lay,dud lee,dud leigh,dudlay,dudlee,dudleigh,dudley england,dudley north tyneside
Duffield,,duffield derbyshire,duffield england
Dufftown,,dufftown moray,dufftown scotland
Dukinfield,,dukinfield england,dukinfield tameside
Dulverton,,dulver tonne,dulver tun,dulverton england,dulverton somerset,dulvertonne,dulvertun
Dumbarton,,dumbar tonne,dumbar tun,dumbarton scotland,dumbarton west dunbartonshire,dumbartonne,dumbartun
Dumfries,,dumfries scotland
Dumfries and Galloway,,dag
Dummer,,dummer england,dummer hampshire
Dunbar,,dunbar east lothian,dunbar scotland
Dunblane,,dunblane scotland,dunblane stirling
Dunchurch,,dunchurch england,dunchurch warwickshire
Dundee,,dundee scotland
Dundee City,
Dundonald,,dundonald scotland,dundonald south ayrshire
Dunfermline,,dunfermline fife,dunfermline scotland
Dungannon,,dungannon mid-ulster,dungannon northern ireland
Dungiven,,dungiven causeway coast and glens,dungiven northern ireland
Dunholme,,dunholme england,dunholme lincolnshire
Dunipace,,dunipace falkirk,dunipace scotland
Dunkeswell,,dunkeswell devon,dunkeswell england
Dunkirk,,dunkirk england,dunkirk kent
Dunlop,,dunlop east ayrshire,dunlop scotland
Dunloy,,dunloy causeway coast and glens,dunloy northern ireland
Dunnington,,dunning tonne,dunning tun,dunnington east riding of yorkshire,dunnington england,dunningtonne,dunningtun
Dunoon,,dunoon argyll and bute,dunoon scotland
Duns,,duns scotland,duns scottish borders
Dunsfold,,dunsfold england,dunsfold surrey
Dunstable,,dunstable central bedfordshire,dunstable england
Duntocher,,duntocher scotland,duntocher west dunbartonshire
Dunton,,dun tonne,dun tun,dunton central bedfordshire,dunton england,duntonne,duntun
Dunton Green,,dg,dun tonne green,dun tun green,dunton green england,dunton green kent,duntongreen,duntonne green,duntun green
Dunvant,,dunvant swansea,dunvant wales
Durham,,dur am,dur um,duram,durham england,durum
Durley,,dur lay,dur lee,dur leigh,durlay,durlee,durleigh,durley england,durley hampshire
Durrington,,durring tonne,durring tun,durrington england,durrington wiltshire,durringtonne,durringtun
Dursley,,durs lay,durs lee,durs leigh,durslay,durslee,dursleigh,dursley england,dursley gloucestershire
Duxford,,duxford cambridgeshire,duxford england
Dwygyfylchi,,dwygyfylchi conwy,dwygyfylchi wales
Dyce,,dyce aberdeen city,dyce scotland
Dyffryn Ardudwy,,ardudwy,dyffryn ardudwy gwynedd,dyffryn ardudwy wales,dyffrynardudwy
Dyffryn Cellwen,,cellwen,dyffryn cellwen powys,dyffryn cellwen wales,dyffryncellwen
Dymchurch,,dymchurch england,dymchurch kent
Dymock,,dymock england,dymock gloucestershire
Dyserth,,dyserth denbighshire,dyserth wales
Eaglesham,,eagles am,eagles um,eaglesam,eaglesham east renfrewshire,eaglesham scotland,eaglesum
Ealand,,ealand england,ealand north lincolnshire
Ealing,,eal en,eal in,ealen,ealin,ealing england
Earby,,earby england,earby lancashire
Earith,,earith cambridgeshire,earith england
Earl Shilton,,earl shil tonne,earl shil tun,earl shilton england,earl shilton leicestershire,earl shiltonne,earl shiltun,earlshilton,shilton
Earlestown,,earlestown england,earlestown st. helens
Earley,,Ear-lee,Early,Eer-lee,ear lay,ear leigh,earlay,earlee,earleigh,earley england,earley wokingham
Earls Barton,,earls bar tonne,earls bar tun,earls barton england,earls barton northamptonshire,earls bartonne,earls bartun,earlsbarton
Earls Colne,,earls colne england,earls colne essex,earlscolne
Earlston,,earls tonne,earls tun,earlston scotland,earlston scottish borders,earlstonne,earlstun
Earlswood,,earlswood england,earlswood surrey
Easebourne,,easebourne england,easebourne west sussex
Easington,,easing tonne,easing tun,easington durham,easington england,easingtonne,easingtun
Easingwold,,easingwold england,easingwold north yorkshire
East Ayrshire,,ea
East Barnet,,east barnet barnet,east barnet england,eastbarnet
East Bergholt,,east bergholt england,east bergholt suffolk,eastbergholt
East Brent,,east brent england,east brent somerset,eastbrent
East Bridgford,,east bridgford england,east bridgford nottinghamshire,eastbridgford
East Calder,,east calder scotland,east calder west lothian,eastcalder
East Challow,,challow,east challow england,east challow oxfordshire,eastchallow
East Cowes,,east cowes england,east cowes isle of wight,eastcowes
East Dean and Friston,,east dean and fris tonne,east dean and fris tun,east dean and friston east sussex,east dean and friston england,east dean and fristonne,east dean and fristun,eastdeanandfriston,edaf,friston
East Dereham,,dereham,east dere am,east dere um,east deream,east dereham england,east dereham norfolk,east dereum,eastdereham,ed
East Farleigh,,east far lee,east far ley,east farlee,east farleigh england,east farleigh kent,east farley,eastfarleigh,farleigh
East Finchley,,east finch lay,east finch lee,east finch leigh,east finchlay,east finchlee,east finchleigh,east finchley barnet,east finchley england,eastfinchley
East Goscote,,east goscote england,east goscote leicestershire,eastgoscote,goscote
East Grinstead,,East Grinst Did,Grinstead,east grinstead england,east grinstead west sussex,eastgrinstead
East Hagbourne,,east hagbourne england,east hagbourne oxfordshire,easthagbourne,hagbourne
East Ham,,East Am,East'um,east ham england,east ham newham
East Hanney,,east hanney england,east hanney oxfordshire,easthanney,hanney
East Hanningfield,,east hanningfield england,east hanningfield essex,easthanningfield
East Harling,,east hal en,east hal in,east halen,east halin,east hall en,east hall in,east hallen,east hallin,east harl en,east harl in,east harlen,east harlin,east harling england,east harling norfolk,eastharling,harling
East Horsley,,east hors lay,east hors lee,east hors leigh,east horslay,east horslee,east horsleigh,east horsley england,east horsley surrey,easthorsley
East Huntspill,,east huntspill england,east huntspill somerset,easthuntspill,huntspill
East Keswick,,east keswick england,east keswick leeds,eastkeswick
East Kilbride,,east kilbride scotland,east kilbride south lanarkshire,eastkilbride
East Leake,,east leake england,east leake nottinghamshire,eastleake
East Linton,,east lin tonne,east lin tun,east linton east lothian,east linton scotland,east lintonne,east lintun,eastlinton
East Markham,,east mark am,east mark um,east markam,east markham england,east markham nottinghamshire,east markum,eastmarkham
East Marton,,east mar tonne,east mar tun,east marton england,east marton north yorkshire,east martonne,east martun,eastmarton
East Meon,,east meon england,east meon hampshire,eastmeon,meon
East Peckham,,east peck am,east peck um,east peckam,east peckham england,east peckham kent,east peckum,eastpeckham,peckham
East Preston,,east pres tonne,east pres tun,east preston england,east preston west sussex,east prestonne,east prestun,eastpreston
East Rainton,,east rain tonne,east rain tun,east rainton england,east rainton sunderland,east raintonne,east raintun,eastrainton
East Renfrewshire,
East Retford,,east retford england,east retford nottinghamshire,eastretford
East Riding of Yorkshire,,east rid en of yorkshire,east rid in of yorkshire,east riden of yorkshire,east ridin of yorkshire,eroy
East Sussex,
East Tilbury,,east til berry,east til bree,east tilberry,east tilbree,east tilbury england,east tilbury thurrock,easttilbury,et
East Wemyss,,east wemyss fife,east wemyss scotland,eastwemyss,wemyss
East Whitburn,,east whitburn scotland,east whitburn west lothian,eastwhitburn
East Williamston,,east williams tonne,east williams tun,east williamston pembrokeshire,east williamston wales,east williamstonne,east williamstun,eastwilliamston,williamston
East Wittering,,east witte en,east witte in,east witteen,east wittein,east witter en,east witter in,east witteren,east witterin,east wittering england,east wittering west sussex,eastwittering
East Woodhay,,east woodhay england,east woodhay hampshire,eastwoodhay,woodhay
Eastbourne,,East Bon,East Burn,eastbourne east sussex,eastbourne england
Eastchurch,,eastchurch england,eastchurch kent
Eastdean,,eastdean east sussex,eastdean england
Eastergate,,eastergate england,eastergate west sussex
Eastham,,east um,eastam,eastham england,eastham liverpool,eastum
Eastington,,easting tonne,easting tun,eastington england,eastington gloucestershire,eastingtonne,eastingtun
Eastleigh,,east lee,east ley,eastlee,eastleigh england,eastleigh hampshire,eastley
Easton,,eas tonne,eas tun,easton england,easton norfolk,eastonne,eastun
Easton on the Hill,,eas tonne on the hill,eas tun on the hill,easton on the hill england,easton on the hill rutland,eastonne on the hill,eastononthehill,eastun on the hill,eoth
Easton-in-Gordano,,eas tonne in gordano,eas tun in gordano,easton-in-gordano england,easton-in-gordano north somerset,eastonne in gordano,eastun in gordano,eig
Eastriggs,,eastriggs dumfries and galloway,eastriggs scotland
Eastrington,,eastring tonne,eastring tun,eastrington east riding of yorkshire,eastrington england,eastringtonne,eastringtun
Eastry,,eastry england,eastry kent
Eastwood,,eastwood england,eastwood nottinghamshire
Eatington,,eating tonne,eating tun,eatington england,eatington warwickshire,eatingtonne,eatingtun
Eaton Bray,,eaton bray central bedfordshire,eaton bray england,eatonbray
Eaton Socon,,eaton socon cambridgeshire,eaton socon england,eatonsocon,socon
Ebbw Vale,,ebbw vale blaenau gwent,ebbw vale wales,ebbwvale,ev
Ebchester,,ebchester durham,ebchester england
Eccles,,eccles england,eccles kent,eccles salford
Ecclesall,,ecclesall england,ecclesall sheffield
Ecclesfield,,ecclesfield england,ecclesfield sheffield
Eccleshall,,eccleshall england,eccleshall staffordshire
Eccleston,,eccles tonne,eccles tun,eccleston england,eccleston lancashire,eccleston st. helens,ecclestonne,ecclestun
Eckington,,ecking tonne,ecking tun,eckington derbyshire,eckington england,eckington worcestershire,eckingtonne,eckingtun
Edenbridge,,edenbridge england,edenbridge kent
Edenfield,,edenfield bury,edenfield england
Edgmond,,edgmond england,edgmond telford and wrekin
Edgware,,edgware barnet,edgware england
Edgworth,,edg werth,edg wuth,edgwerth,edgworth blackburn with darwen,edgworth england,edgwuth
Edinburgh,,edinbruh,edinburgh scotland
Edith Weston,,edith wes tonne,edith wes tun,edith weston england,edith weston rutland,edith westonne,edith westun,edithweston
Edlesborough,,edles boro,edles bruh,edlesboro,edlesborough buckinghamshire,edlesborough england,edlesbruh
Edmonton,,edmon tonne,edmon tun,edmonton enfield,edmonton england,edmontonne,edmontun
Edwalton,,edwal tonne,edwal tun,edwalton england,edwalton nottinghamshire,edwaltonne,edwaltun
Edwinstowe,,edwinstowe england,edwinstowe nottinghamshire
Efail Isaf,,"efail isaf rhondda, cynon, taff",efail isaf wales,efailisaf,ei,isaf
Effingham,,effing am,effing um,effingam,effingham england,effingham surrey,effingum
Egerton,,eger tonne,eger tun,egerton england,egerton kent,egertonne,egertun
Egg Buckland,,egg buckland england,egg buckland plymouth,eggbuckland
Eggborough,,egg boro,egg bruh,eggboro,eggborough england,eggborough north yorkshire,eggbruh
Egglescliffe,,egglescliffe england,egglescliffe stockton-on-tees
Egham,,egham england,egham surrey
Eglinton,,eglin tonne,eglin tun,eglinton derry and strabane,eglinton northern ireland,eglintonne,eglintun
Eglwys-Brewis,,"eglwys-brewis vale of glamorgan, the",eglwys-brewis wales
Egremont,,egremont cumbria,egremont england
Elderslie,,elderslie renfrewshire,elderslie scotland
Elgin,,elgin moray,elgin scotland
Elham,,elham england,elham kent
Elland,,elland calderdale,elland england
Ellesmere,,ellesmere england,ellesmere shropshire
Ellesmere Port,,Ells Mere,ellesmere port cheshire west and chester,ellesmere port england,ellesmereport
Ellington,,elling tonne,elling tun,ellington england,ellington northumberland,ellingtonne,ellingtun
Ellistown,,ellistown england,ellistown leicestershire
Ellon,,ellon aberdeenshire,ellon scotland
Elm,,elm cambridgeshire,elm england
Elmstead Market,,elmstead market england,elmstead market essex,elmsteadmarket
Elmswell,,elmswell england,elmswell suffolk
Elmton,,elm tonne,elm tun,elmton derbyshire,elmton england,elmtonne,elmtun
Elsecar,,elsecar england,elsecar rotherham
Elsenham,,elsen am,elsen um,elsenam,elsenham england,elsenham essex,elsenum
Elstead,,elstead england,elstead surrey
Elstow,,elstow bedford,elstow england
Elstree,,elstree england,elstree hertfordshire
Elswick,,elswick england,elswick lancashire
Eltham,,El Tom,Elt ham,Elth ham,elt am,elt um,eltam,eltham england,eltham greenwich,eltum
Elton,,elton cheshire west and chester,elton england
Elvington,,elving tonne,elving tun,elvington england,elvington york,elvingtonne,elvingtun
Elworth,,elworth cheshire east,elworth england
Ely,,ely cambridgeshire,ely england
Embsay,,embsay england,embsay north yorkshire
Emley,,emley england,emley kirklees
Emneth,,emneth england,emneth norfolk
Emsworth,,ems werth,ems wuth,emswerth,emsworth england,emsworth hampshire,emswuth
Enderby,,enderby england,enderby leicestershire
Endmoor,,endmoor cumbria,endmoor england
Endon,,endon england,endon staffordshire
Enfield,,enfield england
Enfield Lock,,enfield lock enfield,enfield lock england,enfieldlock,lock
Englefield Green,,englefield green england,englefield green surrey,englefieldgreen
Enniskillen,,enniskillen fermanagh and omagh,enniskillen northern ireland
Enstone,,enstone england,enstone oxfordshire
Epping,,epp en,epp in,eppen,eppin,epping england,epping essex
Epsom,,Eps'm,Epsum,Ipsom,epsom england,epsom surrey
Epworth,,epworth england,epworth north lincolnshire
Erdington,,erding tonne,erding tun,erdington birmingham,erdington england,erdingtonne,erdingtun
Eriswell,,eriswell england,eriswell suffolk
Erith,,erith bexley,erith england
Errol,,errol perth and kinross,errol scotland
Escrick,,escrick england,escrick york
Esh,,esh durham,esh england
Esh Winning,,esh winn en,esh winn in,esh winnen,esh winnin,esh winning durham,esh winning england,eshwinning,winning
Esher,,esher england,esher surrey
Esholt,,esholt bradford,esholt england
Essex,
Eston,,eston england,eston redcar and cleveland
Eton,,eton england,eton wandsworth
Eton Wick,,eton wick england,eton wick slough,etonwick
Etwall,,etwall derbyshire,etwall england
Euxton,,eux tonne,eux tun,euxton england,euxton lancashire,euxtonne,euxtun
Evanton,,evan tonne,evan tun,evanton highland,evanton scotland,evantonne,evantun
Evenwood,,evenwood durham,evenwood england
Evercreech,,evercreech england,evercreech somerset
Eversley Centre,,centre,evers lay centre,evers lee centre,evers leigh centre,everslay centre,everslee centre,eversleigh centre,eversley centre england,eversley centre hampshire,eversleycentre
Everton,,ever tonne,ever tun,everton england,everton hampshire,evertonne,evertun
Evesham,,eves am,eves um,evesam,evesham england,evesham worcestershire,evesum
Evington,,eving tonne,eving tun,evington england,evington leicestershire,evingtonne,evingtun
Ewell,,Yewell,ewell england,ewell surrey
Ewelme,,ewelme england,ewelme oxfordshire
Ewhurst,,ewhurst england,ewhurst surrey
Exeter,,ex'ter,exeter devon,exeter england
Exhall,,exhall coventry,exhall england
Exminster,,exminster devon,exminster england
Exmouth,,East Devon,ex muth,Sid Vale,exmouth devon,exmouth england
Exning,,exn en,exn in,exnen,exnin,exning england,exning suffolk
Eye,,eye england,eye peterborough,eye suffolk
Eyemouth,,eye mouff,eye muth,eyemouff,eyemouth scotland,eyemouth scottish borders,eyemuth
Eynsford,,eynsford england,eynsford kent
Eynsham,,eyns am,eyns um,eynsam,eynsham england,eynsham oxfordshire,eynsum
Eythorne,,eythorne england,eythorne kent
Faifley,,faif lay,faif lee,faif leigh,faiflay,faiflee,faifleigh,faifley scotland,faifley west dunbartonshire
Failsworth,,fails werth,fails wuth,failswerth,failsworth england,failsworth oldham,failswuth
Fairfield,,fairfield england,fairfield worcestershire
Fairford,,fairford england,fairford gloucestershire
Fairlands,,fairlands england,fairlands surrey
Fairlie,,fairlie north ayrshire,fairlie scotland
Fairlight,,fairlight east sussex,fairlight england
Fakenham,,faken am,faken um,fakenam,fakenham england,fakenham norfolk,fakenum
Falkirk,,falkirk scotland
Falkland,,falkland fife,falkland scotland
Fallin,,fallin scotland,fallin stirling
Falmouth,,fal mouff,fal muth,falmouff,falmouth cornwall,falmouth england,falmuth
Far Forest,,far forest england,far forest shropshire,farforest
Farcet,,farcet cambridgeshire,farcet england
Fareham,,faram,Fare Am,fare um,faream,fareham england,fareham hampshire,fareum
Faringdon,,faringdon england,faringdon oxfordshire
Farington,,faring tonne,faring tun,farington england,farington lancashire,faringtonne,faringtun
Farmborough,,farm boro,farm bruh,farmboro,farmborough bath and north east somerset,farmborough england,farmbruh
Farnborough,,Farn bruh,Farun Borough,farn boro,farnboro,farnborough bromley,farnborough england,farnborough hampshire,farnbruh
Farncombe,,farncombe england,farncombe surrey
Farndon,,farndon cheshire west and chester,farndon england,farndon nottinghamshire
Farnham,,Farnum,farn am,farn um,farnam,farnham england,farnham surrey
Farnham Royal,,farn am royal,farn um royal,farnam royal,farnham royal buckinghamshire,farnham royal england,farnhamroyal,farnum royal,royal
Farningham,,farning am,farning um,farningam,farningham england,farningham kent,farningum
Farnley,,farn lay,farn lee,farn leigh,farnlay,farnlee,farnleigh,farnley england,farnley leeds
Farnsfield,,farnsfield england,farnsfield nottinghamshire
Farnworth,,farn werth,farn wuth,farnwerth,farnworth bolton,farnworth england,farnworth halton,farnwuth
Farsley,,fars lay,fars lee,fars leigh,farslay,farslee,farsleigh,farsley england,farsley leeds
Fauldhouse,,fauldhouse scotland,fauldhouse west lothian
Faversham,,favers am,favers um,faversam,faversham england,faversham kent,faversum
Fawley,,faw lay,faw lee,faw leigh,fawlay,fawlee,fawleigh,fawley england,fawley hampshire
Fazakerley,,fazaker lay,fazaker lee,fazaker leigh,fazakerlay,fazakerlee,fazakerleigh,fazakerley england,fazakerley liverpool
Fazeley,,faze lay,faze lee,faze leigh,fazelay,fazelee,fazeleigh,fazeley england,fazeley staffordshire
Featherstone,,featherstone england,featherstone staffordshire,featherstone wakefield
Feering,,fee en,fee in,feeen,feein,feer en,feer in,feeren,feerin,feering england,feering essex
Felbridge,,felbridge england,felbridge west sussex
Felixstowe,,felixstowe england,felixstowe suffolk
Felling,,fell en,fell in,fellen,fellin,felling england,felling gateshead
Felpham,,felp am,felp um,felpam,felpham england,felpham west sussex,felpum
Felsted,,felsted england,felsted essex
Feltham,,Fell Tom,felt am,felt um,feltam,feltham england,feltham hounslow,feltum
Felton,,fel tonne,fel tun,felton england,felton north somerset,felton northumberland,feltonne,feltun
Feltwell,,feltwell england,feltwell norfolk
Fen Stanton,,fen stan tonne,fen stan tun,fen stanton cambridgeshire,fen stanton england,fen stantonne,fen stantun,fenstanton,fs
Fence,,fence england,fence lancashire
Fence Houses,,fence houses england,fence houses sunderland,fencehouses
Feniton,,feni tonne,feni tun,feniton devon,feniton england,fenitonne,fenitun
Fenton,,fen tonne,fen tun,fenton england,fenton stoke-on-trent,fentonne,fentun
Fenwick,,fenwick east ayrshire,fenwick scotland
Feock,,feock cornwall,feock england
Fern Down,,Fern Doon,Ferndun,fd,fern down dorset,fern down england,ferndown
Ferndale,,ferndale rhondda cynon taff,ferndale wales
Fernhill Heath,,fernhill heath england,fernhill heath worcestershire,fernhillheath
Fernhurst,,fernhurst england,fernhurst west sussex
Ferring,,fer en,fer in,feren,ferin,ferr en,ferr in,ferren,ferrin,ferring england,ferring west sussex
Ferrybridge,,ferrybridge england,ferrybridge wakefield
Ferryden,,ferryden angus,ferryden scotland
Ferryhill,,ferryhill durham,ferryhill england
Ffair-fach,,ffair-fach carmarthenshire,ffair-fach wales
Ffestiniog,,ffestiniog gwynedd,ffestiniog wales
Fife,
Filey,,filey england,filey north yorkshire
Fillongley,,fillong lay,fillong lee,fillong leigh,fillonglay,fillonglee,fillongleigh,fillongley england,fillongley warwickshire
Finchampstead,,finchampstead bracknell forest,finchampstead england
Finchingfield,,finchingfield england,finchingfield essex
Finchley,,finch lay,finch lee,finch leigh,finchlay,finchlee,finchleigh,finchley barnet,finchley england
Findern,,findern derbyshire,findern england
Findochty,,findochty moray,findochty scotland
Findon,,findon england,findon west sussex
Finedon,,finedon england,finedon northamptonshire
Finningley,,finning lay,finning lee,finning leigh,finninglay,finninglee,finningleigh,finningley doncaster,finningley england
Finstock,,finstock england,finstock oxfordshire
Fintona,,fintona fermanagh and omagh,fintona northern ireland
Fishbourne,,fishbourne england,fishbourne west sussex
Fishburn,,fishburn durham,fishburn england
Fishguard,,fishguard pembrokeshire,fishguard wales
Fishtoft,,fishtoft england,fishtoft lincolnshire
Fiskerton,,fisker tonne,fisker tun,fiskerton england,fiskerton lincolnshire,fiskertonne,fiskertun
Five Oak Green,,five oak green england,five oak green kent,fiveoakgreen,fog
Flamborough,,flam boro,flam bruh,flamboro,flamborough east riding of yorkshire,flamborough england,flambruh
Flamstead,,flamstead england,flamstead hertfordshire
Fleckney,,fleckney england,fleckney leicestershire
Fleet,,Flit,fleet england,fleet hampshire,fleet lincolnshire
Fleetwood,,fleetwood england,fleetwood lancashire
Fletching,,fletch en,fletch in,fletchen,fletchin,fletching east sussex,fletching england
Flexbury,,flex berry,flex bree,flexberry,flexbree,flexbury cornwall,flexbury england
Flimby,,flimby cumbria,flimby england
Flint,,flint flintshire,flint wales
Flitton,,flit tonne,flit tun,flitton central bedfordshire,flitton england,flittonne,flittun
Flitwick,,flitwick central bedfordshire,flitwick england
Flixborough,,flix boro,flix bruh,flixboro,flixborough england,flixborough north lincolnshire,flixbruh
Flixton,,flix tonne,flix tun,flixton england,flixton trafford,flixtonne,flixtun
Flockton,,flock tonne,flock tun,flockton england,flockton kirklees,flocktonne,flocktun
Flookburgh,,flookburgh cumbria,flookburgh england
Floore,,floore england,floore northamptonshire
Flyford Flavell,,flavell,flyford flavell england,flyford flavell worcestershire,flyfordflavell
Fochabers,,fochabers moray,fochabers scotland
Fochriw,,fochriw caerphilly,fochriw wales
Foleshill,,foleshill coventry,foleshill england
Folkestone,,Folks dun,folkestone england,folkestone kent
Ford,,ford england,ford west sussex
Forden,,forden powys,forden wales
Fordham,,ford am,ford um,fordam,fordham cambridgeshire,fordham england,fordum
Fordingbridge,,fordingbridge england,fordingbridge hampshire
Forest Row,,forest row east sussex,forest row england,forestrow
Forest Town,,forest town england,forest town nottinghamshire,foresttown,ft
Forfar,,forfar angus,forfar scotland
Formby,,formby england,formby sefton
Fornham Saint Martin,,forn am saint martin,forn um saint martin,fornam saint martin,fornham saint martin england,fornham saint martin suffolk,fornhamsaintmartin,fornum saint martin,fsm
Forres,,forres moray,forres scotland
Fort William,,fort william highland,fort william scotland,fortwilliam,fw,william
Forth,,forth scotland,forth south lanarkshire
Forton,,for tonne,for tun,forton england,forton lancashire,fortonne,fortun
Fortrose,,fortrose highland,fortrose scotland
Fortuneswell,,fortuneswell dorset,fortuneswell england
Foulridge,,foulridge england,foulridge lancashire
Foulsham,,fouls am,fouls um,foulsam,foulsham england,foulsham norfolk,foulsum
Four Lanes,,fl,four lanes cornwall,four lanes england,fourlanes,lanes
Four Marks,,fm,four marks england,four marks hampshire,fourmarks,marks
Fowey,,fowey cornwall,fowey england
Fowlmere,,fowlmere cambridgeshire,fowlmere england
Foxhole,,foxhole cornwall,foxhole england
Foxton,,fox tonne,fox tun,foxton cambridgeshire,foxton england,foxtonne,foxtun
Fradley,,frad lay,frad lee,frad leigh,fradlay,fradlee,fradleigh,fradley england,fradley staffordshire
Framfield,,framfield east sussex,framfield england
Framlingham,,framling am,framling um,framlingam,framlingham england,framlingham suffolk,framlingum
Frampton,,framp tonne,framp tun,frampton england,frampton lincolnshire,framptonne,framptun
Frampton Cotterell,,cotterell,fc,framp tonne cotterell,framp tun cotterell,frampton cotterell england,frampton cotterell south gloucestershire,framptoncotterell,framptonne cotterell,framptun cotterell
Frampton on Severn,,framp tonne on severn,framp tun on severn,frampton on severn england,frampton on severn gloucestershire,framptonne on severn,framptononsevern,framptun on severn
Frant,,frant east sussex,frant england
Fraserburgh,,fraserburgh aberdeenshire,fraserburgh scotland
Freckleton,,freckle tonne,freckle tun,freckleton england,freckleton lancashire,freckletonne,freckletun
Freeland,,freeland england,freeland oxfordshire
Freethorpe,,freethorpe england,freethorpe norfolk
Freiston,,freis tonne,freis tun,freiston england,freiston lincolnshire,freistonne,freistun
Fremington,,freming tonne,freming tun,fremington devon,fremington england,fremingtonne,fremingtun
Frensham,,frens am,frens um,frensam,frensham england,frensham surrey,frensum
Freshwater,,freshwater england,freshwater isle of wight
Fressingfield,,fressingfield england,fressingfield suffolk
Frettenham,,fretten am,fretten um,frettenam,frettenham england,frettenham norfolk,frettenum
Freuchie,,freuchie fife,freuchie scotland
Friern Barnet,,fb,friern barnet barnet,friern barnet england,friernbarnet
Frimley,,frim lay,frim lee,frim leigh,frimlay,frimlee,frimleigh,frimley england,frimley surrey
Frinton-on-Sea,,frin tonne on sea,frin tun on sea,frinton-on-sea england,frinton-on-sea essex,frintonne on sea,frintun on sea
Friskney,,friskney england,friskney lincolnshire
Frizington,,frizing tonne,frizing tun,frizington cumbria,frizington england,frizingtonne,frizingtun
Frodsham,,frods am,frods um,frodsam,frodsham cheshire west and chester,frodsham england,frodsum
Frome,,frome england,frome somerset
Fulbourn,,fulbourn cambridgeshire,fulbourn england
Fulford,,fulford england,fulford staffordshire,fulford york
Fulham,,Full Em,Full um,ful am,ful um,fulam,fulham england,fulham hammersmith and fulham,fulum
Fulwood,,fulwood england,fulwood lancashire,fulwood sheffield
Funtington,,funting tonne,funting tun,funtington england,funtington west sussex,funtingtonne,funtingtun
Furness Vale,,furness vale derbyshire,furness vale england,furnessvale,fv
Fyfield,,fi-field,Fie-Field
Gaerwen,,gaerwen isle of anglesey,gaerwen wales
Gainford,,gainford durham,gainford england
Gainsborough,,gains boro,gains bruh,gainsboro,gainsborough england,gainsborough lincolnshire,gainsbruh
Galashiels,,galashiels scotland,galashiels scottish borders
Galleywood,,galleywood england,galleywood essex
Galston,,gals tonne,gals tun,galston east ayrshire,galston scotland,galstonne,galstun
Gamesley,,games lay,games lee,games leigh,gameslay,gameslee,gamesleigh,gamesley england,gamesley tameside
Gamlingay,,gamlingay cambridgeshire,gamlingay england
Garden City,,garden city flintshire,garden city wales,gardencity
Garelochhead,,garelochhead argyll and bute,garelochhead scotland
Garforth,,garforth england,garforth leeds
Gargrave,,gargrave england,gargrave north yorkshire
Garlinge,,garlinge england,garlinge kent
Garnant,,garnant carmarthenshire,garnant wales
Garsington,,garsing tonne,garsing tun,garsington england,garsington oxfordshire,garsingtonne,garsingtun
Garstang,,garstang england,garstang lancashire
Garston,,gars tonne,gars tun,garston england,garston hertfordshire,garstonne,garstun
Garswood,,garswood england,garswood st. helens
Gartcosh,,gartcosh north lanarkshire,gartcosh scotland
Garvagh,,garvagh causeway coast and glens,garvagh northern ireland
Gateshead,,gateshead england
Gatley,,gat lay,gat lee,gat leigh,gatlay,gatlee,gatleigh,gatley england,gatley manchester
Gawsworth,,gaws werth,gaws wuth,gawswerth,gawsworth cheshire east,gawsworth england,gawswuth
Gayton,,gay tonne,gay tun,gayton england,gayton norfolk,gaytonne,gaytun
Geddington,,gedding tonne,gedding tun,geddington england,geddington northamptonshire,geddingtonne,geddingtun
Gedling,,gedl en,gedl in,gedlen,gedlin,gedling england,gedling nottinghamshire
Gedney,,gedney england,gedney lincolnshire
Gelligaer,,gelligaer caerphilly,gelligaer wales
Georgeham,,george am,george um,georgeam,georgeham devon,georgeham england,georgeum
Gerrards Cross,,gerrards cross buckinghamshire,gerrards cross england,gerrardscross
Giffnock,,giffnock east renfrewshire,giffnock scotland
Giggleswick,,giggleswick england,giggleswick north yorkshire
Gilberdike,,gilberdike east riding of yorkshire,gilberdike england
Gildersome,,gildersome england,gildersome leeds
Gilfach Goch,,gilfach goch rhondda cynon taff,gilfach goch wales,gilfachgoch,goch
Gillingham,,Jill Numb,Jills,gilling am,gilling um,gillingam,gillingham dorset,gillingham england,gillingham medway,gillingum
Gilwern,,gilwern monmouthshire,gilwern wales
Girton,,gir tonne,gir tun,girton cambridgeshire,girton england,girtonne,girtun
Girvan,,girvan scotland,girvan south ayrshire
Gislingham,,gisling am,gisling um,gislingam,gislingham england,gislingham suffolk,gislingum
Glanamman,,glanamman carmarthenshire,glanamman wales
Glapwell,,glapwell derbyshire,glapwell england
Glascote,,glascote england,glascote staffordshire
Glasgow,,glasgow scotland
Glasgow City,
Glastonbury,,glaston berry,glaston bree,glastonberry,glastonbree,glastonbury england,glastonbury somerset
Glemsford,,glemsford england,glemsford suffolk
Glen Parva,,glen parva england,glen parva leicestershire,glenparva,parva
Glenavy,,glenavy lisburn and castlereagh,glenavy northern ireland
Glenboig,,glenboig north lanarkshire,glenboig scotland
Glenelg,,glenelg highland,glenelg scotland
Glenfield,,glenfield england,glenfield leicestershire
Glenmavis,,glenmavis north lanarkshire,glenmavis scotland
Glenrothes,,glenrothes fife,glenrothes scotland
Glinton,,glin tonne,glin tun,glinton england,glinton peterborough,glintonne,glintun
Glossop,,glossop derbyshire,glossop england
Gloucester,,gloster,gloucester england,gloucester gloucestershire
Gloucestershire,
Glusburn,,glusburn england,glusburn north yorkshire
Glyncorrwg,,glyncorrwg neath port talbot,glyncorrwg wales
Glynneath,,glynneath neath port talbot,glynneath wales
Gnosall,,gnosall england,gnosall staffordshire
Gobowen,,gobowen england,gobowen shropshire
Godalming,,godalm en,godalm in,godalmen,godalmin,godalming england,godalming surrey
Godmanchester,,godmanchester cambridgeshire,godmanchester england
Godshill,,godshill england,godshill isle of wight
Godstone,,godstone england,godstone surrey
Goffs Oak,,goffs oak england,goffs oak hertfordshire,goffsoak
Golborne,,golborne england,golborne wigan
Golcar,,golcar england,golcar kirklees
Goldsithney,,goldsithney cornwall,goldsithney england
Goldthorpe,,goldthorpe doncaster,goldthorpe england
Golspie,,golspie highland,golspie scotland
Goodmayes,,goodmayes england,goodmayes redbridge
Goodwick,,goodwick pembrokeshire,goodwick wales
Goole,,goole east riding of yorkshire,goole england
Goonhavern,,goonhavern cornwall,goonhavern england
Goosnargh,,goosnargh england,goosnargh lancashire
Goostrey,,goostrey cheshire east,goostrey england
Gorebridge,,gorebridge midlothian,gorebridge scotland
Gorfield,,gorfield cambridgeshire,gorfield england
Goring,,go en,go in,goen,goin,gor en,gor in,goren,gorin,goring england,goring oxfordshire
Goring by Sea,,gbs,go en by sea,go in by sea,goen by sea,goin by sea,gor en by sea,gor in by sea,goren by sea,gorin by sea,goring by sea england,goring by sea west sussex,goringbysea
Gorleston-on-Sea,,gorles tonne on sea,gorles tun on sea,gorleston-on-sea england,gorleston-on-sea norfolk,gorlestonne on sea,gorlestun on sea
Gornalwood,,gornalwood dudley,gornalwood england
Gorran Haven,,gorran haven cornwall,gorran haven england,gorranhaven
Gorseinon,,gorseinon swansea,gorseinon wales
Gorslas,,gorslas carmarthenshire,gorslas wales
Gosberton,,gosber tonne,gosber tun,gosberton england,gosberton lincolnshire,gosbertonne,gosbertun
Gosfield,,gosfield england,gosfield essex
Gosforth,,gosforth cumbria,gosforth england,gosforth newcastle upon tyne
Gosmore,,gosmore england,gosmore hertfordshire
Gosport,,Go-sport,Gos-sport,gosport england,gosport hampshire
Gotham,,got am,got um,gotam,gotham england,gotham nottinghamshire,gotum
Goudhurst,,goudhurst england,goudhurst kent
Gourock,,gourock inverclyde,gourock scotland
Govan,,govan glasgow city,govan scotland
Govilon,,govilon monmouthshire,govilon wales
Gowerton,,gower tonne,gower tun,gowerton swansea,gowerton wales,gowertonne,gowertun
Goxhill,,goxhill england,goxhill north lincolnshire
Grain,,grain england,grain medway
Grampound Road,,grampound road cornwall,grampound road england,grampoundroad
Grange-over-Sands,,grange-over-sands cumbria,grange-over-sands england
Grangemouth,,grange mouff,grange muth,grangemouff,grangemouth falkirk,grangemouth scotland,grangemuth
Grangetown,,grangetown england,grangetown redcar and cleveland
Grantham,,grant am,grant um,grantam,grantham england,grantham lincolnshire,grantum
Grantown on Spey,,grantown on spey highland,grantown on spey scotland,grantownonspey,spey
Grasmere,,grasmere cumbria,grasmere england
Grassington,,grassing tonne,grassing tun,grassington england,grassington north yorkshire,grassingtonne,grassingtun
Grassmoor,,grassmoor derbyshire,grassmoor england
Gravesend,,gravesend england,gravesend kent
Grays,,grays england,grays thurrock
Greasbrough,,greasbrough england,greasbrough rotherham
Greasby,,greasby england,greasby halton
Greasley,,greas lay,greas lee,greas leigh,greaslay,greaslee,greasleigh,greasley england,greasley nottinghamshire
Great Amwell,,amwell,great amwell england,great amwell hertfordshire,greatamwell
Great Ayton,,ayton,great ayton england,great ayton redcar and cleveland,greatayton
Great Baddow,,great baddow england,great baddow essex,greatbaddow
Great Bardfield,,bardfield,great bardfield england,great bardfield essex,greatbardfield
Great Barford,,great barford bedford,great barford england,greatbarford
Great Barton,,great bar tonne,great bar tun,great barton england,great barton suffolk,great bartonne,great bartun,greatbarton
Great Bedwyn,,bedwyn,great bedwyn england,great bedwyn wiltshire,greatbedwyn
Great Bentley,,great bent lay,great bent lee,great bent leigh,great bentlay,great bentlee,great bentleigh,great bentley england,great bentley essex,greatbentley
Great Billing,,billing,great bill en,great bill in,great billen,great billin,great billing england,great billing northamptonshire,greatbilling
Great Blakenham,,blakenham,great blaken am,great blaken um,great blakenam,great blakenham england,great blakenham suffolk,great blakenum,greatblakenham
Great Bookham,,great book am,great book um,great bookam,great bookham england,great bookham surrey,great bookum,greatbookham
Great Bowden,,bowden,great bowden england,great bowden leicestershire,greatbowden
Great Bricett,,bricett,great bricett england,great bricett suffolk,greatbricett
Great Bromley,,great brom,great brom lay,great brom lee,great brom leigh,great bromlay,great bromlee,great bromleigh,great bromley england,great bromley essex,greatbromley
Great Broughton,,great brough tonne,great brough tun,great broughton england,great broughton north yorkshire,great broughtonne,great broughtun,greatbroughton
Great Burstead,,burstead,great burstead england,great burstead essex,greatburstead
Great Chart,,chart,great chart england,great chart kent,greatchart
Great Chesterford,,chesterford,great chesterford england,great chesterford essex,greatchesterford
Great Clifton,,great clif tonne,great clif tun,great clifton cumbria,great clifton england,great cliftonne,great cliftun,greatclifton
Great Coates,,coates,great coates england,great coates north east lincolnshire,greatcoates
Great Cornard,,cornard,great cornard england,great cornard suffolk,greatcornard
Great Dalby,,dalby,great dalby england,great dalby leicestershire,greatdalby
Great Doddington,,great dodding tonne,great dodding tun,great doddington england,great doddington northamptonshire,great doddingtonne,great doddingtun,greatdoddington
Great Driffield,,driffield,great driffield east riding of yorkshire,great driffield england,greatdriffield
Great Dunmow,,dunmow,great dunmow england,great dunmow essex,greatdunmow
Great Easton,,great eas tonne,great eas tun,great easton england,great easton essex,great eastonne,great eastun,greateaston
Great Eccleston,,great eccles tonne,great eccles tun,great eccleston england,great eccleston lancashire,great ecclestonne,great ecclestun,greateccleston
Great Ellingham,,ellingham,great elling am,great elling um,great ellingam,great ellingham england,great ellingham norfolk,great ellingum,greatellingham
Great Glen,,great glen england,great glen leicestershire,greatglen
Great Gonerby,,gonerby,great gonerby england,great gonerby lincolnshire,greatgonerby
Great Hanwood,,great hanwood england,great hanwood shropshire,greathanwood,hanwood
Great Harwood,,great harwood england,great harwood lancashire,greatharwood,harwood
Great Hockham,,great hock am,great hock um,great hockam,great hockham england,great hockham norfolk,great hockum,greathockham,hockham
Great Horkesley,,great horkes lay,great horkes lee,great horkes leigh,great horkeslay,great horkeslee,great horkesleigh,great horkesley england,great horkesley essex,greathorkesley,horkesley
Great Hormead,,great hormead england,great hormead hertfordshire,greathormead,hormead
Great Horwood,,great horwood buckinghamshire,great horwood england,greathorwood,horwood
Great Houghton,,great hough tonne,great hough tun,great houghton barnsley,great houghton england,great houghtonne,great houghtun,greathoughton
Great Leighs,,great leighs england,great leighs essex,greatleighs,leighs
Great Linford,,great linford england,great linford milton keynes,greatlinford,linford
Great Lumley,,great lum lay,great lum lee,great lum leigh,great lumlay,great lumlee,great lumleigh,great lumley durham,great lumley england,greatlumley,lumley
Great Malvern,,great malvern england,great malvern worcestershire,greatmalvern,malvern
Great Meols,,great meols england,great meols wirral,greatmeols,meols
Great Missenden,,great missenden buckinghamshire,great missenden england,greatmissenden
Great Notley,,great not lay,great not lee,great not leigh,great notlay,great notlee,great notleigh,great notley england,great notley essex,greatnotley
Great Oakley,,great oak lay,great oak lee,great oak leigh,great oaklay,great oaklee,great oakleigh,great oakley england,great oakley essex,great oakley northamptonshire,greatoakley
Great Offley,,great off lay,great off lee,great off leigh,great offlay,great offlee,great offleigh,great offley england,great offley hertfordshire,greatoffley,offley
Great Paxton,,great pax tonne,great pax tun,great paxton cambridgeshire,great paxton england,great paxtonne,great paxtun,greatpaxton
Great Ryburgh,,great ryburgh england,great ryburgh norfolk,greatryburgh,ryburgh
Great Sankey,,great sankey england,great sankey warrington,greatsankey,sankey
Great Stukeley,,great stuke lay,great stuke lee,great stuke leigh,great stukelay,great stukelee,great stukeleigh,great stukeley cambridgeshire,great stukeley england,greatstukeley
Great Torrington,,great torring tonne,great torring tun,great torrington devon,great torrington england,great torringtonne,great torringtun,greattorrington,torrington
Great Totham,,great tot am,great tot um,great totam,great totham england,great totham essex,great totum,greattotham,totham
Great Wakering,,great wake en,great wake in,great wakeen,great wakein,great waker en,great waker in,great wakeren,great wakerin,great wakering england,great wakering southend-on-sea,greatwakering,wakering
Great Waldingfield,,great waldingfield england,great waldingfield suffolk,greatwaldingfield,waldingfield
Great Waltham,,great walt am,great walt um,great waltam,great waltham england,great waltham essex,great waltum,greatwaltham
Great Warley Street,,great war lay street,great war lee street,great war leigh street,great warlay street,great warlee street,great warleigh street,great warley street england,great warley street essex,greatwarleystreet,gws
Great Wymondley,,great wymond lay,great wymond lee,great wymond leigh,great wymondlay,great wymondlee,great wymondleigh,great wymondley england,great wymondley hertfordshire,greatwymondley,wymondley
Great Wyrley,,great wyr lay,great wyr lee,great wyr leigh,great wyrlay,great wyrlee,great wyrleigh,great wyrley england,great wyrley staffordshire,greatwyrley,wyrley
Great Yarmouth,,Yarmouth,great yar mouff,great yar muth,great yarmouff,great yarmouth england,great yarmouth norfolk,great yarmuth,greatyarmouth
Great Yeldham,,great yeld am,great yeld um,great yeldam,great yeldham england,great yeldham essex,great yeldum,greatyeldham,yeldham
Greatham,,great am,great um,greatam,greatham england,greatham hartlepool,greatum
Greenfield,,greenfield england,greenfield flintshire,greenfield oldham,greenfield wales
Greenford,,Green Far'd,Gren Ford,greenford ealing,greenford england
Greenham,,green am,green um,greenam,greenham england,greenham west berkshire,greenum
Greenhill,,greenhill england,greenhill falkirk,greenhill kent,greenhill scotland
Greenhithe,,greenhithe england,greenhithe kent
Greenock,,greenock inverclyde,greenock scotland
Greens Norton,,greens nor tonne,greens nor tun,greens norton england,greens norton northamptonshire,greens nortonne,greens nortun,greensnorton
Greenwich,,greenwich england,grennitch
Greetland,,greetland calderdale,greetland england
Gregson Lane,,gregson lane england,gregson lane lancashire,gregsonlane,lane
Grendon,,grendon england,grendon warwickshire
Grendon Underwood,,grendon underwood buckinghamshire,grendon underwood england,grendonunderwood,gu
Grenoside,,grenoside england,grenoside sheffield
Gresford,,gresford wales,gresford wrexham
Gressenhall,,gressenhall england,gressenhall norfolk
Gretna,,gretna dumfries and galloway,gretna scotland
Gretton,,gret tonne,gret tun,gretton england,gretton northamptonshire,grettonne,grettun
Griffithstown,,griffithstown torfaen,griffithstown wales
Grimethorpe,,grimethorpe barnsley,grimethorpe england
Grimsargh,,grimsargh england,grimsargh lancashire
Grimsby,,grimsby england,grimsby north east lincolnshire
Grimston,,grims tonne,grims tun,grimston england,grimston leicestershire,grimston norfolk,grimstonne,grimstun
Griston,,gris tonne,gris tun,griston england,griston norfolk,gristonne,gristun
Groby,,groby england,groby leicestershire
Gronant,,gronant flintshire,gronant wales
Groombridge,,groombridge east sussex,groombridge england
Groomsport,,groomsport ards and north down,groomsport northern ireland
Grove,,grove dorset,grove england,grove oxfordshire
Grovesend,,grovesend swansea,grovesend wales
Grundisburgh,,grundisburgh england,grundisburgh suffolk
Guardbridge,,guardbridge fife,guardbridge scotland
Guestling,,guestl en,guestl in,guestlen,guestlin,guestling east sussex,guestling england
Guide Bridge,,guide bridge england,guide bridge tameside,guidebridge
Guilden Sutton,,guilden sut tonne,guilden sut tun,guilden sutton cheshire west and chester,guilden sutton england,guilden suttonne,guilden suttun,guildensutton
Guildford,,Geld-fuhd,guildford england,guildford surrey
Guilsfield,,guilsfield powys,guilsfield wales
Guisborough,,guis boro,guis bruh,guisboro,guisborough england,guisborough redcar and cleveland,guisbruh
Guiseley,,guise lay,guise lee,guise leigh,guiselay,guiselee,guiseleigh,guiseley england,guiseley leeds
Gullane,,gullane east lothian,gullane scotland
Gunness,,gunness england,gunness north lincolnshire
Gunton,,gun tonne,gun tun,gunton england,gunton suffolk,guntonne,guntun
Gurnard,,gurnard england,gurnard isle of wight
Guston,,gus tonne,gus tun,guston england,guston kent,gustonne,gustun
Guyhirn,,guyhirn cambridgeshire,guyhirn england
Gwalchmai,,gwalchmai isle of anglesey,gwalchmai wales
Gwaun-Cae-Gurwen,,gcg,gwaun-cae-gurwen neath port talbot,gwaun-cae-gurwen wales
Gwennap,,gwennap cornwall,gwennap england
Gwernymynydd,,gwernymynydd flintshire,gwernymynydd wales
Gwersyllt,,gwersyllt wales,gwersyllt wrexham
Gwithian,,gwithian cornwall,gwithian england
Hackleton,,hackle tonne,hackle tun,hackleton england,hackleton northamptonshire,hackletonne,hackletun
Hackney,,hackney england
Haddenham,,hadden am,hadden um,haddenam,haddenham buckinghamshire,haddenham cambridgeshire,haddenham england,haddenum
Haddington,,hadding tonne,hadding tun,haddington east lothian,haddington scotland,haddingtonne,haddingtun
Hadfield,,hadfield derbyshire,hadfield england
Hadleigh,,had lee,had ley,hadlee,hadleigh england,hadleigh essex,hadleigh suffolk,hadley
Hadlow,,hadlow england,hadlow kent
Hadston,,hads tonne,hads tun,hadston england,hadston northumberland,hadstonne,hadstun
Hagley,,hag lay,hag lee,hag leigh,haglay,haglee,hagleigh,hagley england,hagley worcestershire
Hailey,,hai lay,hai lee,hai leigh,hailay,hailee,haileigh,hailey england,hailey oxfordshire
Hailsham,,hails am,hails um,hailsam,hailsham east sussex,hailsham england,hailsum
Hainford,,hainford england,hainford norfolk
Halberton,,halber tonne,halber tun,halberton devon,halberton england,halbertonne,halbertun
Hale,,hale england,hale halton,hale trafford
Halesowen,,halesowen dudley,halesowen england
Halesworth,,hales werth,hales wuth,haleswerth,halesworth england,halesworth suffolk,haleswuth
Halewood,,halewood england,halewood knowsley
Halifax,,halifax calderdale,halifax england
Halkyn,,halkyn flintshire,halkyn wales
Halling,,hall en,hall in,hallen,hallin,halling england,halling kent
Hallow,,hallow england,hallow worcestershire
Halsall,,halsall england,halsall lancashire
Halstead,,halstead england,halstead essex,halstead kent
Halton,,hal tonne,hal tun,halton buckinghamshire,halton england,halton lancashire,haltonne,haltun
Haltwhistle,,haltwhistle england,haltwhistle northumberland
Ham Street,,ham street england,ham street kent,hamstreet
Hamble-le-Rice,,hamble-le-rice england,hlr
Hambleden,,hambleden buckinghamshire,hambleden england
Hambledon,,hambledon england,hambledon hampshire
Hambleton,,hamble tonne,hamble tun,hambleton england,hambleton lancashire,hambleton north yorkshire,hambletonne,hambletun
Hamilton,,hamil tonne,hamil tun,hamilton scotland,hamilton south lanarkshire,hamiltonne,hamiltun
Hammersmith,,hammersmith england
Hammersmith and Fulham,,haf,hammersmith and ful am,hammersmith and ful um,hammersmith and fulam,hammersmith and fulham england,hammersmith and full em,hammersmith and full um,hammersmith and fulum,hammersmithandfulham
Hammerwich,,hammerwich england,hammerwich staffordshire
Hampshire,
Hampstead,,hampstead camden,hampstead england
Hampsthwaite,,hampsthwaite england,hampsthwaite north yorkshire
Hampton,,hamp tonne,hamp tun,hampton england,hampton richmond upon thames,hamptonne,hamptun
Hampton in Arden,,hamp tonne in arden,hamp tun in arden,hampton in arden england,hampton in arden solihull,hamptoninarden,hamptonne in arden,hamptun in arden
Hamworthy,,"hamworthy bournemouth, christchurch and poole",hamworthy england
Handcross,,handcross england,handcross west sussex
Handforth,,handforth cheshire east,handforth england
Handsworth,,hands werth,hands wuth,handswerth,handsworth england,handsworth sheffield,handswuth
Hanley Castle,,han lay castle,han lee castle,han leigh castle,hanlay castle,hanlee castle,hanleigh castle,hanley castle england,hanley castle worcestershire,hanleycastle
Hanley Swan,,han lay swan,han lee swan,han leigh swan,hanlay swan,hanlee swan,hanleigh swan,hanley swan england,hanley swan worcestershire,hanleyswan,swan
Hanslope,,hanslope england,hanslope milton keynes
Hanwell,,An Well,An Will,Han Will,hanwell ealing,hanwell england
Hapton,,hap tonne,hap tun,hapton england,hapton lancashire,haptonne,haptun
Harberton,,harber tonne,harber tun,harberton devon,harberton england,harbertonne,harbertun
Harbledown,,harbledown england,harbledown kent
Harborne,,harborne birmingham,harborne england
Harbury,,har berry,har bree,harberry,harbree,harbury england,harbury warwickshire
Harden,,harden bradford,harden england
Hardingstone,,hardingstone england,hardingstone northamptonshire
Hardwick,,hardwick cambridgeshire,hardwick england
Hardwicke,,hardwicke england,hardwicke gloucestershire
Harefield,,harefield england,harefield hillingdon
Harewood,,harewood england,harewood leeds
Haringey,,haringey england
Harlech,,harlech gwynedd,harlech wales
Harlescott,,harlescott england,harlescott shropshire
Harleston,,harles tonne,harles tun,harleston england,harleston norfolk,harlestonne,harlestun
Harlington,,harling tonne,harling tun,harlington central bedfordshire,harlington doncaster,harlington england,harlingtonne,harlingtun
Harlow,,harlow england,harlow essex
Harpenden,,harpenden england,harpenden hertfordshire
Harpole,,harpole england,harpole northamptonshire
Harpur Hill,,harpur hill derbyshire,harpur hill england,harpurhill
Harrietsham,,harriets am,harriets um,harrietsam,harrietsham england,harrietsham kent,harrietsum
Harringay,,harringay england,harringay haringey
Harrington,,harring tonne,harring tun,harrington cumbria,harrington england,harringtonne,harringtun
Harrogate,,harrogate england,harrogate north yorkshire
Harrold,,harrold bedford,harrold england
Harrow,,harrow england
Harrow on the Hill,,harrow on the hill england,harrow on the hill harrow,harrowonthehill
Harrow Weald,,harrow weald england,harrow weald harrow,harrowweald
Harston,,hars tonne,hars tun,harston cambridgeshire,harston england,harstonne,harstun
Hartfield,,hartfield east sussex,hartfield england
Hartford,,hartford cheshire west and chester,hartford england
Harthill,,harthill england,harthill north lanarkshire,harthill rotherham,harthill scotland
Hartland,,hartland devon,hartland england
Hartlebury,,hartle berry,hartle bree,hartleberry,hartlebree,hartlebury england,hartlebury worcestershire
Hartlepool,,hartlepool england
Hartley,,hart lay,hart lee,hart leigh,hartlay,hartlee,hartleigh,hartley england,hartley kent,hartley north tyneside
Hartley Row,,hart lay row,hart lee row,hart leigh row,hartlay row,hartlee row,hartleigh row,hartley row england,hartley row hampshire,hartleyrow
Harton,,har tonne,har tun,harton england,harton south tyneside,hartonne,hartun
Hartpury,,hartpury england,hartpury gloucestershire
Hartshill,,hartshill england,hartshill warwickshire
Hartshorne,,hartshorne derbyshire,hartshorne england
Hartwell,,hartwell england,hartwell northamptonshire
Harvington,,harving tonne,harving tun,harvington england,harvington worcestershire,harvingtonne,harvingtun
Harwell,,harwell england,harwell oxfordshire
Harwich,,harwich england,harwich essex
Harworth,,har werth,har wuth,harwerth,harworth england,harworth nottinghamshire,harwuth
Haselbury Bryan,,bryan,hasel berry bryan,hasel bree bryan,haselberry bryan,haselbree bryan,haselbury bryan dorset,haselbury bryan england,haselburybryan
Haskayne,,haskayne england,haskayne lancashire
Haslemere,,haslemere england,haslemere surrey
Haslingden,,haslingden england,haslingden lancashire
Haslingfield,,haslingfield cambridgeshire,haslingfield england
Haslington,,hasling tonne,hasling tun,haslington cheshire east,haslington england,haslingtonne,haslingtun
Hassocks,,hassocks england,hassocks west sussex
Hastings,,hastings east sussex,hastings england
Haswell,,haswell durham,haswell england
Hatch End,,hatch end england,hatch end harrow,hatchend
Hatfield,,hatfield doncaster,hatfield england,hatfield hertfordshire
Hatfield Heath,,hatfield heath england,hatfield heath essex,hatfieldheath
Hatfield Peverel,,hatfield peverel england,hatfield peverel essex,hatfieldpeverel,hp,peverel
Hatherleigh,,hather lee,hather ley,hatherlee,hatherleigh devon,hatherleigh england,hatherley
Hathern,,hathern england,hathern leicestershire
Hathersage,,hathersage derbyshire,hathersage england
Hattersley,,hatters lay,hatters lee,hatters leigh,hatterslay,hatterslee,hattersleigh,hattersley england,hattersley tameside
Hatton,,hat tonne,hat tun,hatton derbyshire,hatton england,hatton warwickshire,hattonne,hattun
Haughley,,haugh lay,haugh lee,haugh leigh,haughlay,haughlee,haughleigh,haughley england,haughley suffolk
Haughton,,haugh tonne,haugh tun,haughton england,haughton staffordshire,haughtonne,haughtun
Hauxton,,haux tonne,haux tun,hauxton cambridgeshire,hauxton england,hauxtonne,hauxtun
Havant,,Hay vant,havant england,havant hampshire
Haven Street,,haven street england,haven street isle of wight,havenstreet
Haverhill,,haverhill england,haverhill suffolk
Haverigg,,haverigg cumbria,haverigg england
Havering,,have en,have in,haveen,havein,haver en,haver in,haveren,haverin,havering england
Hawarden,,hawarden flintshire,hawarden wales
Hawes,,hawes england,hawes north yorkshire
Hawick,,hawick scotland,hawick scottish borders
Hawkesbury,,hawkes berry,hawkes bree,hawkesberry,hawkesbree,hawkesbury england,hawkesbury south gloucestershire,hawkesbury warwickshire
Hawkhurst,,hawkhurst england,hawkhurst kent
Hawkinge,,hawkinge england,hawkinge kent
Hawkwell,,hawkwell england,hawkwell essex
Hawley,,haw lay,haw lee,haw leigh,hawlay,hawlee,hawleigh,hawley england,hawley hampshire
Haworth,,haworth bradford,haworth england
Haxby,,haxby england,haxby york
Haxey,,haxey england,haxey north lincolnshire
Hay-on-Wye,,hay-on-wye powys,hay-on-wye wales
Haydock,,haydock england,haydock st. helens
Haydon Bridge,,haydon bridge england,haydon bridge northumberland,haydonbridge
Hayes,,hayes bromley,hayes england,hayes hillingdon
Hayfield,,hayfield derbyshire,hayfield england
Hayle,,hayle cornwall,hayle england
Haynes,,haynes central bedfordshire,haynes england
Hayton,,hay tonne,hay tun,hayton cumbria,hayton england,haytonne,haytun
Haywards Heath,,haywards heath england,haywards heath west sussex,haywardsheath
Hazel Grove,,hazel grove england,hazel grove stockport,hazelgrove
Hazlemere,,hazlemere buckinghamshire,hazlemere england
Heacham,,heac am,heac um,heacam,heacham england,heacham norfolk,heacum
Head of Muir,,head of muir falkirk,head of muir scotland,headofmuir,hom,muir
Headbourne Worthy,,headbourne worthy england,headbourne worthy hampshire,headbourneworthy
Headcorn,,headcorn england,headcorn kent
Headley,,head lay,head lee,head leigh,headlay,headlee,headleigh,headley england,headley hampshire
Heads Nook,,heads nook cumbria,heads nook england,headsnook,nook
Heage,,heage derbyshire,heage england
Healing,,heal en,heal in,healen,healin,healing england,healing north east lincolnshire
Heanor,,heanor derbyshire,heanor england
Heath,,heath derbyshire,heath england
Heath and Reach,,har,heath and reach central bedfordshire,heath and reach england,heathandreach,reach
Heather,,heather england,heather leicestershire
Heathfield,,heathfield devon,heathfield east sussex,heathfield england
Hebburn,,hebburn england,hebburn south tyneside
Hebden Bridge,,hebden bridge calderdale,hebden bridge england,hebdenbridge
Hebron,,hebron england,hebron northumberland
Heckington,,hecking tonne,hecking tun,heckington england,heckington lincolnshire,heckingtonne,heckingtun
Heckmondwike,,heckmondwike england,heckmondwike kirklees
Heddon on the Wall,,heddon on the wall england,heddon on the wall northumberland,heddononthewall,hotw,wall
Hedge End,,hedge end england,hedge end hampshire,hedgeend
Hednesford,,hednesford england,hednesford staffordshire
Hedon,,hedon east riding of yorkshire,hedon england
Heighington,,heighing tonne,heighing tun,heighington darlington,heighington england,heighington lincolnshire,heighingtonne,heighingtun
Helen's Bay,,helen's bay ards and north down,helen's bay northern ireland,helen'sbay
Helensburgh,,helensburgh argyll and bute,helensburgh scotland
Hellaby,,hellaby england,hellaby rotherham
Hellesdon,,hellesdon england,hellesdon norfolk
Hellifield,,hellifield england,hellifield north yorkshire
Hellingly,,hellingly east sussex,hellingly england
Helmshore,,helmshore england,helmshore lancashire
Helmsley,,helms lay,helms lee,helms leigh,helmslay,helmslee,helmsleigh,helmsley england,helmsley north yorkshire
Helsby,,helsby cheshire west and chester,helsby england
Helston,,hels tonne,hels tun,helston cornwall,helston england,helstonne,helstun
Hemel Hempstead,,Hempstead,hemel hempstead england,hemel hempstead hertfordshire,hemelhempstead
Hemingbrough,,hemingbrough england,hemingbrough north yorkshire
Hemingfield,,hemingfield barnsley,hemingfield england
Hemingford Grey,,grey,hemingford grey cambridgeshire,hemingford grey england,hemingfordgrey
Hempnall,,hempnall england,hempnall norfolk
Hemsby,,hemsby england,hemsby norfolk
Hemswell Cliff,,cliff,hemswell cliff england,hemswell cliff lincolnshire,hemswellcliff
Hemsworth,,hems werth,hems wuth,hemswerth,hemsworth england,hemsworth wakefield,hemswuth
Hemyock,,hemyock devon,hemyock england
Hendon,,hendon barnet,hendon england
Hendred,,hendred england,hendred oxfordshire
Hendreforgan,,hendreforgan rhondda cynon taff,hendreforgan wales
Hendy,,hendy carmarthenshire,hendy wales
Henfield,,henfield england,henfield west sussex
Henfynyw Upper,,henfynyw upper ceredigion,henfynyw upper wales,henfynywupper,hu,upper
Hengoed,,hengoed caerphilly,hengoed wales
Henham,,hen am,hen um,henam,henham england,henham essex,henum
Henley in Arden,,hen lay in arden,hen lee in arden,hen leigh in arden,henlay in arden,henlee in arden,henleigh in arden,henley in arden england,henley in arden warwickshire,henleyinarden
Henley on Thames,,hen lay on thames,hen lee on thames,hen leigh on thames,henlay on thames,henlee on thames,henleigh on thames,henley on thames england,henley on thames oxfordshire,henleyonthames
Henlow,,henlow central bedfordshire,henlow england
Hennock,,hennock devon,hennock england
Henstridge,,henstridge england,henstridge somerset
Hepburn,,hepburn england,hepburn northumberland
Hepscott,,hepscott england,hepscott northumberland
Heptonstall,,heptonstall calderdale,heptonstall england
Hereford,,hereford england,hereford herefordshire
Herefordshire,
Hermitage,,hermitage england,hermitage west berkshire
Herne,,arn,her knee,hern,herne england,herne kent
Herne Bay,,arn bay,earn bay,herne bae,herne bat,her knee bay,hern bay,herne bay england,herne bay kent,hernebay
Hersden,,hersden england,hersden kent
Hersham,,hers am,hers um,hersam,hersham england,hersham surrey,hersum
Herstmonceux,,herstmonceux east sussex,herstmonceux england
Hertford,,hertford england,hertford hertfordshire
Hertford Heath,,hertford heath england,hertford heath hertfordshire,hertfordheath
Hertfordshire,
Hesketh Bank,,hesketh bank england,hesketh bank lancashire,heskethbank
Heslington,,hesling tonne,hesling tun,heslington england,heslington york,heslingtonne,heslingtun
Hessle,,hessle east riding of yorkshire,hessle england
Heswall,,heswall england,heswall wirral
Hethersett,,hethersett england,hethersett norfolk
Hetton le Hole,,het tonne le hole,het tun le hole,hetton le hole england,hetton le hole sunderland,hettonlehole,hettonne le hole,hettun le hole,hlh,hole
Hever,,hever england,hever kent
Hevingham,,heving am,heving um,hevingam,hevingham england,hevingham norfolk,hevingum
Hexham,,hex am,hex um,hexam,hexham england,hexham northumberland,hexum
Hextable,,hextable england,hextable kent
Heybridge,,heybridge england,heybridge essex
Heysham,,heys am,heys um,heysam,heysham england,heysham lancashire,heysum
Heywood,,heywood england,heywood rochdale
Hibaldstow,,hibaldstow england,hibaldstow north lincolnshire
High Ackworth,,ha,high ack werth,high ack wuth,high ackwerth,high ackworth england,high ackworth wakefield,high ackwuth,highackworth
High Bentham,,bentham,high bent am,high bent um,high bentam,high bentham england,high bentham north yorkshire,high bentum,highbentham
High Bickington,,bickington,high bicking tonne,high bicking tun,high bickington devon,high bickington england,high bickingtonne,high bickingtun,highbickington
High Blantyre,,blantyre,high blantyre scotland,high blantyre south lanarkshire,highblantyre
High Ercall,,ercall,high ercall england,high ercall telford and wrekin,highercall
High Halden,,halden,high halden england,high halden kent,highhalden
High Halstow,,high halstow england,high halstow medway,highhalstow
High Legh,,high legh cheshire east,high legh england,highlegh,legh
High Littleton,,high little tonne,high little tun,high littleton bath and north east somerset,high littleton england,high littletonne,high littletun,highlittleton
High Ongar,,high ongar england,high ongar essex,highongar
High Shincliffe,,high shincliffe durham,high shincliffe england,highshincliffe
High Spen,,high spen england,high spen gateshead,highspen,spen
High Wycombe,,Wycombe,high wycombe buckinghamshire,high wycombe england,highwycombe
Higham,,hig am,hig um,higam,higham england,higham kent,higum
Higham Ferrers,,hig am ferrers,hig um ferrers,higam ferrers,higham ferrers england,higham ferrers northamptonshire,highamferrers,higum ferrers
Highbridge,,highbridge england,highbridge somerset
Highbury,,High Berry,High Brie,high bree,highberry,highbree,highbury england,highbury islington
Highclere,,highclere england,highclere hampshire
Highcliffe,,highcliffe dorset,highcliffe england
Higher Bebington,,higher bebing tonne,higher bebing tun,higher bebington england,higher bebington wirral,higher bebingtonne,higher bebingtun,higherbebington
Higher Folds,,folds,higher folds england,higher folds salford,higherfolds
Higher Walton,,higher wal tonne,higher wal tun,higher walton england,higher walton lancashire,higher waltonne,higher waltun,higherwalton
Highgate,,highgate camden,highgate england
Highland,
Highley,,high lay,high lee,high leigh,highlay,highlee,highleigh,highley england,highley shropshire
Highnam,,highnam england,highnam gloucestershire
Hightown,,hightown england,hightown sefton
Highworth,,high werth,high wuth,highwerth,highworth england,highworth swindon,highwuth
Hildenborough,,hilden boro,hilden bruh,hildenboro,hildenborough england,hildenborough kent,hildenbruh
Hilgay,,hilgay england,hilgay norfolk
Hilldale,,hilldale england,hilldale lancashire
Hillingdon,,hillingdon england
Hillside,,hillside angus,hillside scotland
Hilperton,,hilper tonne,hilper tun,hilperton england,hilperton wiltshire,hilpertonne,hilpertun
Hilsea,,hilsea england,hilsea portsmouth
Hilton,,hil tonne,hil tun,hilton cambridgeshire,hilton derbyshire,hilton england,hiltonne,hiltun
Himley,,him lay,him lee,him leigh,himlay,himlee,himleigh,himley dudley,himley england
Hinckley,,hinck lay,hinck lee,hinck leigh,hincklay,hincklee,hinckleigh,hinckley england,hinckley leicestershire
Hinderwell,,hinderwell england,hinderwell north yorkshire
Hindhead,,hindhead england,hindhead surrey
Hindley,,hind lay,hind lee,hind leigh,hindlay,hindlee,hindleigh,hindley england,hindley wigan
Hingham,,hing am,hing um,hingam,hingham england,hingham norfolk,hingum
Hinstock,,hinstock england,hinstock shropshire
Hinton,,hin tonne,hin tun,hinton england,hinton hampshire,hintonne,hintun
Hinxhill,,hinxhill england,hinxhill kent
Hipperholme,,hipperholme calderdale,hipperholme england
Hirwaun,,hirwaun rhondda cynon taff,hirwaun wales
Histon,,his tonne,his tun,histon cambridgeshire,histon england,histonne,histun
Hitchin,,hitchin england,hitchin hertfordshire
Hixon,,hixon england,hixon staffordshire
Hockley,,hock lay,hock lee,hock leigh,hocklay,hocklee,hockleigh,hockley england,hockley essex
Hockley Heath,,hock lay heath,hock lee heath,hock leigh heath,hocklay heath,hocklee heath,hockleigh heath,hockley heath england,hockley heath solihull,hockleyheath
Hockliffe,,hockliffe central bedfordshire,hockliffe england
Hockwold cum Wilton,,hcw,hockwold cum wil tonne,hockwold cum wil tun,hockwold cum wilton england,hockwold cum wilton norfolk,hockwold cum wiltonne,hockwold cum wiltun,hockwoldcumwilton
Hoddesdon,,hoddesdon england,hoddesdon hertfordshire
Hoddlesden,,hoddlesden blackburn with darwen,hoddlesden england
Hodnet,,hodnet england,hodnet shropshire
Hogsthorpe,,hogsthorpe england,hogsthorpe lincolnshire
Holbeach,,holbeach england,holbeach lincolnshire
Holborn,,holborn camden,holborn england
Holbrook,,holbrook derbyshire,holbrook england,holbrook suffolk
Holbury,,hol berry,hol bree,holberry,holbree,holbury england,holbury hampshire
Holcombe,,holcombe england
Holker,,holker cumbria,holker england
Hollesley,,holles lay,holles lee,holles leigh,holleslay,holleslee,hollesleigh,hollesley england,hollesley suffolk
Hollingbourne,,hollingbourne england,hollingbourne kent
Hollington,,holling tonne,holling tun,hollington east sussex,hollington england,hollingtonne,hollingtun
Hollinwood,,hollinwood england,hollinwood oldham
Hollywood,,hollywood birmingham,hollywood england
Holmbridge,,holmbridge england,holmbridge kirklees
Holme,,holme cumbria,holme england
Holme upon Spalding Moor,,holme upon spald en moor,holme upon spald in moor,holme upon spalden moor,holme upon spaldin moor,holme upon spalding moor east riding of yorkshire,holme upon spalding moor england,holmeuponspaldingmoor,husm
Holmes Chapel,,holmes chapel cheshire east,holmes chapel england,holmeschapel
Holmesfield,,holmesfield derbyshire,holmesfield england
Holmewood,,holmewood derbyshire,holmewood england
Holmfirth,,holmfirth england,holmfirth kirklees
Holsworthy,,holsworthy devon,holsworthy england
Holt,,holt england,holt norfolk,holt wales,holt wiltshire,holt wrexham
Holton le Clay,,clay,hlc,hol tonne le clay,hol tun le clay,holton le clay england,holton le clay lincolnshire,holtonleclay,holtonne le clay,holtun le clay
Holybourne,,holybourne england,holybourne hampshire
Holyhead,,holyhead isle of anglesey,holyhead wales
Holyport,,holyport england,holyport royal borough of windsor and maidenhead
Holytown,,holytown north lanarkshire,holytown scotland
Holywell,,holywell cambridgeshire,holywell central bedfordshire,holywell england,holywell flintshire,holywell wales
Holywood,,holywood ards and north down,holywood northern ireland
Honeybourne,,honeybourne england,honeybourne worcestershire
Honington,,honing tonne,honing tun,honington england,honington suffolk,honingtonne,honingtun
Honiton,,honi tonne,honi tun,honiton devon,honiton england,honitonne,honitun
Honley,,hon lay,hon lee,hon leigh,honlay,honlee,honleigh,honley england,honley kirklees
Hoo St Werburgh,,hoo st werburgh england,hoo st werburgh medway,hoostwerburgh,hsw,werburgh
Hook,,hook east riding of yorkshire,hook england,hook hampshire
Hook Norton,,hook nor tonne,hook nor tun,hook norton england,hook norton oxfordshire,hook nortonne,hook nortun,hooknorton
Hope,,hope flintshire,hope wales
Hopeman,,hopeman moray,hopeman scotland
Hopton,,hop tonne,hop tun,hopton england,hopton staffordshire,hoptonne,hoptun
Hopton on Sea,,hop tonne on sea,hop tun on sea,hopton on sea england,hopton on sea norfolk,hoptonne on sea,hoptononsea,hoptun on sea,hos
Horam,,horam east sussex,horam england
Horbury,,hor berry,hor bree,horberry,horbree,horbury england,horbury wakefield
Horden,,horden durham,horden england
Hordle,,hordle england,hordle hampshire
Horley,,hor lay,hor lee,hor leigh,horlay,horlee,horleigh,horley england,horley surrey
Horncastle,,horncastle england,horncastle lincolnshire
Hornchurch,,hornchurch england,hornchurch havering
Horndean,,horndean england,horndean hampshire
Horndon on the Hill,,horndon on the hill england,horndon on the hill thurrock,horndononthehill
Horning,,hon en,hon in,honen,honin,honn en,honn in,honnen,honnin,horn en,horn in,hornen,hornin,horning england,horning norfolk
Hornsea,,hornsea east riding of yorkshire,hornsea england
Hornsey,,hornsey england,hornsey haringey
Horrabridge,,horrabridge devon,horrabridge england
Horsehay,,horsehay england,horsehay telford and wrekin
Horsell,,horsell england,horsell surrey
Horsepath,,horsepath england,horsepath oxfordshire
Horsford,,horsford england,horsford norfolk
Horsforth,,horsforth england,horsforth leeds
Horsham,,hors-am,horsh-am,hors um,horsam,horsham england,horsham west sussex,horsum
Horsham Saint Faith,,faith,hors am saint faith,hors um saint faith,horsam saint faith,horsh am saint faith,horsham saint faith england,horsham saint faith norfolk,horshamsaintfaith,horsum saint faith,hsf
Horsmonden,,horsmonden england,horsmonden kent
Horsted Keynes,,horsted keynes england,horsted keynes west sussex,horstedkeynes
Horton,,hor tonne,hor tun,horton england,horton windsor and maidenhead,hortonne,hortun
Horton Heath,,hor tonne heath,hor tun heath,horton heath england,horton heath hampshire,hortonheath,hortonne heath,hortun heath
Horton Kirby,,hor tonne kirby,hor tun kirby,horton kirby england,horton kirby kent,hortonkirby,hortonne kirby,hortun kirby
Horwich,,horwich bolton,horwich england
Houghton,,hough tonne,hough tun,houghton cambridgeshire,houghton cumbria,houghton england,houghtonne,houghtun
Houghton Conquest,,conquest,hough tonne conquest,hough tun conquest,houghton conquest central bedfordshire,houghton conquest england,houghtonconquest,houghtonne conquest,houghtun conquest
Houghton le Spring,,hls,hough tonne le spring,hough tun le spring,houghton le spr en,houghton le spr in,houghton le spren,houghton le sprin,houghton le spring england,houghton le spring sunderland,houghtonlespring,houghtonne le spring,houghtun le spring,spring
Houghton on the Hill,,hough tonne on the hill,hough tun on the hill,houghton on the hill england,houghton on the hill leicestershire,houghtonne on the hill,houghtononthehill,houghtun on the hill
Houghton Regis,,hough tonne regis,hough tun regis,houghton regis central bedfordshire,houghton regis england,houghtonne regis,houghtonregis,houghtun regis
Hounslow,,Huns low,hounslow england
Houston,,hous tonne,hous tun,houston renfrewshire,houston scotland,houstonne,houstun
Hove,,hove brighton and hove,hove england
Howden,,howden east riding of yorkshire,howden england
Howwood,,howwood renfrewshire,howwood scotland
Hoylake,,hoylake england,hoylake wirral
Hoyland Nether,,hoyland nether barnsley,hoyland nether england,hoylandnether,nether
Hoylandswaine,,hoylandswaine barnsley,hoylandswaine england
Hubberston,,hubbers tonne,hubbers tun,hubberston pembrokeshire,hubberston wales,hubberstonne,hubberstun
Huby,,huby england,huby north yorkshire
Hucclecote,,hucclecote england,hucclecote gloucestershire
Hucknall,,hucknall england,hucknall nottinghamshire
Hucknall under Huthwaite,,hucknall under huthwaite england,hucknall under huthwaite nottinghamshire,hucknallunderhuthwaite,huh,huthwaite
Huddersfield,,huddersfield england,huddersfield kirklees
Hugglescote,,hugglescote england,hugglescote leicestershire
Hugh Town,,ht,hugh town england,hugh town isles of scilly,hughtown
Hughenden,,hughenden buckinghamshire,hughenden england
Hulland,,hulland derbyshire,hulland england
Hullavington,,hullaving tonne,hullaving tun,hullavington england,hullavington wiltshire,hullavingtonne,hullavingtun
Hullbridge,,hullbridge england,hullbridge essex
Humberston,,humbers tonne,humbers tun,humberston england,humberston north east lincolnshire,humberstonne,humberstun
Huncoat,,huncoat england,huncoat lancashire
Huncote,,huncote england,huncote leicestershire
Hundon,,hundon england,hundon suffolk
Hungerford,,hungerford england,hungerford west berkshire
Hunmanby,,hunmanby england,hunmanby north yorkshire
Hunnington,,hunning tonne,hunning tun,hunnington england,hunnington worcestershire,hunningtonne,hunningtun
Hunstanton,,hunstan tonne,hunstan tun,hunstanton england,hunstanton norfolk,hunstantonne,hunstantun
Hunston,,huns tonne,huns tun,hunston england,hunston west sussex,hunstonne,hunstun
Hunters Quay,,hq,hunters quay argyll and bute,hunters quay scotland,huntersquay
Huntingdon,,huntingdon cambridgeshire,huntingdon england
Huntington,,hunting tonne,hunting tun,huntington england,huntington staffordshire,huntington york,huntingtonne,huntingtun
Huntley,,hunt lay,hunt lee,hunt leigh,huntlay,huntlee,huntleigh,huntley england,huntley gloucestershire
Huntly,,huntly aberdeenshire,huntly scotland
Hurley,,hur lay,hur lee,hur leigh,hurlay,hurlee,hurleigh,hurley england,hurley warwickshire,hurley windsor and maidenhead
Hurlford,,hurlford east ayrshire,hurlford scotland
Hurst,,hurst england,hurst wokingham
Hurst Green,,hurst green east sussex,hurst green england,hurst green lancashire,hurstgreen
Hurstpierpoint,,hurstpierpoint england,hurstpierpoint west sussex
Hurworth-on-Tees,,hur werth on tees,hur wuth on tees,hurwerth on tees,hurworth-on-tees darlington,hurworth-on-tees england,hurwuth on tees
Husbands Bosworth,,husbands bos werth,husbands bos wuth,husbands boswerth,husbands bosworth england,husbands bosworth leicestershire,husbands boswuth,husbandsbosworth
Hutton,,hut tonne,hut tun,hutton england,hutton lancashire,hutton north somerset,huttonne,huttun
Hutton Cranswick,,hut tonne cranswick,hut tun cranswick,hutton cranswick east riding of yorkshire,hutton cranswick england,huttoncranswick,huttonne cranswick,huttun cranswick
Hutton Rudby,,hut tonne rudby,hut tun rudby,hutton rudby england,hutton rudby north yorkshire,huttonne rudby,huttonrudby,huttun rudby,rudby
Huyton,,huy tonne,huy tun,huyton england,huyton knowsley,huytonne,huytun
Hwlffordd,,hwlffordd pembrokeshire,hwlffordd wales
Hyde,,hyde england,hyde tameside
Hyde Heath,,hyde heath buckinghamshire,hyde heath england,hydeheath
Hythe,,hythe england,hythe hampshire,hythe kent
Ibstock,,ibstock england,ibstock leicestershire
Ickenham,,icken am,icken um,ickenam,ickenham england,ickenham hillingdon,ickenum
Ickford,,ickford buckinghamshire,ickford england
Ickleford,,ickleford england,ickleford hertfordshire
Icklesham,,ickles am,ickles um,icklesam,icklesham east sussex,icklesham england,icklesum
Idmiston,,idmis tonne,idmis tun,idmiston england,idmiston wiltshire,idmistonne,idmistun
Ifield,,ifield england,ifield west sussex
Ifold,,ifold england,ifold west sussex
Ightham,,ight am,ight um,ightam,ightham england,ightham kent,ightum
Ilchester,,ilchester england,ilchester somerset
Ilford,,ilford england,ilford redbridge
Ilfracombe,,ilfracombe devon,ilfracombe england
Ilkeston,,ilkes tonne,ilkes tun,ilkeston derbyshire,ilkeston england,ilkestonne,ilkestun
Ilkley,,ilk lay,ilk lee,ilk leigh,ilklay,ilklee,ilkleigh,ilkley bradford,ilkley england
Illogan,,illogan cornwall,illogan england
Ilminster,,ilminster england,ilminster somerset
Ilsington,,ilsing tonne,ilsing tun,ilsington devon,ilsington england,ilsingtonne,ilsingtun
Ilton,,ilton england,ilton somerset
Immingham,,imming am,imming um,immingam,immingham england,immingham north east lincolnshire,immingum
Ince-in-Makerfield,,iim,ince-in-makerfield england,ince-in-makerfield wigan
Inchinnan,,inchinnan renfrewshire,inchinnan scotland
Inchture,,inchture perth and kinross,inchture scotland
Ingatestone,,ingatestone england,ingatestone essex
Ingleton,,ingle tonne,ingle tun,ingleton england,ingleton north yorkshire,ingletonne,ingletun
Ingoldmells,,ingoldmells england,ingoldmells lincolnshire
Inkberrow,,inkberrow england,inkberrow worcestershire
Innellan,,innellan argyll and bute,innellan scotland
Innerleithen,,innerleithen scotland,innerleithen scottish borders
Insch,,insch aberdeenshire,insch scotland
Inverallochy and Cairnbulg,,cairnbulg,iac,inverallochy and cairnbulg aberdeenshire,inverallochy and cairnbulg scotland,inverallochyandcairnbulg
Inverbervie,,inverbervie aberdeenshire,inverbervie scotland
Inverclyde,
Invergordon,,invergordon highland,invergordon scotland
Invergowrie,,invergowrie perth and kinross,invergowrie scotland
Inverkeithing,,invekeith en,invekeith in,invekeithen,invekeithin,inverkeith en,inverkeith in,inverkeithen,inverkeithin,inverkeithing fife,inverkeithing scotland
Inverkip,,inverkip inverclyde,inverkip scotland
Inverness,,inverness highland,inverness scotland
Inverurie,,inverurie aberdeenshire,inverurie scotland
Ipplepen,,ipplepen devon,ipplepen england
Ipstones,,ipstones england,ipstones staffordshire
Ipswich,,ipswich england,ipswich suffolk
Irchester,,irchester england,irchester northamptonshire
Irlam,,irlam england,irlam salford
Iron Acton,,ia,iron acton england,iron acton south gloucestershire,ironacton
Ironbridge,,ironbridge england,ironbridge telford and wrekin
Ironville,,ironville derbyshire,ironville england
Irthlingborough,,irthling boro,irthling bruh,irthlingboro,irthlingborough england,irthlingborough northamptonshire,irthlingbruh
Irvine,,irvine north ayrshire,irvine scotland
Irvinestown,,irvinestown fermanagh and omagh,irvinestown northern ireland
Isle of Wight,,iow
Isleham,,isle am,isle um,isleam,isleham cambridgeshire,isleham england,isleum
Islington,,Es Lington,Isling Tonne,isling tun,islington england,islingtonne,islingtun
Istead Rise,,ir,istead rise england,istead rise kent,isteadrise,rise
Itchingfield,,itchingfield england,itchingfield west sussex
Iver,,iver buckinghamshire,iver england
Ivybridge,,ivybridge devon,ivybridge england
Iwade,,iwade england,iwade kent
Ixworth,,ixworth england,ixworth suffolk
Jacobs Well,,jacobs well england,jacobs well surrey,jacobswell,jw
Jarrow,,jarrow england,jarrow south tyneside
Jaywick,,jaywick england
Jedburgh,,jedburgh scotland,jedburgh scottish borders
Johnston,,johns tonne,johns tun,johnston pembrokeshire,johnston wales,johnstonne,johnstun
Johnstone,,johnstone renfrewshire,johnstone scotland
Jump,,jump barnsley,jump england
Kea,,kea cornwall,kea england
Keadby,,keadby england,keadby north lincolnshire
Keady,,"keady armagh city, banbridge and craigavon",keady northern ireland
Kearsley,,kears lay,kears lee,kears leigh,kearslay,kearslee,kearsleigh,kearsley bolton,kearsley england
Kedington,,keding tonne,keding tun,kedington england,kedington suffolk,kedingtonne,kedingtun
Keelby,,keelby england,keelby lincolnshire
Keele,,keele england,keele staffordshire
Kegworth,,keg werth,keg wuth,kegwerth,kegworth england,kegworth leicestershire,kegwuth
Keighley,,keigh lay,keigh lee,keigh leigh,keighlay,keighlee,keighleigh,keighley bradford,keighley england
Keinton Mandeville,,kein tonne mandeville,kein tun mandeville,keinton mandeville england,keinton mandeville somerset,keintonmandeville,keintonne mandeville,keintun mandeville
Keith,,keith moray,keith scotland
Kelsale,,kelsale england,kelsale suffolk
Kelsall,,kelsall cheshire west and chester,kelsall england
Kelso,,kelso scotland,kelso scottish borders
Kelty,,kelty fife,kelty scotland
Kelvedon,,kelvedon england,kelvedon essex
Kelvedon Hatch,,hatch,kelvedon hatch england,kelvedon hatch essex,kelvedonhatch
Kemerton,,kemer tonne,kemer tun,kemerton england,kemerton worcestershire,kemertonne,kemertun
Kemnay,,kemnay aberdeenshire,kemnay scotland
Kempsey,,kempsey england,kempsey worcestershire
Kempsford,,kempsford england,kempsford gloucestershire
Kempston,,kemps tonne,kemps tun,kempston bedford,kempston england,kempstonne,kempstun
Kemsing,,kems en,kems in,kemsen,kemsin,kemsing england,kemsing kent
Kendal,,kendal cumbria,kendal england
Kenilworth,,kenil werth,kenil wuth,kenilwerth,kenilworth england,kenilworth warwickshire,kenilwuth
Kenley,,ken lay,ken lee,ken leigh,kenlay,kenlee,kenleigh,kenley croydon,kenley england
Kenninghall,,kenninghall england,kenninghall norfolk
Kennington,,kenning tonne,kenning tun,kennington england,kennington oxfordshire,kenningtonne,kenningtun
Kennoway,,kennoway fife,kennoway scotland
Kensington,,Kens' Tonne,kensing tonne,kensing tun,kensington england,kensingtonne,kensingtun
Kensington and Chelsea,,chelsea,kac,kens tonne and chelsea,kensing tonne and chelsea,kensing tun and chelsea,kensington and chelsea england,kensingtonandchelsea,kensingtonne and chelsea,kensingtun and chelsea
Kensworth,,kens werth,kens wuth,kenswerth,kensworth central bedfordshire,kensworth england,kenswuth
Kent,
Kentford,,kentford england,kentford suffolk
Kenton,,ken tonne,ken tun,kenton brent,kenton devon,kenton england,kentonne,kentun
Kents Bank,,kents bank cumbria,kents bank england,kentsbank
Keresley End,,keres lay end,keres lee end,keres leigh end,kereslay end,kereslee end,keresleigh end,keresley end england,keresley end warwickshire,keresleyend
Kerry,,kerry powys,kerry wales
Kesgrave,,kesgrave england,kesgrave suffolk
Kessingland,,kessingland england,kessingland suffolk
Keswick,,keswick cumbria,keswick england
Kettering,,kette en,kette in,ketteen,kettein,ketter en,ketter in,ketteren,ketterin,kettering england,kettering northamptonshire
Ketton,,ket tonne,ket tun,ketton england,ketton rutland,kettonne,kettun
Kew Green,,kew green england,kew green richmond upon thames,kewgreen,kg
Kewstoke,,kewstoke england,kewstoke north somerset
Keyingham,,keying am,keying um,keyingam,keyingham east riding of yorkshire,keyingham england,keyingum
Keynsham,,keyns am,keyns um,keynsam,keynsham bath and north east somerset,keynsham england,keynsum
Keyworth,,key werth,key wuth,keywerth,keyworth england,keyworth nottinghamshire,keywuth
Kibblesworth,,kibbles werth,kibbles wuth,kibbleswerth,kibblesworth england,kibblesworth gateshead,kibbleswuth
Kidbrooke,,kidbrooke england,kidbrooke greenwich
Kidderminster,,kidderminster england,kidderminster worcestershire
Kidlington,,kidling tonne,kidling tun,kidlington england,kidlington oxfordshire,kidlingtonne,kidlingtun
Kidsgrove,,kidsgrove england,kidsgrove staffordshire
Kidwelly,,kidwelly carmarthenshire,kidwelly wales
Kilbarchan,,kilbarchan renfrewshire,kilbarchan scotland
Kilbirnie,,kilbirnie north ayrshire,kilbirnie scotland
Kilburn,,kilburn derbyshire,kilburn england
Kilcreggan,,kilcreggan argyll and bute,kilcreggan scotland
Kilgetty,,kilgetty pembrokeshire,kilgetty wales
Kilham,,kil am,kil um,kilam,kilham east riding of yorkshire,kilham england,kilum
Kilkeel,,"kilkeel newry, mourne and down",kilkeel northern ireland
Kilkhampton,,kilkhamp tonne,kilkhamp tun,kilkhampton cornwall,kilkhampton england,kilkhamptonne,kilkhamptun
Killamarsh,,killamarsh derbyshire,killamarsh england
Killearn,,killearn scotland,killearn stirling
Killinghall,,killinghall england,killinghall north yorkshire
Killingworth,,killing werth,killing wuth,killingwerth,killingworth england,killingworth north tyneside,killingwuth
Killyleagh,,"killyleagh newry, mourne and down",killyleagh northern ireland
Kilmacolm,,kilmacolm inverclyde,kilmacolm scotland
Kilmarnock,,kilmarnock east ayrshire,kilmarnock scotland
Kilmaurs,,kilmaurs east ayrshire,kilmaurs scotland
Kilnhurst,,kilnhurst england,kilnhurst rotherham
Kilrea,,kilrea causeway coast and glens,kilrea northern ireland
Kilsby,,kilsby england,kilsby northamptonshire
Kilsyth,,kilsyth north lanarkshire,kilsyth scotland
Kilwinning,,kilwinn en,kilwinn in,kilwinnen,kilwinnin,kilwinning north ayrshire,kilwinning scotland
Kimberley,,kimber lay,kimber lee,kimber leigh,kimberlay,kimberlee,kimberleigh,kimberley england,kimberley nottinghamshire
Kimbolton,,kimbol tonne,kimbol tun,kimbolton cambridgeshire,kimbolton england,kimboltonne,kimboltun
Kimpton,,kimp tonne,kimp tun,kimpton england,kimpton hertfordshire,kimptonne,kimptun
Kincardine,,kincardine fife,kincardine scotland
Kineton,,kine tonne,kine tun,kineton england,kineton warwickshire,kinetonne,kinetun
King's Lynn,,king's lynn england,king's lynn norfolk,king'slynn,lynn
King's Stanley,,king s stan lay,king s stan lee,king s stan leigh,king s stanlay,king s stanlee,king s stanleigh,king's stanley england,king's stanley gloucestershire,king'sstanley
Kinghorn,,kinghorn fife,kinghorn scotland
Kinglassie,,kinglassie fife,kinglassie scotland
Kings Bromley,,kings brom,kings brom lay,kings brom lee,kings brom leigh,kings bromlay,kings bromlee,kings bromleigh,kings bromley england,kings bromley staffordshire,kingsbromley
Kings Cliffe,,kings cliffe england,kings cliffe northamptonshire,kingscliffe
Kings Hill,,kings hill england,kings hill kent,kingshill
Kings Langley,,kings lang lay,kings lang lee,kings lang leigh,kings langlay,kings langlee,kings langleigh,kings langley england,kings langley hertfordshire,kingslangley
Kings Lynn,
Kings Norton,,kings nor tonne,kings nor tun,kings norton birmingham,kings norton england,kings nortonne,kings nortun,kingsnorton,kn
Kings Somborne,,kings somborne england,kings somborne hampshire,kingssomborne,somborne
Kings Sutton,,kings sut tonne,kings sut tun,kings sutton england,kings sutton northamptonshire,kings suttonne,kings suttun,kingssutton
Kings Worthy,,kings worthy england,kings worthy hampshire,kingsworthy,kw
Kingsbridge,,kingsbridge devon,kingsbridge england
Kingsbury,,kings berry,kings bree,kingsberry,kingsbree,kingsbury england,kingsbury warwickshire
Kingsbury Episcopi,,episcopi,kings berry episcopi,kings bree episcopi,kingsberry episcopi,kingsbree episcopi,kingsbury episcopi england,kingsbury episcopi somerset,kingsburyepiscopi
Kingsclere,,kingsclere england,kingsclere hampshire
Kingsdown,,kingsdown england,kingsdown kent
Kingskerswell,,kingskerswell devon,kingskerswell england
Kingskettle,,kingskettle fife,kingskettle scotland
Kingsland,,kingsland england,kingsland herefordshire
Kingsley,,kings lay,kings lee,kings leigh,kingslay,kingslee,kingsleigh,kingsley cheshire west and chester,kingsley england,kingsley staffordshire
Kingsnorth,,kingsnorth england,kingsnorth kent
Kingsteignton,,kingsteign tonne,kingsteign tun,kingsteignton devon,kingsteignton england,kingsteigntonne,kingsteigntun
Kingsthorpe,,kingsthorpe england,kingsthorpe northamptonshire
Kingston Bagpuze,,bagpuze,kings tonne bagpuze,kings tun bagpuze,kingston bagpuze england,kingston bagpuze oxfordshire,kingstonbagpuze,kingstonne bagpuze,kingstun bagpuze
Kingston upon Hull,,Hull,kings tonne upon hull,kings tun upon hull,kingston upon hull england,kingstonne upon hull,kingstonuponhull,kingstun upon hull,kuh
Kingston upon Thames,,Kingston,kings tonne upon thames,kings tun upon thames,kingston upon thames england,kingstonne upon thames,kingstonuponthames,kingstun upon thames,kut
Kingstone,,kingstone england,kingstone herefordshire
Kingswear,,kingswear devon,kingswear england
Kingswinford,,kingswinford england,kingswinford staffordshire
Kingswood,,kingswood england,kingswood gloucestershire,kingswood kent,kingswood south gloucestershire,kingswood surrey,kingswood warwickshire
Kington,,king tonne,king tun,kington england,kington herefordshire,kingtonne,kingtun
Kingussie,,kingussie highland,kingussie scotland
Kinloss,,kinloss moray,kinloss scotland
Kinmel,,kinmel denbighshire,kinmel wales
Kinnerley,,kinner lay,kinner lee,kinner leigh,kinnerlay,kinnerlee,kinnerleigh,kinnerley england,kinnerley shropshire
Kinross,,kinross perth and kinross,kinross scotland
Kintbury,,kint berry,kint bree,kintberry,kintbree,kintbury england,kintbury west berkshire
Kintore,,kintore aberdeenshire,kintore scotland
Kinvere,,kinvere england,kinvere staffordshire
Kippax,,kippax england,kippax leeds
Kippen,,kippen scotland,kippen stirling
Kirby Cross,,kirby cross england,kirby cross essex,kirbycross
Kirby Muxloe,,kirby muxloe england,kirby muxloe leicestershire,kirbymuxloe,muxloe
Kirby-le-Soken,,kirby-le-soken england,kirby-le-soken essex,kls
Kirdford,,kirdford england,kirdford west sussex
Kirk Ella,,ella,kirk ella east riding of yorkshire,kirk ella england,kirkella
Kirk of Shotts,,kirk of shotts north lanarkshire,kirk of shotts scotland,kirkofshotts,kos,shotts
Kirkburton,,kirkbur tonne,kirkbur tun,kirkburton england,kirkburton kirklees,kirkburtonne,kirkburtun
Kirkby,,kirkby england,kirkby knowsley
Kirkby in Ashfield,,kia,kirkby in ashfield england,kirkby in ashfield nottinghamshire,kirkbyinashfield
Kirkby Lonsdale,,kirkby lonsdale cumbria,kirkby lonsdale england,kirkbylonsdale,lonsdale
Kirkby Moorside,,kirkby moorside england,kirkby moorside north yorkshire,kirkbymoorside,moorside
Kirkby Stephen,,kirkby stephen cumbria,kirkby stephen england,kirkbystephen
Kirkby-in-Furness,,kif,kirkby-in-furness cumbria,kirkby-in-furness england
Kirkcaldy,,kirkcaldy fife,kirkcaldy scotland
Kirkconnel,,kirkconnel dumfries and galloway,kirkconnel scotland
Kirkcudbright,,kirkcudbright dumfries and galloway,kirkcudbright scotland
Kirkham,,kirk am,kirk um,kirkam,kirkham england,kirkham lancashire,kirkum
Kirkheaton,,kirkhea tonne,kirkhea tun,kirkheaton england,kirkheaton kirklees,kirkheatonne,kirkheatun
Kirkintilloch,,kirkintilloch east dunbartonshire,kirkintilloch scotland
Kirkleatham,,kirkleat am,kirkleat um,kirkleatam,kirkleatham england,kirkleatham redcar and cleveland,kirkleatum
Kirklees,
Kirklevington,,kirkleving tonne,kirkleving tun,kirklevington england,kirklevington stockton-on-tees,kirklevingtonne,kirklevingtun
Kirkliston,,kirklis tonne,kirklis tun,"kirkliston edinburgh, city of",kirkliston scotland,kirklistonne,kirklistun
Kirknewton,,kirknew tonne,kirknew tun,kirknewton scotland,kirknewton west lothian,kirknewtonne,kirknewtun
Kirkstall,,kirkstall england,kirkstall leeds
Kirkwall,,kirkwall orkney islands,kirkwall scotland
Kirn,,kirn argyll and bute,kirn scotland
Kirriemuir,,kirriemuir angus,kirriemuir scotland
Kirton,,kir tonne,kir tun,kirton england,kirton lincolnshire,kirton suffolk,kirtonne,kirtun
Kirton in Lindsey,,kil,kir tonne in lindsey,kir tun in lindsey,kirton in lindsey england,kirton in lindsey north lincolnshire,kirtoninlindsey,kirtonne in lindsey,kirtun in lindsey,lindsey
Kislingbury,,kisling berry,kisling bree,kislingberry,kislingbree,kislingbury england,kislingbury northamptonshire
Kiveton Park,,kive tonne park,kive tun park,kiveton park england,kiveton park rotherham,kivetonne park,kivetonpark,kivetun park,kp
Knaresborough,,knares boro,knares bruh,knaresboro,knaresborough england,knaresborough north yorkshire,knaresbruh
Knebworth,,kneb werth,kneb wuth,knebwerth,knebworth england,knebworth hertfordshire,knebwuth
Knighton,,knigh tonne,knigh tun,knighton shropshire,knighton wales,knightonne,knightun
Knockholt,,knockholt england,knockholt kent
Knottingley,,knotting lay,knotting lee,knotting leigh,knottinglay,knottinglee,knottingleigh,knottingley england,knottingley wakefield
Knowle,,knowle england,knowle solihull
Knowsley,,knows lay,knows lee,knows leigh,knowslay,knowslee,knowsleigh,knowsley england
Knutsford,,knutsford cheshire east,knutsford england
Laceby,,laceby england,laceby north east lincolnshire
Lacock,,lacock england,lacock wiltshire
Ladock,,ladock cornwall,ladock england
Ladybank,,ladybank fife,ladybank scotland
Laindon,,laindon england,laindon essex
Lakenheath,,lakenheath england,lakenheath suffolk
Laleham,,lale am,lale um,laleam,laleham england,laleham surrey,laleum
Lamberhurst,,lamberhurst england,lamberhurst kent
Lambeth,,lambeth england
Lambley,,lamb lay,lamb lee,lamb leigh,lamblay,lamblee,lambleigh,lambley england,lambley nottinghamshire
Lambourn,,lambourn england,lambourn west berkshire
Lamesley,,lames lay,lames lee,lames leigh,lameslay,lameslee,lamesleigh,lamesley england,lamesley gateshead
Lamlash,,lamlash north ayrshire,lamlash scotland
Lampeter,,lampeter ceredigion,lampeter wales
Lampeter Velfrey,,lampeter velfrey pembrokeshire,lampeter velfrey wales,lampetervelfrey,velfrey
Lanark,,lanark scotland,lanark south lanarkshire
Lancashire,
Lancaster,,lancaster england,lancaster lancashire
Lanchester,,lanchester durham,lanchester england
Lancing,,lanc en,lanc in,lancen,lancin,lancing england,lancing west sussex
Landewednack,,landewednack cornwall,landewednack england
Landford,,landford england,landford wiltshire
Landkey,,landkey devon,landkey england
Landore,,landore swansea,landore wales
Landrake,,landrake cornwall,landrake england
Lane End,,lane end buckinghamshire,lane end england,laneend
Langford,,langford central bedfordshire,langford england
Langham,,lang am,lang um,langam,langham england,langham rutland,langum
Langho,,langho england,langho lancashire
Langholm,,langholm dumfries and galloway,langholm scotland
Langley,,lang lay,lang lee,lang leigh,langlay,langlee,langleigh,langley england,langley kent
Langley Mill,,lang lay mill,lang lee mill,lang leigh mill,langlay mill,langlee mill,langleigh mill,langley mill derbyshire,langley mill england,langleymill,mill
Langley Park,,lang lay park,lang lee park,lang leigh park,langlay park,langlee park,langleigh park,langley park durham,langley park england,langleypark
Langley Vale,,lang lay vale,lang lee vale,lang leigh vale,langlay vale,langlee vale,langleigh vale,langley vale england,langley vale surrey,langleyvale
Langold,,langold england,langold rotherham
Langport,,langport england,langport somerset
Langstone,,langstone newport,langstone wales
Langtoft,,langtoft england,langtoft lincolnshire
Lanivet,,lanivet cornwall,lanivet england
Lanner,,lanner cornwall,lanner england
Lansallos,,lansallos cornwall,lansallos england
Lapford,,lapford devon,lapford england
Lapworth,,lap werth,lap wuth,lapwerth,lapworth england,lapworth warwickshire,lapwuth
Larbert,,larbert falkirk,larbert scotland
Largs,,largs north ayrshire,largs scotland
Lark Hill,,lark hill england,lark hill wiltshire,larkhill
Larkfield,,larkfield england,larkfield kent
Larkhall,,larkhall scotland,larkhall south lanarkshire
Larne,,larne mid and east antrim,larne northern ireland
Latchford,,latchford england,latchford warrington
Latchingdon and Snoreham,,las,latchingdon and snore am,latchingdon and snore um,latchingdon and snoream,latchingdon and snoreham england,latchingdon and snoreham essex,latchingdon and snoreum,latchingdonandsnoreham,snoreham
Lauder,,lauder scotland,lauder scottish borders
Laugharne,,laugharne carmarthenshire,laugharne wales
Laughton en le Morthen,,laugh tonne en le morthen,laugh tun en le morthen,laughton en le morthen england,laughton en le morthen rotherham,laughtonenlemorthen,laughtonne en le morthen,laughtun en le morthen,lelm
Launceston,,launces tonne,launces tun,launceston cornwall,launceston england,launcestonne,launcestun
Launton,,laun tonne,laun tun,launton england,launton oxfordshire,launtonne,launtun
Laurencekirk,,laurencekirk aberdeenshire,laurencekirk scotland
Laurieston,,lauries tonne,lauries tun,laurieston falkirk,laurieston scotland,lauriestonne,lauriestun
Lavendon,,lavendon england,lavendon milton keynes
Lavenham,,laven am,laven um,lavenam,lavenham england,lavenham suffolk,lavenum
Law,,law scotland,law south lanarkshire
Lawford,,lawford england,lawford essex
Laxfield,,laxfield england,laxfield suffolk
Layer Breton,,breton,layer bre tonne,layer bre tun,layer breton england,layer breton essex,layer bretonne,layer bretun,layerbreton
Layer de la Haye,,haye,layer de la haye england,layer de la haye essex,layerdelahaye,ldlh
Lazonby,,lazonby cumbria,lazonby england
Lea,,lea england,lea lincolnshire
Lea Town,,lea town england,lea town lancashire,leatown,lt
Leadgate,,leadgate durham,leadgate england
Leagrave,,leagrave england,leagrave luton
Leasingham,,leasing am,leasing um,leasingam,leasingham england,leasingham lincolnshire,leasingum
Leatherhead,,leatherhead england,leatherhead surrey
Leavenheath,,leavenheath england,leavenheath suffolk
Leavesden Green,,leavesden green england,leavesden green hertfordshire,leavesdengreen
Lechlade,,lechlade england,lechlade gloucestershire
Leconfield,,leconfield east riding of yorkshire,leconfield england
Ledbury,,led berry,led bree,ledberry,ledbree,ledbury england,ledbury herefordshire
Lee-on-the-Solent,,lee-on-the-solent england,lee-on-the-solent hampshire,lots
Leeds,,leeds england
Leek,,leek england,leek staffordshire
Leek Wootton,,leek woot tonne,leek woot tun,leek wootton england,leek wootton warwickshire,leek woottonne,leek woottun,leekwootton
Leeming,,leem en,leem in,leemen,leemin,leeming england,leeming north yorkshire
Lees,,lees england,lees oldham
Leeswood,,leeswood flintshire,leeswood wales
Leicester,,Lester,leicester england
Leicestershire,,lestersher
Leigh,,Lay,leigh england,leigh kent,leigh wigan,leigh worcestershire
Leigh-on-Sea,,lay on sea,leigh-on-sea england,leigh-on-sea southend-on-sea
Leighton Buzzard,,Leighton,buzzard,leigh tonne buzzard,leigh tun buzzard,leighton buzzard central bedfordshire,leighton buzzard england,leightonbuzzard,leightonne buzzard,leightun buzzard
Leiston,,leis tonne,leis tun,leiston england,leiston suffolk,leistonne,leistun
Leith,,"leith edinburgh, city of",leith scotland
Lemington,,leming tonne,leming tun,lemington england,lemington newcastle upon tyne,lemingtonne,lemingtun
Lenham,,len am,len um,lenam,lenham england,lenham kent,lenum
Lennoxtown,,lennoxtown east dunbartonshire,lennoxtown scotland
Lenzie,,lenzie east dunbartonshire,lenzie scotland
Leominster,,leominster england,leominster herefordshire
Lepton,,lep tonne,lep tun,lepton england,lepton kirklees,leptonne,leptun
Lerwick,,lerwick scotland,lerwick shetland islands
Lesbury,,les berry,les bree,lesberry,lesbree,lesbury england,lesbury northumberland
Leslie,,leslie fife,leslie scotland
Lesmahagow,,lesmahagow scotland,lesmahagow south lanarkshire
Letchworth,,letch werth,letch wuth,letchwerth,letchworth england,letchworth hertfordshire,letchwuth
Letham,,let am,let um,letam,letham angus,letham scotland,letum
Letterston,,letters tonne,letters tun,letterston pembrokeshire,letterston wales,letterstonne,letterstun
Leuchars,,leuchars fife,leuchars scotland
Leven,,leven east riding of yorkshire,leven england,leven fife,leven scotland
Levens,,levens cumbria,levens england
Leverington,,levering tonne,levering tun,leverington england,leverington lincolnshire,leveringtonne,leveringtun
Lewannick,,lewannick cornwall,lewannick england
Lewes,,lewes east sussex,lewes england
Lewisham,,lewis am,lewis um,lewisam,lewisham england,lewisum
Lexden,,lexden england,lexden essex
Leyburn,,leyburn england,leyburn north yorkshire
Leyland,,leyland england,leyland lancashire
Leyton,,ley tonne,ley tun,leyton england,leyton waltham forest,leytonne,leytun
Lhanbryd,,lhanbryd moray,lhanbryd scotland
Lichfield,,lichfield england,lichfield staffordshire
Lickey End,,lickey end england,lickey end worcestershire,lickeyend
Lidlington,,lidling tonne,lidling tun,lidlington central bedfordshire,lidlington england,lidlingtonne,lidlingtun
Lifton,,lif tonne,lif tun,lifton devon,lifton england,liftonne,liftun
Lighthorne Heath,,lighthorne heath england,lighthorne heath warwickshire,lighthorneheath
Lightwater,,lightwater england,lightwater surrey
Lilleshall,,lilleshall england,lilleshall telford and wrekin
Limavady,,limavady causeway coast and glens,limavady northern ireland
Limekilns,,limekilns fife,limekilns scotland
Limpsfield,,limpsfield england,limpsfield surrey
Linchmere,,linchmere england,linchmere west sussex
Lincoln,,lincoln england,lincoln lincolnshire
Lincolnshire,
Lindfield,,lindfield england,lindfield west sussex
Lindford,,lindford england,lindford hampshire
Lingdale,,lingdale england,lingdale redcar and cleveland
Lingfield,,lingfield england,lingfield surrey
Lingwood,,lingwood england,lingwood norfolk
Linkinhorne,,linkinhorne cornwall,linkinhorne england
Linlithgow,,linlithgow scotland,linlithgow west lothian
Linslade,,linslade central bedfordshire,linslade england
Linthwaite,,linthwaite england,linthwaite kirklees
Linton,,lin tonne,lin tun,linton cambridgeshire,linton derbyshire,linton england,lintonne,lintun
Linwood,,linwood renfrewshire,linwood scotland
Liphook,,liphook england,liphook hampshire
Lisbellaw,,lisbellaw fermanagh and omagh,lisbellaw northern ireland
Lisburn,,lisburn northern ireland
Lisburn and Castlereagh,,lac
Liskeard,,liskeard cornwall,liskeard england
Lisnaskea,,lisnaskea fermanagh and omagh,lisnaskea northern ireland
Liss,,liss england,liss hampshire
Litherland,,litherland england,litherland sefton
Little Baddow,,little baddow england,little baddow essex,littlebaddow
Little Bookham,,little book am,little book um,little bookam,little bookham england,little bookham surrey,little bookum,littlebookham
Little Canfield,,canfield,little canfield england,little canfield essex,littlecanfield
Little Clacton,,little clac tonne,little clac tun,little clacton england,little clacton essex,little clactonne,little clactun,littleclacton
Little Dean,,little dean england,little dean gloucestershire,littledean
Little Downham,,downham,little down am,little down um,little downam,little downham cambridgeshire,little downham england,little downum,littledownham
Little Eaton,,little eaton derbyshire,little eaton england,littleeaton
Little Eversden,,eversden,little eversden cambridgeshire,little eversden england,littleeversden
Little Gaddesden,,gaddesden,little gaddesden england,little gaddesden hertfordshire,littlegaddesden
Little Hadham,,little had am,little had um,little hadam,little hadham england,little hadham hertfordshire,little hadum,littlehadham
Little Hallingbury,,hallingbury,little halling berry,little halling bree,little hallingberry,little hallingbree,little hallingbury england,little hallingbury essex,littlehallingbury
Little Haywood,,haywood,little haywood england,little haywood staffordshire,littlehaywood
Little Hulton,,hulton,little hul tonne,little hul tun,little hulton england,little hulton salford,little hultonne,little hultun,littlehulton
Little Lever,,lever,little lever bolton,little lever england,littlelever
Little Marlow,,little marlow buckinghamshire,little marlow england,littlemarlow
Little Missenden,,little missenden buckinghamshire,little missenden england,littlemissenden
Little Oakley,,little oak lay,little oak lee,little oak leigh,little oaklay,little oaklee,little oakleigh,little oakley england,little oakley essex,littleoakley,lo
Little Paxton,,little pax tonne,little pax tun,little paxton cambridgeshire,little paxton england,little paxtonne,little paxtun,littlepaxton
Little Plumstead,,little plumstead england,little plumstead norfolk,littleplumstead
Little Raveley,,little rave lay,little rave lee,little rave leigh,little ravelay,little ravelee,little raveleigh,little raveley cambridgeshire,little raveley england,littleraveley,raveley
Little Stukeley,,little stuke lay,little stuke lee,little stuke leigh,little stukelay,little stukelee,little stukeleigh,little stukeley cambridgeshire,little stukeley england,littlestukeley
Little Waltham,,little walt am,little walt um,little waltam,little waltham england,little waltham essex,little waltum,littlewaltham
Littleborough,,little boro,little bruh,littleboro,littleborough england,littleborough rochdale,littlebruh
Littlebourne,,littlebourne england,littlebourne kent
Littlehampton,,lil'ampton,littlehamp tonne,littlehamp tun,littlehampton england,littlehampton west sussex,littlehamptonne,littlehamptun
Littlemore,,littlemore england,littlemore oxfordshire
Littleover,,littleover derby,littleover england
Littleport,,littleport cambridgeshire,littleport england
Littlestone-on-Sea,,littlestone-on-sea england,littlestone-on-sea kent
Littlethorpe,,littlethorpe england,littlethorpe leicestershire
Littleton,,little tonne,little tun,littleton england,littleton hampshire,littletonne,littletun
Liverpool,,liverpool england
Liversedge,,liversedge england,liversedge kirklees
Livingston,,livings tonne,livings tun,livingston scotland,livingston west lothian,livingstonne,livingstun
Lixwm,,lixwm flintshire,lixwm wales
Llanaelhaiarn,,llanaelhaiarn gwynedd,llanaelhaiarn wales
Llanarth,,llanarth ceredigion,llanarth wales
Llanasa,,llanasa flintshire,llanasa wales
Llanbadarn-fawr,,llanbadarn-fawr ceredigion,llanbadarn-fawr wales
Llanbadrig,,llanbadrig isle of anglesey,llanbadrig wales
Llanberis,,llanberis gwynedd,llanberis wales
Llanboidy,,llanboidy carmarthenshire,llanboidy wales
Llanbradach,,llanbradach caerphilly,llanbradach wales
Llanddarog,,llanddarog carmarthenshire,llanddarog wales
Llandderfel,,llandderfel gwynedd,llandderfel wales
Llanddulas,,llanddulas conwy,llanddulas wales
Llanddyfnan,,llanddyfnan isle of anglesey,llanddyfnan wales
Llandefaelog,,llandefaelog carmarthenshire,llandefaelog wales
Llandegai,,llandegai gwynedd,llandegai wales
Llandegfan,,llandegfan isle of anglesey,llandegfan wales
Llandeilo,,llandeilo carmarthenshire,llandeilo wales
Llandough,,"llandough vale of glamorgan, the",llandough wales
Llandovery,,llandovery carmarthenshire,llandovery wales
Llandrindod Wells,,llandrindod wells powys,llandrindod wells wales,llandrindodwells
Llandrinio,,llandrinio powys,llandrinio wales
Llandudno,,llandudno conwy,llandudno wales
Llandudno Junction,,junction,lj,llandudno junction conwy,llandudno junction wales,llandudnojunction
Llandwrog,,llandwrog gwynedd,llandwrog wales
Llandybie,,llandybie carmarthenshire,llandybie wales
Llandyrnog,,llandyrnog denbighshire,llandyrnog wales
Llandysilio,,llandysilio powys,llandysilio wales
Llandyssul,,llandyssul carmarthenshire,llandyssul wales
Llanedy,,llanedy carmarthenshire,llanedy wales
Llanegwad,,llanegwad carmarthenshire,llanegwad wales
Llanelli,,llanelli carmarthenshire,llanelli wales
Llanengan,,llanengan gwynedd,llanengan wales
Llanerchymedd,,llanerchymedd isle of anglesey,llanerchymedd wales
Llanfaelog,,llanfaelog isle of anglesey,llanfaelog wales
Llanfair Caereinion,,caereinion,llanfair caereinion powys,llanfair caereinion wales,llanfaircaereinion
Llanfair-Dyffryn-Clwyd,,ldc,llanfair-dyffryn-clwyd denbighshire,llanfair-dyffryn-clwyd wales
Llanfairfechan,,llanfairfechan conwy,llanfairfechan wales
Llanfairpwllgwyngyll,,llanfairpwllgwyngyll isle of anglesey,llanfairpwllgwyngyll wales
Llanfechell,,llanfechell isle of anglesey,llanfechell wales
Llanfihangel-ar-Arth,,laa,llanfihangel-ar-arth carmarthenshire,llanfihangel-ar-arth wales
Llanfoist,,llanfoist monmouthshire,llanfoist wales
Llanfyllin,,llanfyllin powys,llanfyllin wales
Llangadock,,llangadock carmarthenshire,llangadock wales
Llangarren,,llangarren england,llangarren herefordshire
Llangefni,,llangefni isle of anglesey,llangefni wales
Llangeler,,llangeler carmarthenshire,llangeler wales
Llangendeirne,,llangendeirne carmarthenshire,llangendeirne wales
Llangennech,,llangennech carmarthenshire,llangennech wales
Llangerniew,,llangerniew conwy,llangerniew wales
Llangoed,,llangoed isle of anglesey,llangoed wales
Llangollen,,llangollen denbighshire,llangollen wales
Llangorse,,llangorse powys,llangorse wales
Llangristiolus,,llangristiolus isle of anglesey,llangristiolus wales
Llangunnor,,llangunnor carmarthenshire,llangunnor wales
Llangybi,,llangybi monmouthshire,llangybi wales
Llangynidr,,llangynidr powys,llangynidr wales
Llangynwyd,,llangynwyd bridgend,llangynwyd wales
Llanharan,,llanharan rhondda cynon taff,llanharan wales
Llanharry,,llanharry rhondda cynon taff,llanharry wales
Llanhilleth,,llanhilleth caerphilly,llanhilleth wales
Llanidloes,,llanidloes powys,llanidloes wales
Llanilar,,llanilar ceredigion,llanilar wales
Llanllyfni,,llanllyfni gwynedd,llanllyfni wales
Llannon,,llannon carmarthenshire,llannon wales
Llannor,,llannor gwynedd,llannor wales
Llanrhaiadr-ym-Mochnant,,llanrhaiadr-ym-mochnant powys,llanrhaiadr-ym-mochnant wales
Llanrug,,llanrug gwynedd,llanrug wales
Llanrwst,,llanrwst conwy,llanrwst wales
Llansannan,,llansannan conwy,llansannan wales
Llansantffraid,,llansantffraid ceredigion,llansantffraid wales
Llansantffraid Glan Conwy,,lgc,llansantffraid glan conwy conwy,llansantffraid glan conwy wales,llansantffraidglanconwy
Llansantffraid-ym-Mechain,,llansantffraid-ym-mechain powys,llansantffraid-ym-mechain wales
Llansantffread,,llansantffread powys,llansantffread wales
Llantarnam,,llantarnam torfaen,llantarnam wales
Llantrisant,,llantrisant rhondda cynon taff,llantrisant wales
Llantwit Fardre,,fardre,llantwit fardre rhondda cynon taff,llantwit fardre wales,llantwitfardre
Llantwit Major,,"llantwit major vale of glamorgan, the",llantwit major wales,llantwitmajor
Llanvihangel Crucorney,,crucorney,llanvihangel crucorney monmouthshire,llanvihangel crucorney wales,llanvihangelcrucorney
Llanwenog,,llanwenog ceredigion,llanwenog wales
Llanwern,,llanwern newport,llanwern wales
Llanwnda,,llanwnda gwynedd,llanwnda wales
Llanybyther,,llanybyther carmarthenshire,llanybyther wales
Llanymynech,,llanymynech powys,llanymynech wales
Llanyre,,llanyre powys,llanyre wales
Llanystumdwy,,llanystumdwy gwynedd,llanystumdwy wales
Llay,,llay wales,llay wrexham
Llechryd,,llechryd pembrokeshire,llechryd wales
Llithfaen,,llithfaen gwynedd,llithfaen wales
Llwydcoed,,llwydcoed rhondda cynon taff,llwydcoed wales
Llwynypia,,llwynypia rhondda cynon taff,llwynypia wales
Llysfaen,,llysfaen conwy,llysfaen wales
Loanhead,,loanhead midlothian,loanhead scotland
Locharbriggs,,locharbriggs dumfries and galloway,locharbriggs scotland
Lochgelly,,lochgelly fife,lochgelly scotland
Lochgilphead,,lochgilphead argyll and bute,lochgilphead scotland
Lochmaben,,lochmaben dumfries and galloway,lochmaben scotland
Lochwinnoch,,lochwinnoch renfrewshire,lochwinnoch scotland
Lockerbie,,lockerbie dumfries and galloway,lockerbie scotland
Locking,,lock en,lock in,locken,lockin,locking england,locking north somerset
Locks Heath,,locks heath england,locks heath hampshire,locksheath
Loddiswell,,loddiswell devon,loddiswell england
Loddon,,loddon england,loddon norfolk
Loftus,,loftus england,loftus redcar and cleveland
Loggerheads,,loggerheads england,loggerheads staffordshire
London,,The City,london england
London Colney,,colney,london colney england,london colney hertfordshire,londoncolney,the city colney
Long Ashton,,long ash tonne,long ash tun,long ashton england,long ashton north somerset,long ashtonne,long ashtun,longashton
Long Bennington,,bennington,long benning tonne,long benning tun,long bennington england,long bennington lincolnshire,long benningtonne,long benningtun,longbennington
Long Buckby,,buckby,long buckby england,long buckby northamptonshire,longbuckby
Long Crendon,,crendon,long crendon buckinghamshire,long crendon england,longcrendon
Long Ditton,,long dit tonne,long dit tun,long ditton england,long ditton surrey,long dittonne,long dittun,longditton
Long Eaton,,long eaton derbyshire,long eaton england,longeaton
Long Hanborough,,hanborough,long han boro,long han bruh,long hanboro,long hanborough england,long hanborough oxfordshire,long hanbruh,longhanborough
Long Houghton,,long hough tonne,long hough tun,long houghton england,long houghton northumberland,long houghtonne,long houghtun,longhoughton
Long Itchington,,li,long itching tonne,long itching tun,long itchington england,long itchington warwickshire,long itchingtonne,long itchingtun,longitchington
Long Lawford,,long lawford england,long lawford warwickshire,longlawford
Long Melford,,long melford england,long melford suffolk,longmelford,melford
Long Stanton,,long stan tonne,long stan tun,long stanton cambridgeshire,long stanton england,long stantonne,long stantun,longstanton
Long Stratton,,long strat tonne,long strat tun,long stratton england,long stratton norfolk,long strattonne,long strattun,longstratton
Long Sutton,,long sut tonne,long sut tun,long sutton england,long sutton lincolnshire,long suttonne,long suttun,longsutton
Long Whatton,,long what tonne,long what tun,long whatton england,long whatton leicestershire,long whattonne,long whattun,longwhatton,whatton
Longbenton,,longben tonne,longben tun,longbenton england,longbenton newcastle upon tyne,longbentonne,longbentun
Longbridge,,longbridge birmingham,longbridge england
Longdon,,longdon england,longdon staffordshire
Longfield,,longfield england,longfield kent
Longford,,longford england,longford gloucestershire
Longforgan,,longforgan perth and kinross,longforgan scotland
Longframlington,,longframling tonne,longframling tun,longframlington england,longframlington northumberland,longframlingtonne,longframlingtun
Longhope,,longhope england,longhope gloucestershire
Longniddry,,longniddry east lothian,longniddry scotland
Longridge,,longridge england,longridge lancashire
Longside,,longside aberdeenshire,longside scotland
Longton,,long tonne,long tun,longton england,longton lancashire,longton stoke-on-trent,longtonne,longtun
Longtown,,longtown cumbria,longtown england
Longwick,,longwick buckinghamshire,longwick england
Looe,,looe cornwall,looe england
Loose,,loose england,loose kent
Lossiemouth,,lossie mouff,lossie muth,lossiemouff,lossiemouth moray,lossiemouth scotland,lossiemuth
Lostock Gralam,,gralam,lostock gralam cheshire west and chester,lostock gralam england,lostockgralam
Lostwithiel,,lostwithiel cornwall,lostwithiel england
Loudwater,,loudwater buckinghamshire,loudwater england
Loughborough,,lough boro,lough bruh,loughboro,loughborough england,loughborough leicestershire,loughbruh,luff bruh,luffborough
Loughor,,loughor swansea,loughor wales
Loughton,,lough tonne,lough tun,loughton england,loughton essex,loughton milton keynes,loughtonne,loughtun
Louth,,louth england,louth lincolnshire
Low Ackworth,,low ack werth,low ack wuth,low ackwerth,low ackworth england,low ackworth wakefield,low ackwuth,lowackworth
Low Bradley,,low brad lay,low brad lee,low brad leigh,low bradlay,low bradlee,low bradleigh,low bradley england,low bradley north yorkshire,lowbradley
Lowdham,,lowd am,lowd um,lowdam,lowdham england,lowdham nottinghamshire,lowdum
Lower Beeding,,lower beed en,lower beed in,lower beeden,lower beedin,lower beeding england,lower beeding west sussex,lowerbeeding
Lower Brailes,,brailes,lower brailes england,lower brailes warwickshire,lowerbrailes
Lower Broadheath,,broadheath,lower broadheath england,lower broadheath worcestershire,lowerbroadheath
Lower Bullingham,,bullingham,lower bulling am,lower bulling um,lower bullingam,lower bullingham england,lower bullingham herefordshire,lower bullingum,lowerbullingham
Lower Halstow,,lower halstow england,lower halstow kent,lowerhalstow
Lower Kingswood,,lk,lower kingswood england,lower kingswood surrey,lowerkingswood
Lower Largo,,largo,lower largo fife,lower largo scotland,lowerlargo
Lower Lemington,,lower leming tonne,lower leming tun,lower lemington england,lower lemington gloucestershire,lower lemingtonne,lower lemingtun,lowerlemington
Lower Penn,,lower penn england,lower penn staffordshire,lowerpenn
Lower Shelton,,lower shel tonne,lower shel tun,lower shelton central bedfordshire,lower shelton england,lower sheltonne,lower sheltun,lowershelton,shelton
Lowestoft,,lowestoft england,lowestoft suffolk
Lowton,,low tonne,low tun,lowton england,lowton wigan,lowtonne,lowtun
Loxwood,,loxwood england,loxwood west sussex
Lubenham,,luben am,luben um,lubenam,lubenham england,lubenham leicestershire,lubenum
Luddenden Foot,,foot,luddenden foot calderdale,luddenden foot england,luddendenfoot
Ludgershall,,ludgershall england,ludgershall hampshire
Ludgvan,,ludgvan cornwall,ludgvan england
Ludham,,lud am,lud um,ludam,ludham england,ludham norfolk,ludum
Ludlow,,ludlow england,ludlow shropshire
Lugwardine,,lugwardine england,lugwardine herefordshire
Luncarty,,luncarty perth and kinross,luncarty scotland
Luton,,luton england
Lutterworth,,lutter werth,lutter wuth,lutterwerth,lutterworth england,lutterworth leicestershire,lutterwuth
Lutton,,lut tonne,lut tun,lutton england,lutton lincolnshire,luttonne,luttun
Luxulian,,luxulian cornwall,luxulian england
Lydbrook,,lydbrook england,lydbrook herefordshire
Lydd,,lydd england,lydd kent
Lydiard Millicent,,lydiard millicent england,lydiard millicent wiltshire,lydiardmillicent,millicent
Lydiate,,lydiate england,lydiate sefton
Lydney,,lydney england,lydney gloucestershire
Lye,,lye dudley,lye england
Lyme Regis,,lyme regis dorset,lyme regis england,lymeregis
Lyminge,,lyminge england,lyminge kent
Lymington,,lyming tonne,lyming tun,lymington england,lymington hampshire,lymingtonne,lymingtun
Lymm,,lymm cheshire east,lymm england
Lympne,,lympne england,lympne kent
Lympstone,,lympstone devon,lympstone england
Lyndhurst,,lyndhurst england,lyndhurst hampshire
Lyneham,,lyne am,lyne um,lyneam,lyneham england,lyneham wiltshire,lyneum
Lynemouth,,lyne mouff,lyne muth,lynemouff,lynemouth england,lynemouth northumberland,lynemuth
Lynsted,,lynsted england,lynsted kent
Lynton,,lyn tonne,lyn tun,lynton devon,lynton england,lyntonne,lyntun
Lytchett Matravers,,lytchett matravers dorset,lytchett matravers england,lytchettmatravers,matravers
Lytham St Annes,,annes,lsa,lyt am st annes,lyt um st annes,lytam st annes,lytham st annes england,lythamstannes,lytum st annes
Mablethorpe,,mablethorpe england,mablethorpe lincolnshire
Macclesfield,,macclesfield cheshire east,macclesfield england
Macduff,,macduff aberdeenshire,macduff scotland
Machen,,machen caerphilly,machen wales
Machynlleth,,machynlleth powys,machynlleth wales
Mackworth,,mack werth,mack wuth,mackwerth,mackworth derby,mackworth england,mackwuth
Macmerry,,macmerry east lothian,macmerry scotland
Maddiston,,maddis tonne,maddis tun,maddiston falkirk,maddiston scotland,maddistonne,maddistun
Madeley,,made lay,made lee,made leigh,madelay,madelee,madeleigh,madeley england,madeley staffordshire,madeley telford and wrekin
Madley,,mad lay,mad lee,mad leigh,madlay,madlee,madleigh,madley england,madley herefordshire
Madron,,madron cornwall,madron england
Maerdy,,maerdy rhondda cynon taff,maerdy wales
Maesteg,,maesteg bridgend,maesteg wales
Maesycwmmer,,maesycwmmer caerphilly,maesycwmmer wales
Maghera,,maghera mid-ulster,maghera northern ireland
Magheralin,,"magheralin armagh city, banbridge and craigavon",magheralin northern ireland
Maghull,,maghull england,maghull sefton
Magor,,magor monmouthshire,magor wales
Maguires Bridge,,maguires bridge fermanagh and omagh,maguires bridge northern ireland,maguiresbridge
Maiden Newton,,maiden new tonne,maiden new tun,maiden newton dorset,maiden newton england,maiden newtonne,maiden newtun,maidennewton
Maidenhead,,Maid Kneed,Maid Ned,May Dun Heed,maidenhead england,maidenhead windsor and maidenhead
Maidstone,,Maids tun,maidstone england,maidstone kent
Malborough,,mal boro,mal bruh,malboro,malborough devon,malborough england,malbruh
Maldon,,maldon england,maldon essex
Malmesbury,,malmes berry,malmes bree,malmesberry,malmesbree,malmesbury england,malmesbury wiltshire
Malpas,,malpas cheshire west and chester,malpas england
Maltby,,maltby england,maltby rotherham
Malton,,mal tonne,mal tun,malton england,malton north yorkshire,maltonne,maltun
Malvern Link,,link,malvern link england,malvern link worcestershire,malvernlink
Malvern Wells,,malvern wells england,malvern wells worcestershire,malvernwells
Mancetter,,mancetter england,mancetter warwickshire
Manchester,,Manche,Manny,manchester england
Manea,,manea cambridgeshire,manea england
Manorbier,,manorbier pembrokeshire,manorbier wales
Mansfield,,mansfield england,mansfield nottinghamshire
Mansfield Woodhouse,,mansfield woodhouse england,mansfield woodhouse nottinghamshire,mansfieldwoodhouse
Manston,,mans tonne,mans tun,manston england,manston kent,manstonne,manstun
Maple Cross,,maple cross england,maple cross hertfordshire,maplecross
Marazion,,marazion cornwall,marazion england
March,,march cambridgeshire,march england
Marcham,,marc am,marc um,marcam,marcham england,marcham oxfordshire,marcum
Marchington,,marching tonne,marching tun,marchington england,marchington staffordshire,marchingtonne,marchingtun
Marchwiel,,marchwiel wales,marchwiel wrexham
Marchwood,,marchwood england,marchwood hampshire
Marden,,marden england,marden kent
Maresfield,,maresfield east sussex,maresfield england
Margam,,margam neath port talbot,margam wales
Margate,,margate england,margate kent
Marham,,mar am,mar um,maram,marham england,marham norfolk,marum
Mark,,mark england,mark somerset
Market Bosworth,,market bos werth,market bos wuth,market boswerth,market bosworth england,market bosworth leicestershire,market boswuth,marketbosworth
Market Deeping,,deeping,market deep en,market deep in,market deepen,market deepin,market deeping england,market deeping lincolnshire,marketdeeping
Market Drayton,,market dray tonne,market dray tun,market drayton england,market drayton staffordshire,market draytonne,market draytun,marketdrayton
Market Harborough,,harborough,market har boro,market har bruh,market harboro,market harborough england,market harborough leicestershire,market harbruh,marketharborough
Market Hill,,"market hill armagh city, banbridge and craigavon",market hill northern ireland,markethill
Market Lavington,,lavington,market laving tonne,market laving tun,market lavington england,market lavington wiltshire,market lavingtonne,market lavingtun,marketlavington
Market Rasen,,market rasen england,market rasen lincolnshire,marketrasen
Market Warsop,,market warsop england,market warsop nottinghamshire,marketwarsop
Market Weighton,,market weigh tonne,market weigh tun,market weighton east riding of yorkshire,market weighton england,market weightonne,market weightun,marketweighton,weighton
Markfield,,markfield england,markfield leicestershire
Markham,,mark am,mark um,markam,markham caerphilly,markham wales,markum
Markinch,,markinch fife,markinch scotland
Marks Tey,,marks tey england,marks tey essex,markstey,tey
Markyate,,markyate england,markyate hertfordshire
Marlborough,,marl boro,marl bruh,marlboro,marlborough england,marlborough wiltshire,marlbruh
Marldon,,marldon devon,marldon england
Marlow,,marlow buckinghamshire,marlow england
Marlow Bottom,,bottom,marlow bottom buckinghamshire,marlow bottom england,marlowbottom
Marnhull,,marnhull dorset,marnhull england
Marple,,marple england,marple stockport
Marple Bridge,,marple bridge england,marple bridge stockport,marplebridge
Marsden,,marsden england,marsden kirklees
Marshfield,,marshfield england,marshfield newport,marshfield south gloucestershire,marshfield wales
Marshland St James,,marshland st james england,marshland st james norfolk,marshlandstjames,msj
Marske-by-the-Sea,,marske-by-the-sea england,marske-by-the-sea redcar and cleveland,mbts
Marston,,mars tonne,mars tun,marston england,marston oxfordshire,marstonne,marstun
Marston Green,,mars tonne green,mars tun green,marston green england,marston green solihull,marstongreen,marstonne green,marstun green
Marston Moretaine,,mars tonne moretaine,mars tun moretaine,marston moretaine central bedfordshire,marston moretaine england,marstonmoretaine,marstonne moretaine,marstun moretaine,moretaine
Martham,,mart am,mart um,martam,martham england,martham norfolk,martum
Martlesham,,martles am,martles um,martlesam,martlesham england,martlesham suffolk,martlesum
Martlesham Heath,,martles am heath,martles um heath,martlesam heath,martlesham heath england,martlesham heath suffolk,martleshamheath,martlesum heath
Martley,,mart lay,mart lee,mart leigh,martlay,martlee,martleigh,martley england,martley worcestershire
Martock,,martock england,martock somerset
Marton,,mar tonne,mar tun,marton england,marton middlesbrough,martonne,martun
Maryburgh,,maryburgh highland,maryburgh scotland
Maryport,,maryport cumbria,maryport england
Masham,,mas am,mas um,masam,masham england,masham north yorkshire,masum
Matlock,,matlock derbyshire,matlock england
Mattishall,,mattishall england,mattishall norfolk
Mauchline,,mauchline east ayrshire,mauchline scotland
Maulden,,maulden central bedfordshire,maulden england
Mawdesley,,mawdes lay,mawdes lee,mawdes leigh,mawdeslay,mawdeslee,mawdesleigh,mawdesley england,mawdesley lancashire
Mawnan Smith,,mawnan smith cornwall,mawnan smith england,mawnansmith,ms,smith
Maxey,,maxey england,maxey lincolnshire
Maybole,,maybole scotland,maybole south ayrshire
Mayfield,,mayfield east sussex,mayfield england,mayfield midlothian,mayfield scotland,mayfield staffordshire
Mayland,,mayland england,mayland essex
Mayobridge,,"mayobridge newry, mourne and down",mayobridge northern ireland
Meare,,meare england,meare somerset
Measham,,meas am,meas um,measam,measham england,measham leicestershire,measum
Meden Vale,,meden vale england,meden vale nottinghamshire,medenvale,mv
Medstead,,medstead england,medstead hampshire
Medway,,mead way,med way,Midway
Meifod,,meifod powys,meifod wales
Melbourn,,melbourn cambridgeshire,melbourn england
Melbourne,,melbourne derbyshire,melbourne england
Meldreth,,meldreth cambridgeshire,meldreth england
Meliden,,meliden denbighshire,meliden wales
Melksham,,melks am,melks um,melksam,melksham england,melksham wiltshire,melksum
Melling,,mell en,mell in,mellen,mellin,melling england,melling sefton
Mellor,,mellor england,mellor lancashire,mellor stockport
Melrose,,melrose scotland,melrose scottish borders
Meltham,,melt am,melt um,meltam,meltham england,meltham kirklees,meltum
Melton,,mel tonne,mel tun,melton england,melton suffolk,meltonne,meltun
Melton Mowbray,,mel tonne mowbray,mel tun mowbray,melton mowbray england,melton mowbray leicestershire,meltonmowbray,meltonne mowbray,meltun mowbray,mowbray
Menai Bridge,,menai bridge gwynedd,menai bridge wales,menaibridge
Mendlesham,,mendles am,mendles um,mendlesam,mendlesham england,mendlesham suffolk,mendlesum
Menheniot,,menheniot cornwall,menheniot england
Menston,,mens tonne,mens tun,menston bradford,menston england,menstonne,menstun
Menstrie,,menstrie scotland,menstrie stirling
Meopham,,meop am,meop um,meopam,meopham england,meopham kent,meopum
Mepal,,mepal cambridgeshire,mepal england
Meppershall,,meppershall central bedfordshire,meppershall england
Mere,,mere england,mere wiltshire
Mereworth,,mere werth,mere wuth,merewerth,mereworth england,mereworth kent,merewuth
Meriden,,meriden england,meriden solihull
Merley,,mer lay,mer lee,mer leigh,merlay,merlee,merleigh,merley dorset,merley england
Merlin's Bridge,,merlin's bridge pembrokeshire,merlin's bridge wales,merlin'sbridge
Merriott,,merriott england,merriott somerset
Merrow,,merrow england,merrow surrey
Mersham,,mers am,mers um,mersam,mersham england,mersham kent,mersum
Merstham,,merst am,merst um,merstam,merstham england,merstham surrey,merstum
Merthyr Tudful,,merthyr tudful merthyr tydfil,merthyr tudful wales,merthyrtudful,tudful
Merthyr Tydfil,
Merton,,mer tonne,mer tun,merton england,mertonne,mertun
Messingham,,messing am,messing um,messingam,messingham england,messingham north lincolnshire,messingum
Metheringham,,methering am,methering um,metheringam,metheringham england,metheringham lincolnshire,metheringum
Methil,,methil fife,methil scotland
Methley,,meth lay,meth lee,meth leigh,methlay,methlee,methleigh,methley england,methley leeds
Methven,,methven perth and kinross,methven scotland
Methwold,,methwold england,methwold norfolk
Mevagissey,,mevagissey cornwall,mevagissey england
Mexborough,,mex boro,mex bruh,mexboro,mexborough doncaster,mexborough england,mexbruh
Micheldever,,micheldever england,micheldever hampshire
Mickle Trafford,,mickle trafford cheshire west and chester,mickle trafford england,mickletrafford
Micklefield,,micklefield england,micklefield leeds
Mickleover,,mickleover derby,mickleover england
Mickleton,,mickle tonne,mickle tun,mickleton england,mickleton gloucestershire,mickletonne,mickletun
Mickletown,,mickletown england,mickletown leeds
Mid Calder,,"mid calder edinburgh, city of",mid calder scotland,midcalder
Middle Rasen,,middle rasen england,middle rasen lincolnshire,middlerasen
Middle Tysoe,,middle tysoe england,middle tysoe warwickshire,middletysoe,tysoe
Middle Winterslow,,middle winterslow england,middle winterslow wiltshire,middlewinterslow
Middlesbrough,,middlesbrough england,middlesbrough redcar and cleveland
Middleton,,middle tonne,middle tun,middleton england,middleton norfolk,middleton rochdale,middletonne,middletun
Middleton in Teesdale,,middle tonne in teesdale,middle tun in teesdale,middleton in teesdale durham,middleton in teesdale england,middletoninteesdale,middletonne in teesdale,middletun in teesdale,mit,teesdale
Middleton St George,,george,middle tonne st george,middle tun st george,middleton st george darlington,middleton st george england,middletonne st george,middletonstgeorge,middletun st george,msg
Middleton-on-Sea,,middle tonne on sea,middle tun on sea,middleton-on-sea england,middleton-on-sea west sussex,middletonne on sea,middletun on sea
Middlewich,,middlewich cheshire east,middlewich england
Midhurst,,midhurst england,midhurst west sussex
Midsomer Norton,,midsomer nor tonne,midsomer nor tun,midsomer norton bath and north east somerset,midsomer norton england,midsomer nortonne,midsomer nortun,midsomernorton
Milborne Port,,milborne port england,milborne port somerset,milborneport
Milborne Saint Andrew,,milborne saint andrew dorset,milborne saint andrew england,milbornesaintandrew,msa
Mildenhall,,mildenhall england,mildenhall suffolk
Milford,,milford england,milford surrey
Milford Haven,,milford haven pembrokeshire,milford haven wales,milfordhaven
Milford on Sea,,milford on sea england,milford on sea hampshire,milfordonsea
Milkwall,,milkwall england,milkwall gloucestershire
Mill Hill,,mill hill barnet,mill hill england,millhill
Millbrook,,millbrook england,millbrook plymouth
Millhouse Green,,millhouse green barnsley,millhouse green england,millhousegreen
Millisle,,millisle ards and north down,millisle northern ireland
Millom,,millom cumbria,millom england
Millport,,millport north ayrshire,millport scotland
Milltimber,,milltimber aberdeen city,milltimber scotland
Milnathort,,milnathort perth and kinross,milnathort scotland
Milngavie,,milngavie east dunbartonshire,milngavie scotland
Milnrow,,milnrow england,milnrow rochdale
Milnthorpe,,milnthorpe cumbria,milnthorpe england
Milton,,mil tonne,mil tun,milton cambridgeshire,milton england,milton oxfordshire,milton stoke-on-trent,miltonne,miltun
Milton Keynes,,mil tonne keynes,mil tun keynes,milton keynes england,miltonkeynes,miltonne keynes,miltun keynes,mk
Milton of Campsie,,campsie,mil tonne of campsie,mil tun of campsie,milton of campsie east dunbartonshire,milton of campsie scotland,miltonne of campsie,miltonofcampsie,miltun of campsie,moc
Milton Regis,,mil tonne regis,mil tun regis,milton regis england,milton regis kent,miltonne regis,miltonregis,miltun regis
Milverton,,milver tonne,milver tun,milverton england,milverton somerset,milvertonne,milvertun
Minchinhampton,,minchinhamp tonne,minchinhamp tun,minchinhampton england,minchinhampton gloucestershire,minchinhamptonne,minchinhamptun
Minehead,,minehead england,minehead somerset
Minera,,minera wales,minera wrexham
Minety,,minety england,minety wiltshire
Minster,,minster england,minster kent
Minster Lovell,,lovell,minster lovell england,minster lovell oxfordshire,minsterlovell
Minsterley,,minster lay,minster lee,minster leigh,minsterlay,minsterlee,minsterleigh,minsterley england,minsterley shropshire
Mintlaw,,mintlaw aberdeenshire,mintlaw scotland
Mirfield,,mirfield england,mirfield kirklees
Misterton,,mister tonne,mister tun,misterton england,misterton nottinghamshire,misterton somerset,mistertonne,mistertun
Mistley,,mist lay,mist lee,mist leigh,mistlay,mistlee,mistleigh,mistley england,mistley essex
Mitcham,,Michum,Mitch Em,mitc am,mitc um,mitcam,mitcham england,mitcham merton,mitcum
Mitchel Troy,,mitchel troy monmouthshire,mitchel troy wales,mitcheltroy,troy
Mitcheldean,,mitcheldean england,mitcheldean gloucestershire
Mobberley,,mobber lay,mobber lee,mobber leigh,mobberlay,mobberlee,mobberleigh,mobberley cheshire east,mobberley england
Mochdre,,mochdre conwy,mochdre wales
Modbury,,mod berry,mod bree,modberry,modbree,modbury devon,modbury england
Moffat,,moffat dumfries and galloway,moffat scotland
Moira,,"moira armagh city, banbridge and craigavon",moira england,moira leicestershire,moira northern ireland
Mold,,mold flintshire,mold wales
Molesey,,molesey england,molesey surrey
Moneymore,,moneymore mid-ulster,moneymore northern ireland
Moneyneany,,moneyneany mid-ulster,moneyneany northern ireland
Moneyreagh,,moneyreagh lisburn and castlereagh,moneyreagh northern ireland
Monifieth,,monifieth angus,monifieth scotland
Monk Fryston,,fryston,mf,monk frys tonne,monk frys tun,monk fryston england,monk fryston north yorkshire,monk frystonne,monk frystun,monkfryston
Monkseaton,,monksea tonne,monksea tun,monkseaton england,monkseaton north tyneside,monkseatonne,monkseatun
Monkton,,monk tonne,monk tun,monkton scotland,monkton south ayrshire,monktonne,monktun
Monkton Heathfield,,monk tonne heathfield,monk tun heathfield,monkton heathfield england,monkton heathfield somerset,monktonheathfield,monktonne heathfield,monktun heathfield
Monmouth,,mon mouff,mon muth,monmouff,monmouth monmouthshire,monmouth wales,monmuth
Montgomery,,montgomery powys,montgomery wales
Montrose,,montrose angus,montrose scotland
Moodiesburn,,moodiesburn east dunbartonshire,moodiesburn scotland
Moor Park,,moor park england,moor park hertfordshire,moorpark
Moor Row,,moor row cumbria,moor row england,moorrow
Moorends,,moorends doncaster,moorends england
Morchard Bishop,,morchard bishop devon,morchard bishop england,morchardbishop
Morden,,More Done,More Dun,morden england,morden merton
Morecambe,,morecambe england,morecambe lancashire
Moreton,,more tonne,more tun,moreton england,moreton wirral,moretonne,moretun
Moreton in Marsh,,mim,more tonne in marsh,more tun in marsh,moreton in marsh england,moreton in marsh gloucestershire,moretoninmarsh,moretonne in marsh,moretun in marsh
Moretonhampstead,,moretonhampstead devon,moretonhampstead england
Morfa Nefyn,,morfa nefyn gwynedd,morfa nefyn wales,morfanefyn
Morley,,mor lay,mor lee,mor leigh,morlay,morlee,morleigh,morley england,morley leeds
Morningside,,morningside north lanarkshire,morningside scotland
Morpeth,,morpeth england,morpeth northumberland
Morriston,,morris tonne,morris tun,morriston swansea,morriston wales,morristonne,morristun
Mortehoe,,mortehoe devon,mortehoe england
Mortimer Common,,mortimer common england,mortimer common west berkshire,mortimercommon
Morton,,mor tonne,mor tun,morton derbyshire,morton england,morton lincolnshire,morton south gloucestershire,mortonne,mortun
Mosbrough,,mosbrough england,mosbrough sheffield
Mossblown,,mossblown scotland,mossblown south ayrshire
Mossley,,moss lay,moss lee,moss leigh,mosslay,mosslee,mossleigh,mossley england,mossley tameside
Mosstodloch,,mosstodloch moray,mosstodloch scotland
Moston,,mos tonne,mos tun,moston england,moston manchester,mostonne,mostun
Mostyn,,mostyn flintshire,mostyn wales
Motcombe,,motcombe dorset,motcombe england
Motherwell,,motherwell north lanarkshire,motherwell scotland
Moulton,,moul tonne,moul tun,moulton england,moulton lincolnshire,moulton northamptonshire,moultonne,moultun
Moulton Chapel,,moul tonne chapel,moul tun chapel,moulton chapel england,moulton chapel lincolnshire,moultonchapel,moultonne chapel,moultun chapel
Mount Hawke,,hawke,mount hawke cornwall,mount hawke england,mounthawke
Mountain Ash,,ma,mountain ash rhondda cynon taff,mountain ash wales,mountainash
Mountnessing,,mountness en,mountness in,mountnessen,mountnessin,mountnessing england,mountnessing essex
Mountsorrel,,mountsorrel england,mountsorrel leicestershire
Much Hadham,,much had am,much had um,much hadam,much hadham england,much hadham hertfordshire,much hadum,muchhadham
Much Hoole,,hoole,much hoole england,much hoole lancashire,muchhoole
Much Wenlock,,much wenlock england,much wenlock shropshire,muchwenlock,wenlock
Muir of Ord,,moo,muir of ord highland,muir of ord scotland,muiroford,ord
Muirhead,,muirhead north lanarkshire,muirhead scotland
Muirkirk,,muirkirk east ayrshire,muirkirk scotland
Mulbarton,,mulbar tonne,mulbar tun,mulbarton england,mulbarton norfolk,mulbartonne,mulbartun
Mullion,,mullion cornwall,mullion england
Mundesley,,mundes lay,mundes lee,mundes leigh,mundeslay,mundeslee,mundesleigh,mundesley england,mundesley norfolk
Mundford,,mundford england,mundford norfolk
Murston,,murs tonne,murs tun,murston england,murston kent,murstonne,murstun
Murton,,mur tonne,mur tun,murton durham,murton england,murtonne,murtun
Musselburgh,,musselburgh east lothian,musselburgh scotland
Muxton,,mux tonne,mux tun,muxton england,muxton telford and wrekin,muxtonne,muxtun
Myddle,,myddle england,myddle shropshire
Mylor Bridge,,mylor bridge cornwall,mylor bridge england,mylorbridge
Mynydd Isa,,isa,mi,mynydd isa flintshire,mynydd isa wales,mynyddisa
Mynydd Marian,,marian,mynydd marian conwy,mynydd marian wales,mynyddmarian
Mytchett,,mytchett england,mytchett surrey
Mytholmroyd,,mytholmroyd calderdale,mytholmroyd england
Nafferton,,naffer tonne,naffer tun,nafferton east riding of yorkshire,nafferton england,naffertonne,naffertun
Nailsea,,nailsea england,nailsea north somerset
Nailsworth,,nails werth,nails wuth,nailswerth,nailsworth england,nailsworth gloucestershire,nailswuth
Nairn,,nairn highland,nairn scotland
Nanpean,,nanpean cornwall,nanpean england
Nant-y-moel,,nant-y-moel bridgend,nant-y-moel wales
Nantwich,,nantwich cheshire east,nantwich england
Nantyglo,,nantyglo blaenau gwent,nantyglo wales
Napton on the Hill,,nap tonne on the hill,nap tun on the hill,napton on the hill england,napton on the hill warwickshire,naptonne on the hill,naptononthehill,naptun on the hill,noth
Narberth,,narberth pembrokeshire,narberth wales
Narborough,,nar boro,nar bruh,narboro,narborough england,narborough leicestershire,narborough norfolk,narbruh
Navenby,,navenby england,navenby lincolnshire
Nazeing,,naze en,naze in,nazeen,nazein,nazeing england,nazeing essex
Neath,,neath wales
Neath Port Talbot,,npt
Necton,,nec tonne,nec tun,necton england,necton norfolk,nectonne,nectun
Needham Market,,need am market,need um market,needam market,needham market england,needham market suffolk,needhammarket,needum market
Needingworth,,needing werth,needing wuth,needingwerth,needingworth cambridgeshire,needingworth england,needingwuth
Nefyn,,nefyn gwynedd,nefyn wales
Neilston,,neils tonne,neils tun,neilston east renfrewshire,neilston scotland,neilstonne,neilstun
Nelson,,nelson caerphilly,nelson england,nelson lancashire,nelson wales
Neston,,nes tonne,nes tun,neston cheshire west and chester,neston england,neston wiltshire,nestonne,nestun
Nether Heyford,,heyford,nether heyford england,nether heyford northamptonshire,netherheyford
Nether Poppleton,,nether popple tonne,nether popple tun,nether poppleton england,nether poppleton york,nether poppletonne,nether poppletun,netherpoppleton
Nether Stowey,,nether stowey england,nether stowey somerset,netherstowey,stowey
Netheravon,,netheravon england,netheravon wiltshire
Netherbury,,nether berry,nether bree,netherberry,netherbree,netherbury dorset,netherbury england
Netherlee,,netherlee glasgow,netherlee scotland
Netherseal,,netherseal derbyshire,netherseal england
Netherton,,nether tonne,nether tun,netherton dudley,netherton england,netherton kirklees,netherton wakefield,nethertonne,nethertun
Netley,,net lay,net lee,net leigh,netlay,netlee,netleigh,netley england,netley hampshire
Nettleham,,nettle am,nettle um,nettleam,nettleham england,nettleham lincolnshire,nettleum
New Alresford,,new alresford england,new alresford hampshire,newalresford
New Bilton,,new bil tonne,new bil tun,new bilton england,new bilton warwickshire,new biltonne,new biltun,newbilton
New Brancepeth,,brancepeth,new brancepeth durham,new brancepeth england,newbrancepeth
New Brighton,,new brigh tonne,new brigh tun,new brighton england,new brighton wirral,new brightonne,new brightun,newbrighton
New Buildings,,buildings,new buildings derry and strabane,new buildings northern ireland,newbuildings
New Cumnock,,new cumnock east ayrshire,new cumnock scotland,newcumnock
New Earswick,,earswick,new earswick england,new earswick york,newearswick
New Hey,,hey,new hey england,new hey rochdale,newhey
New Houghton,,new hough tonne,new hough tun,new houghton derbyshire,new houghton england,new houghtonne,new houghtun,newhoughton
New Inn,,inn,new inn torfaen,new inn wales,newinn,ni
New Marske,,marske,new marske england,new marske redcar and cleveland,newmarske
New Mills,,new mills derbyshire,new mills england,newmills
New Milton,,new mil tonne,new mil tun,new milton england,new milton hampshire,new miltonne,new miltun,newmilton
New Pitsligo,,new pitsligo aberdeenshire,new pitsligo scotland,newpitsligo,pitsligo
New Romney,,new romney england,new romney kent,newromney,nr,romney
New Silksworth,,new silks werth,new silks wuth,new silkswerth,new silksworth england,new silksworth sunderland,new silkswuth,newsilksworth,silksworth
New Stevenston,,new stevens tonne,new stevens tun,new stevenston north lanarkshire,new stevenston scotland,new stevenstonne,new stevenstun,newstevenston
New Tredegar,,new tredegar caerphilly,new tredegar wales,newtredegar
Newark upon Trent,,newark upon trent england,newark upon trent nottinghamshire,newarkupontrent
Newarthill,,newarthill north lanarkshire,newarthill scotland
Newbiggin-by-the-Sea,,nbts,newbiggin-by-the-sea england,newbiggin-by-the-sea northumberland
Newbold,,newbold derbyshire,newbold england
Newbold on Avon,,avon,newbold on avon england,newbold on avon warwickshire,newboldonavon,noa
Newbold on Stour,,newbold on stour england,newbold on stour warwickshire,newboldonstour,nos
Newbold Verdon,,newbold verdon england,newbold verdon leicestershire,newboldverdon,nv,verdon
Newborough,,new boro,new bruh,newboro,newborough england,newborough isle of anglesey,newborough peterborough,newborough wales,newbruh
Newbridge,,newbridge caerphilly,"newbridge edinburgh, city of",newbridge scotland,newbridge wales
Newburgh,,newburgh aberdeenshire,newburgh fife,newburgh scotland
Newburn,,newburn england,newburn gateshead
Newbury,,New Bri,New Brie,new berry,new bree,newberry,newbree,newbury england,newbury west berkshire
Newcastle,,newcastle england,"newcastle newry, mourne and down",newcastle northern ireland
Newcastle Emlyn,,emlyn,newcastle emlyn carmarthenshire,newcastle emlyn wales,newcastleemlyn
Newcastle under Lyme,,lyme,newcastle under lyme england,newcastle under lyme staffordshire,newcastleunderlyme,nul
Newcastle upon Tyne,
Newchurch,,newchurch england,newchurch isle of wight,newchurch warrington
Newdigate,,newdigate england,newdigate surrey
Newent,,newent england,newent gloucestershire
Newhall,,newhall derbyshire,newhall england
Newham,,new am,new um,newam,newham england,newum
Newhaven,,newhaven east sussex,newhaven england
Newhouse,,newhouse north lanarkshire,newhouse scotland
Newick,,newick east sussex,newick england
Newington,,newing tonne,newing tun,newington england,newington kent,newingtonne,newingtun
Newland,,newland england,newland gloucestershire
Newlyn,,newlyn cornwall,newlyn england
Newmacher,,newmacher aberdeenshire,newmacher scotland
Newmains,,newmains north lanarkshire,newmains scotland
Newmarket,,newmarket england,newmarket suffolk
Newmilns,,newmilns east ayrshire,newmilns scotland
Newnham,,newn am,newn um,newnam,newnham england,newnham gloucestershire,newnum
Newport,,newport east riding of yorkshire,newport england,newport essex,newport isle of wight,newport pembrokeshire,newport telford and wrekin,newport wales
Newport Pagnell,,newport pagnell england,newport pagnell milton keynes,newportpagnell,pagnell
Newport-On-Tay,,newport-on-tay fife,newport-on-tay scotland,not
Newquay,,new key,newkey,newquay cornwall,newquay england
Newry,,newry northern ireland
Newstead,,newstead england,newstead nottinghamshire
Newton,,new tonne,new tun,newton bridgend,newton wales,newtonne,newtun
Newton Abbot,,newtun About,abbot,new tonne abbot,new tun abbot,newton abbot devon,newton abbot england,newtonabbot,newtonne abbot,newtun abbot
Newton Aycliffe,,aycliffe,new tonne aycliffe,new tun aycliffe,newton aycliffe durham,newton aycliffe england,newtonaycliffe,newtonne aycliffe,newtun aycliffe
Newton Ferrers,,new tonne ferrers,new tun ferrers,newton ferrers devon,newton ferrers england,newtonferrers,newtonne ferrers,newtun ferrers
Newton Flotman,,flotman,new tonne flotman,new tun flotman,newton flotman england,newton flotman norfolk,newtonflotman,newtonne flotman,newtun flotman
Newton Grange,,new tonne grange,new tun grange,newton grange midlothian,newton grange scotland,newtongrange,newtonne grange,newtun grange,ng
Newton in Makerfield,,new tonne in makerfield,new tun in makerfield,newton in makerfield england,newton in makerfield st. helens,newtoninmakerfield,newtonne in makerfield,newtun in makerfield,nim
Newton Longville,,longville,new tonne longville,new tun longville,newton longville buckinghamshire,newton longville england,newtonlongville,newtonne longville,newtun longville
Newton Mearns,,mearns,new tonne mearns,new tun mearns,newton mearns east renfrewshire,newton mearns scotland,newtonmearns,newtonne mearns,newtun mearns
Newton Poppleford,,new tonne poppleford,new tun poppleford,newton poppleford devon,newton poppleford england,newtonne poppleford,newtonpoppleford,newtun poppleford,poppleford
Newton St Loe,,loe,new tonne st loe,new tun st loe,newton st loe bath and north east somerset,newton st loe england,newtonne st loe,newtonstloe,newtun st loe,nsl
Newton Stewart,,new tonne stewart,new tun stewart,newton stewart dumfries and galloway,newton stewart scotland,newtonne stewart,newtonstewart,newtun stewart,stewart
Newton-le-Willows,,new tonne le willows,new tun le willows,newton-le-willows england,newton-le-willows st. helens,newtonne le willows,newtun le willows,nlw
Newton-with-Scales,,new tonne with scales,new tun with scales,newton-with-scales england,newton-with-scales lancashire,newtonne with scales,newtun with scales,nws
Newtonhill,,newtonhill aberdeenshire,newtonhill scotland
Newtonmore,,newtonmore highland,newtonmore scotland
Newtown,,newtown powys,newtown wales
Newtown Limford,,limford,newtown limford england,newtown limford leicestershire,newtownlimford
Newtown Saint Boswells,,newtown saint boswells scotland,newtown saint boswells scottish borders,newtownsaintboswells,nsb
Newtownards,,newtownards ards and north down,newtownards northern ireland
Newtownhamilton,,newtownhamil tonne,newtownhamil tun,"newtownhamilton newry, mourne and down",newtownhamilton northern ireland,newtownhamiltonne,newtownhamiltun
Newtownstewart,,newtownstewart derry and strabane,newtownstewart northern ireland
Neyland,,neyland pembrokeshire,neyland wales
Ninfield,,ninfield east sussex,ninfield england
Niton,,niton england,niton isle of wight
No Man's Heath,,nmh,no man's heath cheshire west and chester,no man's heath england,noman'sheath
Nonington,,noning tonne,noning tun,nonington england,nonington kent,noningtonne,noningtun
Norfolk,
Normandy,,normandy england,normandy surrey
Normanton,,norman tonne,norman tun,normanton england,normanton wakefield,normantonne,normantun
North Ayrshire,
North Baddesley,,baddesley,north baddes lay,north baddes lee,north baddes leigh,north baddeslay,north baddeslee,north baddesleigh,north baddesley england,north baddesley hampshire,northbaddesley
North Benfleet,,benfleet,north benfleet england,north benfleet essex,northbenfleet
North Berwick,,berwick,north berwick east lothian,north berwick scotland,northberwick
North Bradley,,north brad lay,north brad lee,north brad leigh,north bradlay,north bradlee,north bradleigh,north bradley england,north bradley wiltshire,northbradley
North Cave,,north cave east riding of yorkshire,north cave england,northcave
North Collingham,,north colling am,north colling um,north collingam,north collingham england,north collingham nottinghamshire,north collingum,northcollingham
North Curry,,curry,north curry england,north curry somerset,northcurry
North Duffield,,nd,north duffield england,north duffield north yorkshire,northduffield
North East Lincolnshire,,nel
North Elmham,,elmham,north elm am,north elm um,north elmam,north elmham england,north elmham norfolk,north elmum,northelmham
North Elmsall,,north elmsall england,north elmsall wakefield,northelmsall
North Ferriby,,ferriby,north ferriby east riding of yorkshire,north ferriby england,northferriby
North Hinksey,,hinksey,north hinksey england,north hinksey oxfordshire,northhinksey
North Hykeham,,north hyke am,north hyke um,north hykeam,north hykeham england,north hykeham lincolnshire,north hykeum,northhykeham
North Kessock,,kessock,nk,north kessock highland,north kessock scotland,northkessock
North Lanarkshire,
North Leigh,,north lay,north leigh england,north leigh oxfordshire,northleigh
North Lincolnshire,
North Mimms,,mimms,north mimms england,north mimms hertfordshire,northmimms
North Molton,,north mol tonne,north mol tun,north molton devon,north molton england,north moltonne,north moltun,northmolton
North Mundham,,mundham,north mund am,north mund um,north mundam,north mundham england,north mundham west sussex,north mundum,northmundham
North Petherton,,north pether tonne,north pether tun,north petherton england,north petherton somerset,north pethertonne,north pethertun,northpetherton
North Queensferry,,north queensferry fife,north queensferry scotland,northqueensferry,nq
North Shields,,north shields england,north shields north tyneside,northshields
North Somercotes,,north somercotes england,north somercotes lincolnshire,northsomercotes,somercotes
North Somerset,
North Sunderland,,north sunderland england,north sunderland northumberland,northsunderland
North Tawton,,north taw tonne,north taw tun,north tawton devon,north tawton england,north tawtonne,north tawtun,northtawton
North Thoresby,,north thoresby england,north thoresby lincolnshire,norththoresby,thoresby
North Tidworth,,north tid werth,north tid wuth,north tidwerth,north tidworth england,north tidworth wiltshire,north tidwuth,northtidworth
North Tyneside,
North Walsham,,north wals am,north wals um,north walsam,north walsham england,north walsham norfolk,north walsum,northwalsham,walsham
North Weald,,north weald england,north weald essex,northweald
North Woolwich,,north wool itch,north woolwich england,north woolwich newham,northwoolwich
North Wootton,,north woot tonne,north woot tun,north wootton england,north wootton norfolk,north woottonne,north woottun,northwootton
North Yorkshire,,ny
Northallerton,,northaller tonne,northaller tun,northallerton england,northallerton north yorkshire,northallertonne,northallertun
Northam,,nort am,nort um,nortam,northam devon,northam england,nortum
Northampton,,northamp tonne,northamp tun,northampton england,northampton northamptonshire,northamptonne,northamptun
Northamptonshire,
Northborough,,north boro,north bruh,northboro,northborough england,northborough peterborough,northbruh
Northchurch,,northchurch england,northchurch hertfordshire
Northenden,,northenden england,northenden manchester
Northfield,,northfield birmingham,northfield england
Northfleet,,northfleet england,northfleet kent
Northiam,,northiam east sussex,northiam england
Northill,,northill central bedfordshire,northill england
Northleach,,northleach england,northleach gloucestershire
Northolt,,Nor Fault,North Holt,Northold,northolt ealing,northolt england
Northop,,northop flintshire,northop wales
Northop Hall,,hall,northop hall flintshire,northop hall wales,northophall
Northrepps,,northrepps england,northrepps norfolk
Northumberland,
Northway,,northway england,northway worcestershire
Northwich,,northwich cheshire west and chester,northwich england
Northwold,,northwold england,northwold norfolk
Northwood,,northwood england,northwood hillingdon,northwood isle of wight
Norton,,nor tonne,nor tun,norton doncaster,norton england,norton stockton-on-tees,norton suffolk,nortonne,nortun
Norton Canes,,canes,nor tonne canes,nor tun canes,norton canes england,norton canes staffordshire,nortoncanes,nortonne canes,nortun canes
Norton Fitzwarren,,fitzwarren,nor tonne fitzwarren,nor tun fitzwarren,norton fitzwarren england,norton fitzwarren somerset,nortonfitzwarren,nortonne fitzwarren,nortun fitzwarren
Norton Saint Philip,,nor tonne saint philip,nor tun saint philip,norton saint philip england,norton saint philip somerset,nortonne saint philip,nortonsaintphilip,nortun saint philip,nsp,philip
Norton-on-Derwent,,nod,nor tonne on derwent,nor tun on derwent,norton-on-derwent england,norton-on-derwent north yorkshire,nortonne on derwent,nortun on derwent
Norton-sub-Hamdon,,nor tonne sub hamdon,nor tun sub hamdon,norton-sub-hamdon england,norton-sub-hamdon somerset,nortonne sub hamdon,nortun sub hamdon,nsh
Norwich,,Norrich,norwich england,norwich norfolk
Nottage,,nottage bridgend,nottage wales
Nottingham,,Notts,notting am,notting um,nottingam,nottingham england,nottingum
Nottinghamshire,
Nuffield,,nuffield england,nuffield oxfordshire
Nuneaton,,nunea tonne,nunea tun,nuneaton england,nuneaton warwickshire,nuneatonne,nuneatun
Nunthorpe,,nunthorpe england,nunthorpe middlesbrough
Nursling,,nursl en,nursl in,nurslen,nurslin,nursling england,nursling hampshire,nusl en,nusl in,nuslen,nuslin,nusll en,nusll in,nusllen,nusllin
Nutfield,,nutfield england,nutfield surrey
Nuthurst,,nuthurst england,nuthurst west sussex
Oadby,,oadby england,oadby leicestershire
Oakdale,,oakdale caerphilly,oakdale wales
Oakengates,,oakengates england,oakengates telford and wrekin
Oakenshaw,,oakenshaw england,oakenshaw kirklees
Oakham,,oak am,oak um,oakam,oakham england,oakham rutland,oakum
Oakington,,oaking tonne,oaking tun,oakington cambridgeshire,oakington england,oakingtonne,oakingtun
Oaklands,,oaklands england,oaklands hertfordshire
Oakley,,oak lay,oak lee,oak leigh,oaklay,oaklee,oakleigh,oakley bedford,oakley buckinghamshire,oakley england,oakley fife,oakley hampshire,oakley scotland
Oban,,oban argyll and bute,oban scotland
Ochiltree,,ochiltree east ayrshire,ochiltree scotland
Odcombe,,odcombe england,odcombe somerset
Odiham,,odi am,odi um,odiam,odiham england,odiham hampshire,odium
Offenham,,offen am,offen um,offenam,offenham england,offenham worcestershire,offenum
Ogbourne Maizey,,maizey,ogbourne maizey england,ogbourne maizey wiltshire,ogbournemaizey,om
Ogmore Vale,,ogmore vale bridgend,ogmore vale wales,ogmorevale,ov
Okehampton,,okehamp tonne,okehamp tun,okehampton devon,okehampton england,okehamptonne,okehamptun
Old Brampton,,old bramp tonne,old bramp tun,old brampton derbyshire,old brampton england,old bramptonne,old bramptun,oldbrampton
Old Buckenham,,buckenham,old bucken am,old bucken um,old buckenam,old buckenham england,old buckenham norfolk,old buckenum,oldbuckenham
Old Colwyn,,colwyn,oc,old colwyn conwy,old colwyn wales,oldcolwyn
Old Kilpatrick,,kilpatrick,ok,old kilpatrick scotland,old kilpatrick west dunbartonshire,oldkilpatrick
Old Leake,,ol,old leake england,old leake lincolnshire,oldleake
Old Sarum,,old sarum england,old sarum wiltshire,oldsarum,sarum
Old Stratford,,old east stratford,old stratford east,old stratford england,old stratford northamptonshire,oldstratford
Old Trafford,,old trafford england,old trafford manchester,oldtrafford,ot
Old Windsor,,old win ser,old win sir,old win sore,old windsor england,old windsor windsor and maidenhead,oldwindsor
Oldbury,,Oldbry,old berry,old bree,oldberry,oldbree,oldbury england,oldbury sandwell
Oldham,,Oldum,old am,old um,oldam,oldham england
Oldmeldrum,,oldmeldrum aberdeenshire,oldmeldrum scotland
Ollerton,,oller tonne,oller tun,ollerton england,ollerton nottinghamshire,ollertonne,ollertun
Olney,,olney england,olney milton keynes
Olton,,olton england,olton solihull
Olveston,,olves tonne,olves tun,olveston england,olveston south gloucestershire,olvestonne,olvestun
Omagh,,omagh fermanagh and omagh,omagh northern ireland
Ombersley,,ombers lay,ombers lee,ombers leigh,omberslay,omberslee,ombersleigh,ombersley england,ombersley worcestershire
Onllwyn,,onllwyn neath port talbot,onllwyn wales
Ore,,ore east sussex,ore england
Orlestone,,orlestone england,orlestone kent
Ormesby,,ormesby england,ormesby middlesbrough
Ormesby Saint Margaret,,ormesby saint margaret england,ormesby saint margaret norfolk,ormesbysaintmargaret
Ormiston,,ormis tonne,ormis tun,ormiston east lothian,ormiston scotland,ormistonne,ormistun
Ormskirk,,ormskirk england,ormskirk lancashire
Orpington,,orping tonne,orping tun,orpington bromley,orpington england,orpingtonne,orpingtun
Orrell,,orrell england,orrell wigan
Orsett,,orsett england,orsett thurrock
Orwell,,orwell cambridgeshire,orwell england
Osbaldwick,,osbaldwick england,osbaldwick york
Ossett,,ossett england,ossett wakefield
Oswaldtwistle,,oswaldtwistle england,oswaldtwistle lancashire
Oswestry,,oswestry england,oswestry shropshire
Otford,,otford england,otford kent
Otley,,otley england,otley leeds
Otterbourne,,otterbourne england,otterbourne hampshire
Ottershaw,,ottershaw england,ottershaw surrey
Ottery Saint Mary,,ottery saint mary devon,ottery saint mary england,otterysaintmary
Oughtibridge,,oughtibridge england,oughtibridge sheffield
Oulton,,oul tonne,oul tun,oulton england,oulton staffordshire,oulton suffolk,oultonne,oultun
Oundle,,oundle england,oundle northamptonshire
Outlane,,outlane england,outlane kirklees
Outwell,,outwell england,outwell norfolk
Ovenden,,ovenden calderdale,ovenden england
Over,,over cambridgeshire,over england
Over Stratton,,over strat tonne,over strat tun,over stratton england,over stratton somerset,over strattonne,over strattun,overstratton
Over Wallop,,over wallop england,over wallop hampshire,overwallop,wallop
Overseal,,overseal england,overseal leicestershire
Overton,,over tonne,over tun,overton england,overton hampshire,overton lancashire,overton wales,overton wrexham,overtonne,overtun
Overtown,,overtown north lanarkshire,overtown scotland
Oving,,oving england,oving west sussex
Ovingham,,oving am,oving um,ovingam,ovingham england,ovingham northumberland,ovingum
Owston Ferry,,of,ows tonne ferry,ows tun ferry,owston ferry england,owston ferry lincolnshire,owstonferry,owstonne ferry,owstun ferry
Oxenhope,,oxenhope bradford,oxenhope england
Oxford,,oxford england,oxford oxfordshire
Oxfordshire,
Oxshott,,oxshott england,oxshott surrey
Oxspring,,oxspr en,oxspr in,oxspren,oxsprin,oxspring barnsley,oxspring england
Oxted,,oxted england,oxted surrey
Oystermouth,,oyster mouff,oyster muth,oystermouff,oystermouth swansea,oystermouth wales,oystermuth
Paddock Wood,,paddock wood england,paddock wood kent,paddockwood,pw
Padfield,,padfield derbyshire,padfield england
Padiham,,padi am,padi um,padiam,padiham england,padiham lancashire,padium
Padstow,,padstow cornwall,padstow england
Pagham,,pag am,pag um,pagam,pagham england,pagham west sussex,pagum
Paignton,,pain ton,pain tonne,Pain tun,paign tonne,paign tun,paignton devon,paignton england,paigntonne,paigntun
Painswick,,painswick england,painswick gloucestershire
Paisley,,pais lay,pais lee,pais leigh,paislay,paislee,paisleigh,paisley renfrewshire,paisley scotland
Pakefield,,pakefield england,pakefield suffolk
Palmers Green,,palmers green enfield,palmers green england,palmersgreen
Pangbourne,,pangbourne england,pangbourne west berkshire
Pannal,,pannal england,pannal north yorkshire
Pant,,pant england,pant shropshire
Papworth Everard,,everard,pap werth everard,pap wuth everard,papwerth everard,papworth everard cambridgeshire,papworth everard england,papwortheverard,papwuth everard
Parbold,,parbold england,parbold lancashire
Park Street,,park street england,park street hertfordshire,parkstreet
Parkgate,,parkgate cheshire west and chester,parkgate england
Parkstone,,"parkstone bournemouth, christchurch and poole",parkstone england
Partick,,partick glasgow city,partick scotland
Partington,,parting tonne,parting tun,partington england,partington trafford,partingtonne,partingtun
Partridge Green,,partridge green england,partridge green west sussex,partridgegreen
Patcham,,patc am,patc um,patcam,patcham brighton and hove,patcham england,patcum
Patchway,,patchway england,patchway south gloucestershire
Pateley Bridge,,pate lay bridge,pate lee bridge,pate leigh bridge,patelay bridge,patelee bridge,pateleigh bridge,pateley bridge england,pateley bridge north yorkshire,pateleybridge
Patna,,patna east ayrshire,patna scotland
Patrington,,patring tonne,patring tun,patrington east riding of yorkshire,patrington england,patringtonne,patringtun
Pattingham,,patting am,patting um,pattingam,pattingham england,pattingham staffordshire,pattingum
Pattishall,,pattishall england,pattishall northamptonshire
Paulerspury,,paulerspury england,paulerspury northamptonshire
Paulton,,paul tonne,paul tun,paulton bath and north east somerset,paulton england,paultonne,paultun
Pawlett,,pawlett england,pawlett somerset
Peacehaven,,peacehaven brighton and hove,peacehaven england
Pease Pottage,,pease pottage england,pease pottage west sussex,peasepottage,pottage
Peasedown Saint John,,peasedown saint john bath and north east somerset,peasedown saint john england,peasedownsaintjohn,psj
Peasmarsh,,peasmarsh east sussex,peasmarsh england
Peebles,,peebles scotland,peebles scottish borders
Pegswood,,pegswood england,pegswood northumberland
Pelsall,,pelsall england,pelsall walsall
Pelton,,pel tonne,pel tun,pelton durham,pelton england,peltonne,peltun
Pelynt,,pelynt cornwall,pelynt england
Pemberton,,pember tonne,pember tun,pemberton england,pemberton wigan,pembertonne,pembertun
Pembrey,,pembrey carmarthenshire,pembrey wales
Pembridge,,pembridge england,pembridge herefordshire
Pembroke,,pembroke pembrokeshire,pembroke wales
Pembroke Dock,,dock,pembroke dock pembrokeshire,pembroke dock wales,pembrokedock
Pembury,,pem berry,pem bree,pemberry,pembree,pembury england,pembury kent
Pen-y-Bont ar Ogwr,,ogwr,pbao,pen-y-bont ar ogwr bridgend,pen-y-bont ar ogwr wales,pen-y-bontarogwr
Pen-y-cae,,pen-y-cae wales,pen-y-cae wrexham
Pen-y-fai,,pen-y-fai bridgend,pen-y-fai wales
Pen-y-ffordd,,pen-y-ffordd flintshire,pen-y-ffordd wales
Penarth,,"penarth vale of glamorgan, the",penarth wales
Penbryn,,penbryn ceredigion,penbryn wales
Pencaitland,,pencaitland east lothian,pencaitland scotland
Pencarreg,,pencarreg carmarthenshire,pencarreg wales
Penclawdd,,penclawdd swansea,penclawdd wales
Pencoed,,pencoed bridgend,pencoed wales
Pendeen,,pendeen cornwall,pendeen england
Pendlebury,,pendal berry,pendal bree,pendalberry,pendalbree,pendle berry,pendle bree,pendleberry,pendlebree,pendlebury england,pendlebury salford,pendu berry,pendu bree,penduberry,pendubree,pindle berry,pindle bree,pindleberry,pindlebree
Pengam,,pengam caerphilly,pengam wales
Penicuik,,penicuik midlothian,penicuik scotland
Penistone,,penistone barnsley,penistone england
Penkridge,,penkridge england,penkridge staffordshire
Penllergaer,,penllergaer swansea,penllergaer wales
Penllyn,,"penllyn vale of glamorgan, the",penllyn wales
Penmaenmawr,,penmaenmawr conwy,penmaenmawr wales
Penn,,penn buckinghamshire,penn england
Pennard,,pennard swansea,pennard wales
Pennington,,penning tonne,penning tun,pennington cumbria,pennington england,penningtonne,penningtun
Penparc,,penparc ceredigion,penparc wales
Penpedairheol,,penpedairheol caerphilly,penpedairheol wales
Penrhyn Bay,,penrhyn bay conwy,penrhyn bay wales,penrhynbay
Penrhyn-coch,,penrhyn-coch ceredigion,penrhyn-coch wales
Penrhyndeudreath,,penrhyndeudreath gwynedd,penrhyndeudreath wales
Penrith,,penrith cumbria,penrith england
Penryn,,penryn cornwall,penryn england
Pensarn,,pensarn wales
Pensford,,pensford bath and north east somerset,pensford england
Penshurst,,penshurst england,penshurst kent
Pensilva,,pensilva cornwall,pensilva england
Pentraeth,,pentraeth isle of anglesey,pentraeth wales
Pentyrch,,pentyrch cardiff,pentyrch wales
Penwithick,,penwithick cornwall,penwithick england
Penwortham,,penwort am,penwort um,penwortam,penwortham england,penwortham lancashire,penwortum
Penyffordd,,penyffordd flintshire,penyffordd wales
Penygroes,,penygroes gwynedd,penygroes wales
Penywaun,,penywaun rhondda cynon taff,penywaun wales
Penzance,,penzance cornwall,penzance england
Perham Down,,per am down,per um down,peram down,perham down england,perham down wiltshire,perhamdown,perum down
Perivale,,perivale ealing,perivale england
Perranporth,,perranporth cornwall,perranporth england
Perranuthnoe,,perranuthnoe cornwall,perranuthnoe england
Perranzabuloe,,perranzabuloe cornwall,perranzabuloe england
Perry Barr,,barr,perry barr birmingham,perry barr england,perrybarr
Pershore,,pershore england,pershore worcestershire
Perth,,perth scotland
Perth and Kinross,,pak
Perton,,per tonne,per tun,perton england,perton staffordshire,pertonne,pertun
Peterborough,,peter boro,peter bruh,peterboro,peterborough england,peterbruh
Peterchurch,,peterchurch england,peterchurch herefordshire
Peterculter,,peterculter aberdeen city,peterculter scotland
Peterhead,,peterhead aberdeenshire,peterhead scotland
Peterlee,,peterlee durham,peterlee england
Petersfield,,petersfield england,petersfield hampshire
Petworth,,pet werth,pet wuth,petwerth,petworth england,petworth west sussex,petwuth
Pevensey,,pevensey east sussex,pevensey england
Pewsey,,pewsey england,pewsey wiltshire
Pheasey,,pheasey england,pheasey walsall
Phoenix Green,,phoenix green england,phoenix green hampshire,phoenixgreen
Pickering,,picke en,picke in,pickeen,pickein,picker en,picker in,pickeren,pickerin,pickering england,pickering north yorkshire
Picket Piece,,picket piece england,picket piece hampshire,picketpiece,piece
Pickmere,,pickmere cheshire east,pickmere england
Piddington,,pidding tonne,pidding tun,piddington england,piddington northamptonshire,piddingtonne,piddingtun
Pill,,pill england,pill north somerset
Pilling,,pill en,pill in,pillen,pillin,pilling england,pilling lancashire
Pilning,,piln en,piln in,pilnen,pilnin,pilning england,pilning south gloucestershire
Pilsley,,pils lay,pils lee,pils leigh,pilslay,pilslee,pilsleigh,pilsley derbyshire,pilsley england
Pilton,,pil tonne,pil tun,pilton england,pilton somerset,piltonne,piltun
Pimperne,,pimperne dorset,pimperne england
Pinchbeck,,pinchbeck england,pinchbeck lincolnshire
Pinhoe,,pinhoe devon,pinhoe england
Pinner,,pinner england,pinner harrow
Pinxton,,pinx tonne,pinx tun,pinxton derbyshire,pinxton england,pinxtonne,pinxtun
Pirbright,,pirbright england,pirbright surrey
Pirton,,pir tonne,pir tun,pirton england,pirton hertfordshire,pirtonne,pirtun
Pitlochry,,pitlochry perth and kinross,pitlochry scotland
Pitmedden,,pitmedden aberdeenshire,pitmedden scotland
Pitsea,,pitsea england,pitsea essex
Pitstone,,pitstone buckinghamshire,pitstone england
Pittenweem,,pittenweem fife,pittenweem scotland
Pittington,,pitting tonne,pitting tun,pittington durham,pittington england,pittingtonne,pittingtun
Plains,,plains north lanarkshire,plains scotland
Plaistow,,plaistow england,plaistow west sussex
Plaxtol,,plaxtol england,plaxtol kent
Plean,,plean scotland,plean stirling
Pleasley,,pleas lay,pleas lee,pleas leigh,pleaslay,pleaslee,pleasleigh,pleasley england,pleasley nottinghamshire
Pluckley,,pluck lay,pluck lee,pluck leigh,plucklay,plucklee,pluckleigh,pluckley england,pluckley kent
Plumpton,,plump tonne,plump tun,plumpton east sussex,plumpton england,plumptonne,plumptun
Plumpton Green,,plump tonne green,plump tun green,plumpton green east sussex,plumpton green england,plumptongreen,plumptonne green,plumptun green
Plumstead,,plumstead england,plumstead greenwich
Plymouth,,Plai muth,pli muth,Plimouff,ply mouff,ply muth,plymouff,plymouth england,plymuth
Plympton,,plim tonne,plimton,plymp tonne,plymp tun,plympton england,plympton plymouth,plymptonne,plymptun
Plymstock,,plymstock england,plymstock plymouth
Pocklington,,pockling tonne,pockling tun,pocklington east riding of yorkshire,pocklington england,pocklingtonne,pocklingtun
Point Clear,,clear,point clear england,point clear essex,pointclear
Polbeth,,polbeth scotland,polbeth west lothian
Polegate,,polegate east sussex,polegate england
Polesworth,,poles werth,poles wuth,poleswerth,polesworth england,polesworth warwickshire,poleswuth
Pollokshaws,,pollokshaws east renfrewshire,pollokshaws scotland
Polmont,,polmont falkirk,polmont scotland
Polperro,,polperro cornwall,polperro england
Ponders End,,ponders end enfield,ponders end england,pondersend
Ponsanooth,,ponsanooth cornwall,ponsanooth england
Pont Rhyd-y-cyff,,pont rhyd-y-cyff bridgend,pont rhyd-y-cyff wales,pontrhyd-y-cyff,prc,rhyd-y-cyff
Pont y Paul,
Pont-y-pwl,,pont-y-pwl torfaen,pont-y-pwl wales
Pontardawe,,pontardawe neath port talbot,pontardawe wales
Pontardulais,,pontardulais swansea,pontardulais wales
Pontefract,,pontefract england,pontefract wakefield
Ponteland,,ponteland england,ponteland northumberland
Pontesbury,,pontes berry,pontes bree,pontesberry,pontesbree,pontesbury england,pontesbury shropshire
Ponthir,,ponthir torfaen,ponthir wales
Pontllanfraith,,pontllanfraith caerphilly,pontllanfraith wales
Pontlliw,,pontlliw swansea,pontlliw wales
Pontlottyn,,pontlottyn caerphilly,pontlottyn wales
Pontyates,,pontyates carmarthenshire,pontyates wales
Pontyberem,,pontyberem carmarthenshire,pontyberem wales
Pontycymer,,pontycymer bridgend,pontycymer wales
Pontypridd,,pontypridd rhondda cynon taff,pontypridd wales
Pontywaun,,pontywaun caerphilly,pontywaun wales
Pool,,pool england,pool leeds
Poole,,"poole bournemouth, christchurch and poole",poole england
Poringland,,poringland england,poringland norfolk
Porlock,,porlock england,porlock somerset
Port Bannatyne,,bannatyne,port bannatyne argyll and bute,port bannatyne scotland,portbannatyne
Port Erroll,,erroll,port erroll aberdeenshire,port erroll scotland,porterroll
Port Glasgow,,port glasgow inverclyde,port glasgow scotland,portglasgow
Port Sunlight,,port sunlight england,port sunlight wirral,portsunlight,sunlight
Port Talbot,,port talbot neath port talbot,port talbot wales,porttalbot,pt,talbot
Portaferry,,portaferry ards and north down,portaferry northern ireland
Portavogie,,portavogie ards and north down,portavogie northern ireland
Portchester,,portchester england,portchester hampshire
Portglenone,,portglenone mid and east antrim,portglenone northern ireland
Porth,,porth rhondda cynon taff,porth wales
Porthcawl,,porthcawl bridgend,porthcawl wales
Porthleven,,porthleven cornwall,porthleven england
Porthmadog,,porthmadog gwynedd,porthmadog wales
Portishead,,Port is head,Port is Shead,Port is Shed,portishead england,portishead north somerset
Portknockie,,portknockie moray,portknockie scotland
Portlethen,,portlethen aberdeenshire,portlethen scotland
Porton,,por tonne,por tun,porton england,porton wiltshire,portonne,portun
Portreath,,portreath cornwall,portreath england
Portree,,portree highland,portree scotland
Portrush,,portrush causeway coast and glens,portrush northern ireland
Portskewett,,portskewett monmouthshire,portskewett wales
Portsmouth,,Ports muth,Ports-mouff,portsmouff,portsmouth england,portsmuth
Portsoy,,portsoy aberdeenshire,portsoy scotland
Portstewart,,portstewart causeway coast and glens,portstewart northern ireland
Pott Row,,pott row england,pott row norfolk,pottrow
Potten End,,potten end england,potten end hertfordshire,pottenend
Potter Heigham,,heigham,ph,potter heig am,potter heig um,potter heigam,potter heigham england,potter heigham norfolk,potter heigum,potterheigham
Potterne,,potterne england,potterne wiltshire
Potters Bar,,potters bar england,potters bar hertfordshire,pottersbar
Potterspury,,potterspury england,potterspury northamptonshire
Potton,,pot tonne,pot tun,potton central bedfordshire,potton england,pottonne,pottun
Poulton le Fylde,,fylde,plf,poul tonne le fylde,poul tun le fylde,poulton le fylde england,poulton le fylde lancashire,poultonlefylde,poultonne le fylde,poultun le fylde
Poundstock,,poundstock cornwall,poundstock england
Powick,,powick england,powick worcestershire
Poyle,,poyle buckinghamshire,poyle england
Poynton,,poyn tonne,poyn tun,poynton cheshire east,poynton england,poyntonne,poyntun
Praa Sands,,praa sands england,praasands
Praze an Beeble,,beeble,pab,praze an beeble cornwall,praze an beeble england,prazeanbeeble
Prees,,prees england,prees shropshire
Prees Higher Heath,,phh,prees higher heath england,prees higher heath shropshire,preeshigherheath
Preesall,,preesall england,preesall lancashire
Prescot,,prescot england,prescot knowsley
Prestatyn,,prestatyn denbighshire,prestatyn wales
Prestbury,,prest berry,prest bree,prestberry,prestbree,prestbury cheshire east,prestbury england,prestbury gloucestershire
Presteign,,presteign herefordshire,presteign wales
Preston,,pres tonne,pres tun,preston east riding of yorkshire,preston england,preston lancashire,prestonne,prestun
Prestonpans,,prestonpans east lothian,prestonpans scotland
Prestwich,,prestwich bury,prestwich england
Prestwick,,prestwick scotland,prestwick south ayrshire
Princes Risborough,,princes ris boro,princes ris bruh,princes risboro,princes risborough buckinghamshire,princes risborough england,princes risbruh,princesrisborough,risborough
Princetown,,princetown devon,princetown england
Probus,,probus cornwall,probus england
Prudhoe,,prudhoe england,prudhoe northumberland
Publow,,publow bath and north east somerset,publow england
Puckeridge,,puckeridge england,puckeridge hertfordshire
Pucklechurch,,pucklechurch england,pucklechurch south gloucestershire
Puddletown,,puddletown dorset,puddletown england
Pudsey,,pudsey england,pudsey leeds
Pulborough,,pul boro,pul bruh,pulboro,pulborough england,pulborough west sussex,pulbruh
Pulloxhill,,pulloxhill central bedfordshire,pulloxhill england
Purfleet,,purfleet england,purfleet thurrock
Puriton,,puri tonne,puri tun,puriton england,puriton somerset,puritonne,puritun
Purleigh,,pur lee,pur ley,purlee,purleigh england,purleigh essex,purley
Purton,,pur tonne,pur tun,purton england,purton wiltshire,purtonne,purtun
Pwll,,pwll carmarthenshire,pwll wales
Pwllheli,,pwllheli gwynedd,pwllheli wales
Pyle,,pyle bridgend,pyle wales
Pyrford,,pyrford england,pyrford surrey
Quadring,,quadr en,quadr in,quadren,quadrin,quadring england,quadring lincolnshire
Quainton,,quain tonne,quain tun,quainton buckinghamshire,quainton england,quaintonne,quaintun
Quarrington,,quarring tonne,quarring tun,quarrington england,quarrington lincolnshire,quarringtonne,quarringtun
Quedgeley,,quedge lay,quedge lee,quedge leigh,quedgelay,quedgelee,quedgeleigh,quedgeley england,quedgeley gloucestershire
Queenborough,,queen boro,queen bruh,queenboro,queenborough england,queenborough kent,queenbruh
Queensbury,,queens berry,queens bree,queensberry,queensbree,queensbury calderdale,queensbury england
Queensferry,,"queensferry edinburgh, city of",queensferry flintshire,queensferry scotland,queensferry wales
Queniborough,,queni boro,queni bruh,queniboro,queniborough england,queniborough leicestershire,quenibruh
Quintrell Downs,,qd,quintrell downs cornwall,quintrell downs england,quintrelldowns
Quorndon,,quorndon england,quorndon leicestershire
Rackheath,,rackheath england,rackheath norfolk
Radbourne,,radbourne derbyshire,radbourne england
Radcliffe,,radcliffe bury,radcliffe england
Radcliffe on Trent,,radcliffe on trent england,radcliffe on trent nottinghamshire,radcliffeontrent,rot
Radford Semele,,radford semele england,radford semele warwickshire,radfordsemele,semele
Radlett,,radlett england,radlett hertfordshire
Radley,,rad lay,rad lee,rad leigh,radlay,radlee,radleigh,radley england,radley oxfordshire
Radstock,,radstock bath and north east somerset,radstock england
Raglan,,raglan monmouthshire,raglan wales
Rainford,,rainford england,rainford st. helens
Rainham,,Rain Am,Ray Numb,rain um,rainam,rainham england,rainham medway,rainum
Rainhill,,rainhill england,rainhill st. helens
Rainow,,rainow cheshire east,rainow england
Rainworth,,rain werth,rain wuth,rainwerth,rainworth england,rainworth nottinghamshire,rainwuth
Rampton,,ramp tonne,ramp tun,rampton england,rampton nottinghamshire,ramptonne,ramptun
Ramsbottom,,ramsbottom bury,ramsbottom england
Ramsbury,,rams berry,rams bree,ramsberry,ramsbree,ramsbury england,ramsbury wiltshire
Ramsden Heath,,ramsden heath england,ramsden heath essex,ramsdenheath
Ramsey,,ramsey cambridgeshire,ramsey england,ramsey essex
Ramsgate,,ramsgate england,ramsgate kent
Randalstown,,randalstown antrim and newtownabbey,randalstown northern ireland
Randwick,,randwick england,randwick gloucestershire
Ranskill,,ranskill england,ranskill nottinghamshire
Rasharkin,,rasharkin causeway coast and glens,rasharkin northern ireland
Ratby,,ratby england,ratby leicestershire
Rathfriland,,"rathfriland armagh city, banbridge and craigavon",rathfriland northern ireland
Ratho,,"ratho edinburgh, city of",ratho scotland
Raunds,,raunds england,raunds northamptonshire
Ravenshead,,ravenshead england,ravenshead nottinghamshire
Ravenstone,,ravenstone england,ravenstone leicestershire
Rawcliffe,,rawcliffe east riding of yorkshire,rawcliffe england
Rawdon,,rawdon england,rawdon leeds
Rawmarsh,,rawmarsh england,rawmarsh rotherham
Rawreth,,rawreth england,rawreth essex
Rawtenstall,,rawtenstall england,rawtenstall lancashire
Rayleigh,,ray lee,ray ley,raylee,rayleigh england,rayleigh essex,rayley
Rayne,,rayne england,rayne essex
Raynes Park,,raynes park england,raynes park merton,raynespark
Read,,read england,read lancashire
Reading,,read en,read in,readen,readin,reading england
Rearsby,,rearsby england,rearsby leicestershire
Reawla,,reawla cornwall,reawla england
Reculver,,reculver england,reculver kent
Redbourn,,redbourn england,redbourn hertfordshire
Redbridge,,redbridge england
Redcar,,redcar england
Redcar and Cleveland,,rac
Redding,,redd en,redd in,redden,reddin,redding falkirk,redding scotland
Reddingmuirhead,,reddingmuirhead falkirk,reddingmuirhead scotland
Reddish,,reddish england,reddish stockport
Redditch,,redditch england,redditch worcestershire
Redhill,,redhill england,redhill surrey
Redlynch,,redlynch england,redlynch wiltshire
Redruth,,redruth cornwall,redruth england
Reedham,,reed am,reed um,reedam,reedham england,reedham norfolk,reedum
Reepham,,reep am,reep um,reepam,reepham england,reepham norfolk,reepum
Reigate,,reigate england,reigate surrey
Rendlesham,,rendles am,rendles um,rendlesam,rendlesham england,rendlesham suffolk,rendlesum
Renfrew,,renfrew renfrewshire,renfrew scotland
Renfrewshire,
Renishaw,,renishaw england,renishaw rotherham
Renton,,ren tonne,ren tun,renton scotland,renton west dunbartonshire,rentonne,rentun
Repton,,rep tonne,rep tun,repton derbyshire,repton england,reptonne,reptun
Resolven,,resolven neath port talbot,resolven wales
Retford,,retford england,retford nottinghamshire
Rettendon,,rettendon england,rettendon essex
Reydon,,reydon england,reydon suffolk
Rhayader,,rhayader powys,rhayader wales
Rhodes,,rhodes england,rhodes rochdale
Rhondda,,rhondda wales
Rhondda Cynon Taff,,rct
Rhoose,,"rhoose vale of glamorgan, the",rhoose wales
Rhos-on-Sea,,rhos-on-sea conwy,rhos-on-sea wales,ros
Rhosllanerchrugog,,rhosllanerchrugog wales,rhosllanerchrugog wrexham
Rhosneigr,,rhosneigr isle of anglesey,rhosneigr wales
Rhostyllen,,rhostyllen wales,rhostyllen wrexham
Rhu,,rhu argyll and bute,rhu scotland
Rhuddlan,,rhuddlan denbighshire,rhuddlan wales
Rhuthun,,rhuthun denbighshire,rhuthun wales
Rhyl,,Rile,Rill,rhyl denbighshire,rhyl wales
Rhymney,,rhymney caerphilly,rhymney wales
Ribchester,,ribchester england,ribchester lancashire
Riccall,,riccall england,riccall north yorkshire
Rich Hill,,"rich hill armagh city, banbridge and craigavon",rich hill northern ireland,richhill
Richmond,,richmond england,richmond north yorkshire
Richmond upon Thames,,richmond upon thames england,richmonduponthames,rut
Rickmansworth,,rickmans werth,rickmans wuth,rickmanswerth,rickmansworth england,rickmansworth hertfordshire,rickmanswuth
Rillington,,rilling tonne,rilling tun,rillington england,rillington north yorkshire,rillingtonne,rillingtun
Ringmer,,ringmer east sussex,ringmer england
Ringstead,,ringstead england,ringstead northamptonshire
Ringwood,,ringwood england,ringwood hampshire
Ringwould,,ringwould england,ringwould kent
Ripley,,rip lay,rip lee,rip leigh,riplay,riplee,ripleigh,ripley derbyshire,ripley england,ripley surrey
Ripon,,ripon england,ripon north yorkshire
Ripple,,ripple england,ripple worcestershire
Ripponden,,ripponden calderdale,ripponden england
Risca,,risca caerphilly,risca wales
Riseley,,rise lay,rise lee,rise leigh,riselay,riselee,riseleigh,riseley bedford,riseley england
Rishton,,rish tonne,rish tun,rishton england,rishton lancashire,rishtonne,rishtun
River,,river england,river kent
Roade,,roade england,roade northamptonshire
Robertsbridge,,robertsbridge east sussex,robertsbridge england
Robin Hood,,hood,robin hood england,robin hood leeds,robinhood
Roby,,roby england,roby knowsley
Rocester,,rocester england,rocester staffordshire
Rochdale,,rochdale england
Roche,,roche cornwall,roche england
Rochester,,Roch'ster,rochester england,rochester medway
Rochford,,rochford england,rochford essex
Rock,,rock england,rock worcestershire
Rock Ferry,,rf,rock ferry england,rock ferry wirral,rockferry
Rockwell Green,,rockwell green england,rockwell green somerset,rockwellgreen
Rode,,rode england,rode somerset
Rode Heath,,rode heath cheshire east,rode heath england,rodeheath
Rodney Stoke,,rodney stoke england,rodney stoke somerset,rodneystoke
Rogate,,rogate england,rogate west sussex
Rogerstone,,rogerstone newport,rogerstone wales
Rogiet,,rogiet monmouthshire,rogiet wales
Rolleston on Dove,,dove,rolles tonne on dove,rolles tun on dove,rolleston on dove derbyshire,rolleston on dove england,rollestonne on dove,rollestonondove,rollestun on dove
Rolvenden,,rolvenden england,rolvenden kent
Romanby,,romanby england,romanby north yorkshire
Romford,,romford england,romford havering
Romiley,,romi lay,romi lee,romi leigh,romilay,romilee,romileigh,romiley england,romiley stockport
Romsey,,romsey england,romsey hampshire
Romsley,,roms lay,roms lee,roms leigh,romslay,romslee,romsleigh,romsley england,romsley worcestershire
Roos,,roos east riding of yorkshire,roos england
Roose,,roose cumbria,roose england
Ropley,,rop lay,rop lee,rop leigh,roplay,roplee,ropleigh,ropley england,ropley hampshire
Ropsley,,rops lay,rops lee,rops leigh,ropslay,ropslee,ropsleigh,ropsley england,ropsley lincolnshire
Rosehearty,,rosehearty aberdeenshire,rosehearty scotland
Rosewell,,rosewell midlothian,rosewell scotland
Roslin,,roslin midlothian,roslin scotland
Rosneath,,rosneath argyll and bute,rosneath scotland
Ross on Wye,,ross on wye england,ross on wye herefordshire,rossonwye
Rossett,,rossett wales,rossett wrexham
Rossington,,rossing tonne,rossing tun,rossington doncaster,rossington england,rossingtonne,rossingtun
Rostrevor,,"rostrevor newry, mourne and down",rostrevor northern ireland
Rosyth,,rosyth fife,rosyth scotland
Rothbury,,roth berry,roth bree,rothberry,rothbree,rothbury england,rothbury northumberland
Rotherfield,,rotherfield east sussex,rotherfield england
Rotherfield Peppard,,peppard,rotherfield peppard england,rotherfield peppard oxfordshire,rotherfieldpeppard
Rotherham,,Roth Ram,Roth Rum,Rother um,rother am,rotheram,rotherham england,rotherum
Rothes,,rothes moray,rothes scotland
Rothesay,,rothesay argyll and bute,rothesay scotland
Rothienorman,,rothienorman aberdeenshire,rothienorman scotland
Rothley,,roth lay,roth lee,roth leigh,rothlay,rothlee,rothleigh,rothley england,rothley leicestershire
Rothwell,,rothwell england,rothwell leeds,rothwell northamptonshire
Rottingdean,,rottingdean brighton and hove,rottingdean england
Rough Common,,rough common england,rough common kent,roughcommon
Roundway,,roundway england,roundway wiltshire
Rowde,,rowde england,rowde wiltshire
Rowhedge,,rowhedge england,rowhedge essex
Rowington,,rowing tonne,rowing tun,rowington england,rowington warwickshire,rowingtonne,rowingtun
Rowlands Castle,,rowlands castle england,rowlands castle hampshire,rowlandscastle
Rowlands Gill,,gill,rowlands gill england,rowlands gill gateshead,rowlandsgill
Rowley Regis,,Rowley,row lay regis,row lee regis,row leigh regis,rowlay regis,rowlee regis,rowleigh regis,rowley regis england,rowley regis sandwell,rowleyregis,rr
Roxwell,,roxwell england,roxwell essex
Royal Leamington Spa,,Leamington,Leamington Spa,rls,royal leaming tonne spa,royal leaming tun spa,royal leamington spa england,royal leamington spa warwickshire,royal leamingtonne spa,royal leamingtun spa,royalleamingtonspa
Royal Tunbridge Wells,,Tonne Bridge Wells,Tunbridge Wells,royal tunbridge wells england,royal tunbridge wells kent,royaltunbridgewells,rtw
Royal Wootton Bassett,,royal woot tonne bassett,royal woot tun bassett,royal wootton bassett england,royal wootton bassett wiltshire,royal woottonne bassett,royal woottun bassett,royalwoottonbassett,rwb
Roydon,,roydon england,roydon essex,roydon suffolk
Royston,,roys tonne,roys tun,royston barnsley,royston england,royston hertfordshire,roystonne,roystun
Royton,,roy tonne,roy tun,royton england,royton oldham,roytonne,roytun
Ruabon,,ruabon wales,ruabon wrexham
Ruardean,,ruardean england,ruardean gloucestershire
Ruardean Woodside,,ruardean woodside england,ruardean woodside gloucestershire,ruardeanwoodside,rw,woodside
Rudbaxton,,rudbax tonne,rudbax tun,rudbaxton pembrokeshire,rudbaxton wales,rudbaxtonne,rudbaxtun
Ruddington,,rudding tonne,rudding tun,ruddington england,ruddington nottinghamshire,ruddingtonne,ruddingtun
Rudgwick,,rudgwick england,rudgwick west sussex
Rudheath,,rudheath cheshire west and chester,rudheath england
Rudloe,,rudloe england,rudloe wiltshire
Rufford,,rufford england,rufford lancashire
Rugby,,rugby england,rugby warwickshire
Rugeley,,ruge lay,ruge lee,ruge leigh,rugelay,rugelee,rugeleigh,rugeley england,rugeley staffordshire
Ruislip,,ruislip england,ruislip hillingdon
Runcorn,,runcorn england,runcorn halton
Runswick,,runswick england,runswick north yorkshire
Runwell,,runwell england,runwell essex
Rushall,,rushall england,rushall walsall
Rushden,,rushden england,rushden northamptonshire
Ruskington,,rusking tonne,rusking tun,ruskington england,ruskington lincolnshire,ruskingtonne,ruskingtun
Rusper,,rusper england,rusper west sussex
Ruspidge,,ruspidge england,ruspidge gloucestershire
Rustington,,rusting tonne,rusting tun,rustington england,rustington west sussex,rustingtonne,rustingtun
Rutherglen,,rutherglen glasgow city,rutherglen scotland
Ruyton-XI-Towns,,ruy tonne xi towns,ruy tun xi towns,ruyton-xi-towns england,ruyton-xi-towns shropshire,ruytonne xi towns,ruytun xi towns,rxt
Ryall,,ryall england,ryall worcestershire
Ryde,,ryde england,ryde isle of wight
Rye,,rye east sussex,rye england
Ryhall,,ryhall england,ryhall rutland
Ryhill,,ryhill england,ryhill wakefield
Ryhope,,ryhope england,ryhope sunderland
Ryton,,ryton england,ryton gateshead
Ryton on Dunsmore,,ryton on dunsmore england,ryton on dunsmore warwickshire,rytonondunsmore
Sabden,,sabden england,sabden lancashire
Sacriston,,sacris tonne,sacris tun,sacriston durham,sacriston england,sacristonne,sacristun
Saffron Walden,,saffron walden england,saffron walden essex,saffronwalden
Saighton,,saigh tonne,saigh tun,saighton cheshire west and chester,saighton england,saightonne,saightun
Saint Agnes,,agnes,saint agnes cornwall,saint agnes england,saintagnes
Saint Albans,,albans,saint albans england,saint albans hertfordshire,saintalbans
Saint Andrews,,andrews,saint andrews fife,saint andrews scotland,saintandrews
Saint Annes on the Sea,,saint annes on the sea england,saint annes on the sea lancashire,saintannesonthesea,saots
Saint Asaph,,asaph,saint asaph denbighshire,saint asaph wales,saintasaph
Saint Athan,,athan,"saint athan vale of glamorgan, the",saint athan wales,saintathan
Saint Austell,,austell,saint austell cornwall,saint austell england,saintaustell
Saint Bees,,bees,saint bees cumbria,saint bees england,saintbees
Saint Blazey,,blazey,saint blazey cornwall,saint blazey england,saintblazey
Saint Boswells,,saint boswells scotland,saint boswells scottish borders,saintboswells
Saint Breward,,breward,saint breward cornwall,saint breward england,saintbreward
Saint Briavels,,briavels,saint briavels england,saint briavels gloucestershire,saintbriavels
Saint Brides Major,,"saint brides major vale of glamorgan, the",saint brides major wales,saintbridesmajor,sbm
Saint Budeaux,,budeaux,saint budeaux england,saint budeaux plymouth,saintbudeaux
Saint Buryan,,buryan,saint buryan cornwall,saint buryan england,saintburyan
Saint Clears,,clears,saint clears carmarthenshire,saint clears wales,saintclears
Saint Cleer,,cleer,saint cleer cornwall,saint cleer england,saintcleer
Saint Clement,,saint clement cornwall,saint clement england,saintclement
Saint Columb Major,,saint columb major cornwall,saint columb major england,saintcolumbmajor,scm
Saint Cyrus,,cyrus,saint cyrus aberdeenshire,saint cyrus scotland,saintcyrus
Saint David's,,david's,saint david's pembrokeshire,saint david's wales,saintdavid's
Saint Day,,day,saint day cornwall,saint day england,saintday
Saint Dennis,,dennis,saint dennis cornwall,saint dennis england,saintdennis
Saint Dogmaels,,dogmaels,saint dogmaels pembrokeshire,saint dogmaels wales,saintdogmaels
Saint Enoder,,enoder,saint enoder cornwall,saint enoder england,saintenoder
Saint Erme,,erme,saint erme cornwall,saint erme england,sainterme
Saint Erth,,erth,saint erth cornwall,saint erth england,sainterth
Saint Eval,,eval,saint eval cornwall,saint eval england,sainteval
Saint Fagans,,fagans,saint fagans cardiff,saint fagans wales,saintfagans
Saint Germans,,saint germans cornwall,saint germans england,saintgermans
Saint Helens,,helens,saint helens england,saint helens isle of wight,saint helens st. helens,sainthelens
Saint Ishmael,,ishmael,saint ishmael carmarthenshire,saint ishmael wales,saintishmael
Saint Ive,,ive,saint ive cornwall,saint ive england,saintive
Saint Ives,,ives,saint ives cambridgeshire,saint ives cornwall,saint ives england,saintives
Saint Just,,just,saint just cornwall,saint just england,saintjust,sj
Saint Keverne,,keverne,saint keverne cornwall,saint keverne england,saintkeverne
Saint Kew,,kew,saint kew cornwall,saint kew england,saintkew
Saint Lawrence,,saint lawrence england,saint lawrence essex,saintlawrence
Saint Leonards,,saint leonards dorset,saint leonards england,saintleonards
Saint Margaret's at Cliffe,,saint margaret's at cliffe england,saint margaret's at cliffe kent,saintmargaret'satcliffe,smac
Saint Mary Bourne,,saint mary bourne england,saint mary bourne hampshire,saint mary burn,saintmarybourne
Saint Merryn,,merryn,saint merryn cornwall,saint merryn england,saintmerryn
Saint Minver,,minver,saint minver cornwall,saint minver england,saintminver
Saint Monance,,monance,saint monance fife,saint monance scotland,saintmonance
Saint Neots,,neots,saint neots cambridgeshire,saint neots england,saintneots
Saint Osyth,,osyth,saint osyth england,saint osyth essex,saintosyth
Saint Pauls Walden,,saint pauls walden england,saint pauls walden hertfordshire,saintpaulswalden,spw
Saint Peters,,peters,saint peters england,saint peters kent,saintpeters
Saint Stephen,,saint stephen cornwall,saint stephen england,saintstephen
Saintfield,,"saintfield newry, mourne and down",saintfield northern ireland
Salcombe,,salcombe devon,salcombe england
Sale,,sale england,sale trafford
Salford,,salford england
Salford Priors,,priors,salford priors england,salford priors warwickshire,salfordpriors
Salfords,,salfords england,salfords surrey
Salhouse,,salhouse england,salhouse norfolk
Saline,,saline fife,saline scotland
Salisbury,,Sales Berry,Salsbry,salis berry,salis bree,salisberry,salisbree,salisbury england,salisbury wiltshire,solzbree
Salph End,,salph end bedford,salph end england,salphend
Salsburgh,,salsburgh north lanarkshire,salsburgh scotland
Saltash,,saltash cornwall,saltash england
Saltburn-by-the-Sea,,saltburn-by-the-sea england,saltburn-by-the-sea redcar and cleveland,sbts
Saltcoats,,saltcoats north ayrshire,saltcoats scotland
Saltford,,saltford bath and north east somerset,saltford england
Samlesbury,,samles berry,samles bree,samlesberry,samlesbree,samlesbury england,samlesbury lancashire
Sampford Peverell,,peverell,sampford peverell devon,sampford peverell england,sampfordpeverell
Sandbach,,sandbach cheshire east,sandbach england
Sandbank,,sandbank argyll and bute,sandbank scotland
Sanderstead,,sanderstead croydon,sanderstead england
Sandford,,sandford devon,sandford dorset,sandford england
Sandgate,,sandgate england,sandgate kent
Sandhurst,,sandhurst england,sandhurst hampshire,sandhurst kent
Sandiacre,,sandiacre england,sandiacre nottinghamshire
Sandown,,sandown england,sandown isle of wight
Sandridge,,sandridge england,sandridge hertfordshire
Sandwell,
Sandwich,,sandwich england,sandwich kent
Sandy,,sandy central bedfordshire,sandy england
Sandycroft,,sandycroft flintshire,sandycroft wales
Sanquhar,,sanquhar dumfries and galloway,sanquhar scotland
Sapcote,,sapcote england,sapcote leicestershire
Sarn,,sarn bridgend,sarn wales
Sarratt,,sarratt england,sarratt hertfordshire
Sauchie,,sauchie clackmannanshire,sauchie scotland
Saughall,,saughall cheshire west and chester,saughall england
Saundersfoot,,saundersfoot pembrokeshire,saundersfoot wales
Sawbridgeworth,,sawbridge werth,sawbridge wuth,sawbridgewerth,sawbridgeworth england,sawbridgeworth hertfordshire,sawbridgewuth
Sawley,,saw lay,saw lee,saw leigh,sawlay,sawlee,sawleigh,sawley england,sawley leicestershire
Sawston,,saws tonne,saws tun,sawston cambridgeshire,sawston england,sawstonne,sawstun
Sawtry,,sawtry cambridgeshire,sawtry england
Saxilby,,saxilby england,saxilby lincolnshire
Saxmundham,,saxmund am,saxmund um,saxmundam,saxmundham england,saxmundham suffolk,saxmundum
Scalby,,scalby england,scalby north yorkshire
Scalloway,,scalloway scotland,scalloway shetland islands
Scampton,,scamp tonne,scamp tun,scampton england,scampton lincolnshire,scamptonne,scamptun
Scarborough,,scar boro,scar bruh,scarboro,scarborough england,scarborough north yorkshire,scarbruh
Scarcroft,,scarcroft england,scarcroft leeds
Scarisbrick,,scarisbrick england,scarisbrick lancashire
Scartho,,scartho england,scartho north east lincolnshire
Scawby,,scawby england,scawby north lincolnshire
Scawton,,scaw tonne,scaw tun,scawton england,scawton north yorkshire,scawtonne,scawtun
Scaynes Hill,,scaynes hill england,scaynes hill west sussex,scayneshill
Scholar Green,,scholar green cheshire east,scholar green england,scholargreen
Scholes,,scholes england,scholes kirklees,scholes leeds
Scleddau,,scleddau pembrokeshire,scleddau wales
Scole,,scole england,scole norfolk
Scone,,scone perthshire and kinross,scone scotland
Scotby,,scotby cumbria,scotby england
Scotter,,scotter england,scotter lincolnshire
Scunthorpe,,scunthorpe england,scunthorpe north lincolnshire
Seacombe,,seacombe england,seacombe wirral
Seacroft,,seacroft england,seacroft leeds
Seafield,,"seafield edinburgh, city of",seafield scotland
Seaford,,seaford east sussex,seaford england
Seaham,,sea am,sea um,seaam,seaham durham,seaham england,seaum
Seahouses,,seahouses england,seahouses northumberland
Seal,,seal england,seal kent
Sealand,,sealand cheshire west and chester,sealand wales
Seamer,,seamer england,seamer north yorkshire
Seasalter,,seasalter england,seasalter kent
Seascale,,seascale cumbria,seascale england
Seaton,,sea tonne,sea tun,seaton cumbria,seaton devon,seaton england,seatonne,seatun
Seaton Burn,,sea tonne burn,sea tun burn,seaton burn england,seaton burn north tyneside,seatonburn,seatonne burn,seatun burn
Seaton Carew,,sea tonne carew,sea tun carew,seaton carew england,seaton carew hartlepool,seatoncarew,seatonne carew,seatun carew
Seaton Delaval,,delaval,sea tonne delaval,sea tun delaval,seaton delaval england,seaton delaval northumberland,seatondelaval,seatonne delaval,seatun delaval
Seaton Sluice,,sea tonne sluice,sea tun sluice,seaton sluice england,seaton sluice northumberland,seatonne sluice,seatonsluice,seatun sluice,sluice
Sedbergh,,sedbergh cumbria,sedbergh england
Sedgefield,,sedgefield durham,sedgefield england
Sedgley,,sedg lay,sedg lee,sedg leigh,sedglay,sedglee,sedgleigh,sedgley dudley,sedgley england
Sedlescombe,,sedlescombe east sussex,sedlescombe england
Seend,,seend england,seend wiltshire
Seer Green,,seer green buckinghamshire,seer green england,seergreen
Sefton,,sef tonne,sef tun,sefton england,seftonne,seftun
Seghill,,seghill england,seghill north tyneside
Seighford,,seighford england,seighford staffordshire
Selborne,,selborne england,selborne hampshire
Selby,,selby england,selby north yorkshire
Selkirk,,selkirk scotland,selkirk scottish borders
Sellindge,,sellindge england,sellindge kent
Selsey,,selsey england,selsey west sussex
Selston,,sels tonne,sels tun,selston england,selston nottinghamshire,selstonne,selstun
Send,,send england,send surrey
Sendmarsh,,sendmarsh england,sendmarsh surrey
Sennybridge,,sennybridge powys,sennybridge wales
Settle,,settle england,settle north yorkshire
Seven Sisters,,7 sisters,seven sisters neath port talbot,seven sisters wales,sevensisters,sisters
Sevenoaks,,Sev Oaks,7 oaks,7 ox,7oaks,7ox,seven oaks,seven ox,sevenoaks england,sevenoaks kent,sevenox
Sevenoaks Weald,,7 oaks weald,7 ox weald,7oaks weald,7ox weald,sev oaks weald,seven oaks weald,seven ox weald,sevenoaks weald england,sevenoaks weald kent,sevenoaksweald,sevenox weald
Severn Beach,,beach,severn beach england,severn beach south gloucestershire,severnbeach
Shadoxhurst,,shadoxhurst england,shadoxhurst kent
Shadwell,,shadwell england,shadwell leeds
Shaftesbury,,shaftes berry,shaftes bree,shaftesberry,shaftesbree,shaftesbury dorset,shaftesbury england
Shafton,,shaf tonne,shaf tun,shafton barnsley,shafton england,shaftonne,shaftun
Shaldon,,shaldon devon,shaldon england
Shalfleet,,shalfleet england,shalfleet isle of wight
Shalford,,shalford england,shalford surrey
Shanklin,,shanklin england,shanklin isle of wight
Shap,,shap cumbria,shap england
Shardlow,,shardlow england,shardlow leicestershire
Sharnbrook,,sharnbrook bedford,sharnbrook england
Sharnford,,sharnford england,sharnford leicestershire
Sharpness,,sharpness england,sharpness gloucestershire
Shaw,,shaw england,shaw oldham
Shawbury,,shaw berry,shaw bree,shawberry,shawbree,shawbury england,shawbury shropshire
Shawforth,,shawforth england,shawforth lancashire
Shebbear,,shebbear devon,shebbear england
Shedfield,,shedfield england,shedfield hampshire
Sheepy,,sheepy england,sheepy leicestershire
Sheering,,shee en,shee in,sheeen,sheein,sheer en,sheer in,sheeren,sheerin,sheering england,sheering essex
Sheerness,,sheerness england,sheerness kent
Sheffield,,sheffield england
Shefford,,shefford central bedfordshire,shefford england
Sheldon,,sheldon england,sheldon solihull
Shelford,,shelford cambridgeshire,shelford england
Shelley,,shel lay,shel lee,shel leigh,shellay,shellee,shelleigh,shelley england,shelley essex,shelley kirklees
Shenfield,,shenfield england,shenfield essex
Shenley,,shen lay,shen lee,shen leigh,shenlay,shenlee,shenleigh,shenley england,shenley hertfordshire
Shenley Brook End,,sbe,shen lay brook end,shen lee brook end,shen leigh brook end,shenlay brook end,shenlee brook end,shenleigh brook end,shenley brook end england,shenley brook end milton keynes,shenleybrookend
Shenley Church End,,sce,shen lay church end,shen lee church end,shen leigh church end,shenlay church end,shenlee church end,shenleigh church end,shenley church end england,shenley church end milton keynes,shenleychurchend
Shenstone,,shenstone england,shenstone staffordshire
Shephall,,shephall england,shephall hertfordshire
Shepherdswell,,shepherdswell england,shepherdswell kent
Shepley,,shep lay,shep lee,shep leigh,sheplay,sheplee,shepleigh,shepley england,shepley kirklees
Shepperton,,shepper tonne,shepper tun,shepperton england,shepperton surrey,sheppertonne,sheppertun
Shepshed,,shepshed england,shepshed leicestershire
Shepton Mallet,,mallet,shep tonne mallet,shep tun mallet,shepton mallet england,shepton mallet somerset,sheptonmallet,sheptonne mallet,sheptun mallet
Sherborne,,sherborne dorset,sherborne england
Sherborne Saint John,,sherborne saint john england,sherborne saint john hampshire,sherbornesaintjohn
Sherburn,,sherburn durham,sherburn england
Sherburn in Elmet,,elmet,sherburn in elmet england,sherburn in elmet north yorkshire,sherburninelmet,sie
Shere,,shere england,shere surrey
Sherfield upon Loddon,,sherfield upon loddon england,sherfield upon loddon hampshire,sherfielduponloddon,sul
Sheriff Hill,,sheriff hill england,sheriff hill gateshead,sheriffhill
Sheriff Hutton,,sheriff hut tonne,sheriff hut tun,sheriff hutton england,sheriff hutton north yorkshire,sheriff huttonne,sheriff huttun,sheriffhutton
Sheringham,,shering am,shering um,sheringam,sheringham england,sheringham norfolk,sheringum
Sherston,,shers tonne,shers tun,sherston england,sherston wiltshire,sherstonne,sherstun
Shevington,,sheving tonne,sheving tun,shevington england,shevington wigan,shevingtonne,shevingtun
Shieldhill,,shieldhill falkirk,shieldhill scotland
Shifnal,,shifnal england,shifnal shropshire
Shilbottle,,shilbottle england,shilbottle northumberland
Shildon,,shildon durham,shildon england
Shillingstone,,shillingstone dorset,shillingstone england
Shillington,,shilling tonne,shilling tun,shillington central bedfordshire,shillington england,shillingtonne,shillingtun
Shincliffe,,shincliffe durham,shincliffe england
Shinfield,,shinfield england,shinfield wokingham
Shipdham,,shipd am,shipd um,shipdam,shipdham england,shipdham norfolk,shipdum
Shipham,,ship am,ship um,shipam,shipham england,shipham somerset,shipum
Shiplake,,shiplake england,shiplake wokingham
Shipley,,ship lay,ship lee,ship leigh,shiplay,shiplee,shipleigh,shipley bradford,shipley england,shipley west sussex
Shipston on Stour,,ships tonne on stour,ships tun on stour,shipston on stour england,shipston on stour warwickshire,shipstonne on stour,shipstononstour,shipstun on stour
Shipton Bellinger,,bellinger,ship tonne bellinger,ship tun bellinger,shipton bellinger england,shipton bellinger hampshire,shiptonbellinger,shiptonne bellinger,shiptun bellinger
Shipton under Wychwood,,ship tonne under wychwood,ship tun under wychwood,shipton under wychwood england,shipton under wychwood oxfordshire,shiptonne under wychwood,shiptonunderwychwood,shiptun under wychwood,suw,wychwood
Shirebrook,,shirebrook derbyshire,shirebrook england
Shiremoor,,shiremoor england,shiremoor north tyneside
Shirenewton,,shirenew tonne,shirenew tun,shirenewton monmouthshire,shirenewton wales,shirenewtonne,shirenewtun
Shireoaks,,shire oaks,shire ox,shireoaks england,shireoaks nottinghamshire,shireox
Shirland,,shirland derbyshire,shirland england
Shirley,,shir lay,shir lee,shir leigh,shirlay,shirlee,shirleigh,shirley croydon,shirley england
Shoeburyness,,shoeburyness england,shoeburyness southend-on-sea
Sholden,,sholden england,sholden kent
Shoreham,,shore am,shore um,shoream,shoreham england,shoreham kent,shoreum
Shoreham-by-Sea,,shore am by sea,shore um by sea,shoream by sea,shoreham-by-sea england,shoreham-by-sea west sussex,shoreum by sea
Shorne,,shorne england,shorne kent
Shortstown,,shortstown bedford,shortstown england
Shotley,,shot lay,shot lee,shot leigh,shotlay,shotlee,shotleigh,shotley england,shotley suffolk
Shotley Bridge,,shot lay bridge,shot lee bridge,shot leigh bridge,shotlay bridge,shotlee bridge,shotleigh bridge,shotley bridge durham,shotley bridge england,shotleybridge
Shotley Gate,,shot lay gate,shot lee gate,shot leigh gate,shotlay gate,shotlee gate,shotleigh gate,shotley gate england,shotley gate suffolk,shotleygate
Shotton Colliery,,shot tonne colliery,shot tun colliery,shotton colliery durham,shotton colliery england,shottoncolliery,shottonne colliery,shottun colliery
Shrewsbury,,shrews berry,shrews bree,shrewsberry,shrewsbree,shrewsbury england,shrewsbury shropshire
Shrewton,,shrew tonne,shrew tun,shrewton england,shrewton wiltshire,shrewtonne,shrewtun
Shrivenham,,shriven am,shriven um,shrivenam,shrivenham england,shrivenham oxfordshire,shrivenum
Shropshire,
Shurdington,,shurding tonne,shurding tun,shurdington england,shurdington gloucestershire,shurdingtonne,shurdingtun
Shuttlewood,,shuttlewood derbyshire,shuttlewood england
Sibford Gower,,gower,sibford gower england,sibford gower oxfordshire,sibfordgower
Sible Hedingham,,sible heding am,sible heding um,sible hedingam,sible hedingham england,sible hedingham essex,sible hedingum,siblehedingham
Sibsey,,sibsey england,sibsey lincolnshire
Sidcup,,sidcup bexley,sidcup england
Siddington,,sidding tonne,sidding tun,siddington england,siddington gloucestershire,siddingtonne,siddingtun
Sidlesham,,sidles am,sidles um,sidlesam,sidlesham england,sidlesham west sussex,sidlesum
Sidley,,sid lay,sid lee,sid leigh,sidlay,sidlee,sidleigh,sidley east sussex,sidley england
Sidmouth,,sid mouff,sid muth,sidmouff,sidmouth devon,sidmouth england,sidmuth
Sileby,,sileby england,sileby leicestershire
Silkstone,,silkstone barnsley,silkstone england
Silkstone Common,,silkstone common barnsley,silkstone common england,silkstonecommon
Silloth,,silloth cumbria,silloth england
Silsden,,silsden bradford,silsden england
Silsoe,,silsoe central bedfordshire,silsoe england
Silverdale,,silverdale england,silverdale lancashire,silverdale staffordshire
Silverstone,,silverstone england,silverstone northamptonshire
Silverton,,silver tonne,silver tun,silverton devon,silverton england,silvertonne,silvertun
Simister,,simister england,simister rochdale
Simpson,,simpson england,simpson milton keynes
Sion Mills,,sion mills derry and strabane,sion mills northern ireland,sionmills
Siston,,sis tonne,sis tun,siston england,siston south gloucestershire,sistonne,sistun
Sittingbourne,,Sitting-buhn,Sting Born,sittingbourne england,sittingbourne kent
Sixpenny Handley,,handley,sixpenny hand lay,sixpenny hand lee,sixpenny hand leigh,sixpenny handlay,sixpenny handlee,sixpenny handleigh,sixpenny handley dorset,sixpenny handley england,sixpennyhandley
Skegness,,skegness england,skegness lincolnshire
Skellingthorpe,,skellingthorpe england,skellingthorpe lincolnshire
Skellow,,skellow doncaster,skellow england
Skelmanthorpe,,skelmanthorpe england,skelmanthorpe kirklees
Skelmersdale,,skelmersdale england,skelmersdale lancashire
Skelmorlie,,skelmorlie north ayrshire,skelmorlie scotland
Skelton,,skel tonne,skel tun,skelton cumbria,skelton england,skelton redcar and cleveland,skelton york,skeltonne,skeltun
Skewen,,skewen neath port talbot,skewen wales
Skidby,,skidby east riding of yorkshire,skidby england
Skipton,,skip tonne,skip tun,skipton england,skipton north yorkshire,skiptonne,skiptun
Skirbeck,,skirbeck england,skirbeck lincolnshire
Skirlaugh,,skirlaugh east riding of yorkshire,skirlaugh england
Slamannan,,slamannan falkirk,slamannan scotland
Slaugham,,slaug am,slaug um,slaugam,slaugham england,slaugham west sussex,slaugum
Sleaford,,sleaford england,sleaford lincolnshire
Sleights,,sleights england,sleights north yorkshire
Slimbridge,,slimbridge england,slimbridge gloucestershire
Slinfold,,slinfold england,slinfold west sussex
Sling,,sling england,sling gloucestershire
Slough,,Slow,slough england
Small Heath,,small heath birmingham,small heath england,smallheath
Smalley,,smal lay,smal lee,smal leigh,smallay,smallee,smalleigh,smalley derbyshire,smalley england
Smarden,,smarden england,smarden kent
Smethwick,,smethwick england,smethwick sandwell
Smithton,,smith tonne,smith tun,smithton highland,smithton scotland,smithtonne,smithtun
Snaith,,snaith east riding of yorkshire,snaith england
Snaresbrook,,snaresbrook england,snaresbrook redbridge
Snettisham,,snettis am,snettis um,snettisam,snettisham england,snettisham norfolk,snettisum
Snitterfield,,snitterfield england,snitterfield warwickshire
Snodland,,snodland england,snodland kent
Soberton,,sober tonne,sober tun,soberton england,soberton hampshire,sobertonne,sobertun
Soham,,soham cambridgeshire,soham england
Sole Street,,sole street england,sole street kent,solestreet
Solihull,,solihull england
Sollom,,sollom england,sollom lancashire
Somerset,
Somersham,,somers am,somers um,somersam,somersham cambridgeshire,somersham england,somersum
Somerton,,somer tonne,somer tun,somerton england,somerton somerset,somertonne,somertun
Sompting,,sompt en,sompt in,sompten,somptin,sompting england,sompting west sussex
Sonning,,sonn en,sonn in,sonnen,sonnin,sonning england,sonning wokingham
Sonning Common,,sonn en common,sonn in common,sonnen common,sonnin common,sonning common england,sonning common oxfordshire,sonningcommon
Sopley,,sop lay,sop lee,sop leigh,soplay,soplee,sopleigh,sopley dorset,sopley england
South Ayrshire,,suth ayrshire
South Bank,,south bank england,south bank redcar and cleveland,southbank,suth bank
South Brent,,south brent devon,south brent england,southbrent,suth brent
South Cave,,south cave east riding of yorkshire,south cave england,southcave,suth cave
South Cerney,,cerney,south cerney england,south cerney gloucestershire,southcerney,suth cerney
South Elmsall,,south elmsall england,south elmsall wakefield,southelmsall,suth elmsall
South Gloucestershire,,suth gloucestershire
South Hanningfield,,south hanningfield england,south hanningfield essex,southhanningfield,suth hanningfield
South Hayling,,hayling,south hayl en,south hayl in,south haylen,south haylin,south hayling england,south hayling hampshire,southhayling,suth hayling
South Hetton,,hetton,south het tonne,south het tun,south hetton durham,south hetton england,south hettonne,south hettun,southhetton,suth hetton
South Hiendley,,hiendley,south hiend lay,south hiend lee,south hiend leigh,south hiendlay,south hiendlee,south hiendleigh,south hiendley england,south hiendley wakefield,southhiendley,suth hiendley
South Hykeham,,south hyke am,south hyke um,south hykeam,south hykeham england,south hykeham lincolnshire,south hykeum,southhykeham,suth hykeham
South Killingholme,,killingholme,south killingholme england,south killingholme lincolnshire,southkillingholme,suth killingholme
South Kirkby,,south kirkby england,south kirkby wakefield,southkirkby,suth kirkby
South Lanarkshire,,suth lanarkshire
South Littleton,,south little tonne,south little tun,south littleton england,south littleton worcestershire,south littletonne,south littletun,southlittleton,suth littleton
South Milford,,south milford england,south milford north yorkshire,southmilford,suth milford
South Molton,,south mol tonne,south mol tun,south molton devon,south molton england,south moltonne,south moltun,southmolton,suth molton
South Normanton,,south norman tonne,south norman tun,south normanton derbyshire,south normanton england,south normantonne,south normantun,southnormanton,suth normanton
South Nutfield,,south nutfield england,south nutfield west sussex,southnutfield,suth nutfield
South Ockendon,,ockendon,south ockendon england,south ockendon thurrock,southockendon,suth ockendon
South Petherton,,south pether tonne,south pether tun,south petherton england,south petherton somerset,south pethertonne,south pethertun,southpetherton,suth petherton
South Shields,,south shields england,south shields south tyneside,southshields,suth shields
South Tawton,,south taw tonne,south taw tun,south tawton devon,south tawton england,south tawtonne,south tawtun,southtawton,suth tawton
South Tyneside,,suth tyneside
South Warnborough,,south warn boro,south warn bruh,south warnboro,south warnborough england,south warnborough hampshire,south warnbruh,southwarnborough,suth warnborough,warnborough
South Wingfield,,south wingfield derbyshire,south wingfield england,southwingfield,suth wingfield,wingfield
South Witham,,south wit am,south wit ham,south wit um,south witam,south with ham,south witham england,south witham rutland,south witum,southwitham,suth witham
South Wonston,,south wons tonne,south wons tun,south wonston england,south wonston hampshire,south wonstonne,south wonstun,southwonston,suth wonston
South Woodham Ferrers,,south wood am ferrers,south wood um ferrers,south woodam ferrers,south woodham ferrers england,south woodham ferrers essex,south woodum ferrers,southwoodhamferrers,suth woodham ferrers,swf
South Wootton,,south woot tonne,south woot tun,south wootton england,south wootton norfolk,south woottonne,south woottun,southwootton,suth wootton
South Zeal,,south zeal devon,south zeal england,southzeal,suth zeal,sz,zeal
Southall,,Salf All,South All,Suthall,southall ealing,southall england
Southam,,sout am,sout um,soutam,southam england,southam gloucestershire,southam warwickshire,soutum
Southampton,,Suthampton,southamp tonne,southamp tun,southampton england,southamptonne,southamptun
Southborough,,south boro,south bruh,southboro,southborough england,southborough kent,southbruh,suth boro,suth bruh,suthboro,suthbruh
Southbourne,,"southbourne bournemouth, christchurch and poole",southbourne england,southbourne west sussex
Southend,,southend england,southend southend-on-sea,southend west berkshire
Southend On Sea,,Salf End,Salfend,South End,suthend
Southery,,southery england,southery norfolk
Southfleet,,southfleet england,southfleet kent
Southgate,,southgate enfield,southgate england,southgate swansea,southgate wales
Southill,,southill central bedfordshire,southill england
Southminster,,southminster england,southminster essex
Southport,,southport england,southport sefton
Southwark,,southwark england,suthuk
Southwater,,southwater england,southwater west sussex
Southwell,,southwell dorset,southwell england,southwell nottinghamshire
Southwick,,southwick england,southwick sunderland,southwick west sussex,southwick wiltshire
Sowerby,,sowerby england,sowerby north yorkshire
Sowerby Bridge,,sowerby bridge calderdale,sowerby bridge england,sowerbybridge
Spalding,,spald en,spald in,spalden,spaldin,spalding england,spalding lincolnshire
Spaxton,,spax tonne,spax tun,spaxton england,spaxton somerset,spaxtonne,spaxtun
Speen,,speen buckinghamshire,speen england,speen west berkshire
Speldhurst,,speldhurst england,speldhurst kent
Spennymoor,,spennymoor durham,spennymoor england
Spilsby,,spilsby england,spilsby lincolnshire
Spitalfields,,spitalfields england,spitalfields tower hamlets
Spixworth,,spix werth,spix wuth,spixwerth,spixworth england,spixworth norfolk,spixwuth
Spofforth,,spofforth england,spofforth north yorkshire
Spondon,,spondon derby,spondon england
Spratton,,sprat tonne,sprat tun,spratton england,spratton northamptonshire,sprattonne,sprattun
Springside,,springside north ayrshire,springside scotland
Sproatley,,sproat lay,sproat lee,sproat leigh,sproatlay,sproatlee,sproatleigh,sproatley east riding of yorkshire,sproatley england
Sprotbrough,,sprotbrough doncaster,sprotbrough england
Sproughton,,sprough tonne,sprough tun,sproughton england,sproughton suffolk,sproughtonne,sproughtun
St Martin's,,martin's,st martin's england,st martin's shropshire,stmartin's
St Mary's Bay,,st mary's bay england,st mary's bay kent,stmary'sbay
St. Helens,
Stadhampton,,stadhamp tonne,stadhamp tun,stadhampton england,stadhampton oxfordshire,stadhamptonne,stadhamptun
Stafford,,stafford england,stafford staffordshire
Staffordshire,
Staindrop,,staindrop durham,staindrop england
Staines-upon-Thames,,staines-upon-thames england,staines-upon-thames surrey
Stainforth,,stainforth doncaster,stainforth england
Staining,,stain en,stain in,stainen,stainin,staining blackpool,staining england
Stainland,,stainland calderdale,stainland england
Stainton,,stain tonne,stain tun,stainton cumbria,stainton england,stainton middlesbrough,staintonne,staintun
Stakeford,,stakeford england,stakeford northumberland
Stalbridge,,stalbridge dorset,stalbridge england
Stalham,,stal am,stal um,stalam,stalham england,stalham norfolk,stalum
Stallingborough,,stalling boro,stalling bruh,stallingboro,stallingborough england,stallingborough north east lincolnshire,stallingbruh
Stalmine,,stalmine england,stalmine lancashire
Stalybridge,,stalybridge england,stalybridge tameside
Stamford,,stamford england,stamford lincolnshire
Stamford Bridge,,stamford bridge east riding of yorkshire,stamford bridge england,stamfordbridge
Stamfordham,,stamford am,stamford um,stamfordam,stamfordham england,stamfordham northumberland,stamfordum
Stamperland,,stamperland east renfrewshire,stamperland scotland
Standish,,standish england,standish wigan
Standlake,,standlake england,standlake oxfordshire
Standon,,standon england,standon hertfordshire
Stanford in the Vale,,sitv,stanford in the vale england,stanford in the vale oxfordshire,stanfordinthevale
Stanford le Hope,,Stanford,slh,stanford le hope england,stanford le hope thurrock,stanfordlehope
Stanhope,,stanhope durham,stanhope england
Stanion,,stanion england,stanion northamptonshire
Stanley,,stan lay,stan lee,stan leigh,stanlay,stanlee,stanleigh,stanley england,stanley perth and kinross,stanley scotland,stanley staffordshire,stanley wakefield
Stanmore,,stanmore england,stanmore harrow
Stannington,,stanning tonne,stanning tun,stannington england,stannington northumberland,stannington sheffield,stanningtonne,stanningtun
Stanstead Abbots,,abbots,stanstead abbots england,stanstead abbots hertfordshire,stansteadabbots
Stansted Mountfitchet,,mountfitchet,stansted mountfitchet england,stansted mountfitchet essex,stanstedmountfitchet
Stanton,,stan tonne,stan tun,stanton england,stanton suffolk,stantonne,stantun
Stanton Harcourt,,harcourt,stan tonne harcourt,stan tun harcourt,stanton harcourt england,stanton harcourt oxfordshire,stantonharcourt,stantonne harcourt,stantun harcourt
Stanton under Bardon,,bardon,stan tonne under bardon,stan tun under bardon,stanton under bardon england,stanton under bardon leicestershire,stantonne under bardon,stantonunderbardon,stantun under bardon,sub
Stanwell,,stanwell england,stanwell surrey
Stanwell Moor,,stanwell moor england,stanwell moor surrey,stanwellmoor
Stanwick,,stanwick england,stanwick northamptonshire
Stapleford,,stapleford england,stapleford nottinghamshire
Staplehurst,,staplehurst england,staplehurst kent
Starcross,,starcross devon,starcross england
Startforth,,startforth durham,startforth england
Staveley,,stave lay,stave lee,stave leigh,stavelay,stavelee,staveleigh,staveley cumbria,staveley derbyshire,staveley england
Stebbing,,stebb en,stebb in,stebben,stebbin,stebbing england,stebbing essex
Stedham,,sted am,sted um,stedam,stedham england,stedham west sussex,stedum
Steep,,steep england,steep hampshire
Steeple Bumpstead,,bumpstead,steeple bumpstead england,steeple bumpstead essex,steeplebumpstead
Steeple Claydon,,steeple claydon buckinghamshire,steeple claydon england,steepleclaydon
Steeple Morden,,steeple morden cambridgeshire,steeple morden england,steeple more done,steeple more dun,steeplemorden
Steeton,,stee tonne,stee tun,steeton bradford,steeton england,steetonne,steetun
Stenhousemuir,,stenhousemuir falkirk,stenhousemuir scotland
Stepney,,stepney england,stepney tower hamlets
Stepps,,stepps north lanarkshire,stepps scotland
Stevenage,,stevenage england,stevenage hertfordshire
Stevenston,,stevens tonne,stevens tun,stevenston north ayrshire,stevenston scotland,stevenstonne,stevenstun
Steventon,,steven tonne,steven tun,steventon england,steventon oxfordshire,steventonne,steventun
Stewartby,,stewartby central bedfordshire,stewartby england
Stewarton,,stewar tonne,stewar tun,stewarton east ayrshire,stewarton scotland,stewartonne,stewartun
Stewkley,,stewk lay,stewk lee,stewk leigh,stewklay,stewklee,stewkleigh,stewkley buckinghamshire,stewkley england
Steyning,,steyn en,steyn in,steynen,steynin,steyning england,steyning west sussex
Steynton,,steyn tonne,steyn tun,steynton pembrokeshire,steynton wales,steyntonne,steyntun
Stickney,,stickney england,stickney lincolnshire
Stilton,,stil tonne,stil tun,stilton cambridgeshire,stilton england,stiltonne,stiltun
Stirling,,stil en,stil in,stilen,stilin,still en,still in,stillen,stillin,stirl en,stirl in,stirlen,stirlin,stirling scotland
Stithians,,stithians cornwall,stithians england
Stoborough,,sto boro,sto bruh,stoboro,stoborough dorset,stoborough england,stobruh
Stock,,stock england,stock essex
Stockport,,stockport england
Stocksbridge,,stocksbridge england,stocksbridge sheffield
Stocksfield,,stocksfield england,stocksfield northumberland
Stockton,,stock tonne,stock tun,stockton england,stockton warwickshire,stocktonne,stocktun
Stockton-on-Tees,,stock tonne on tees,stock tun on tees,stockton-on-tees england,stocktonne on tees,stocktun on tees
Stockton-on-the-Forest,,sotf,stock tonne on the forest,stock tun on the forest,stockton-on-the-forest england,stockton-on-the-forest north yorkshire,stocktonne on the forest,stocktun on the forest
Stogursey,,stogursey england,stogursey somerset
Stoke,,stoke england,stoke medway,stoke portsmouth
Stoke D'Abernon,,d'abernon,stoke d'abernon england,stoke d'abernon surrey,stoked'abernon
Stoke Ferry,,stoke ferry england,stoke ferry norfolk,stokeferry
Stoke Fleming,,stoke flem en,stoke flem in,stoke flemen,stoke flemin,stoke fleming devon,stoke fleming england,stokefleming
Stoke Gabriel,,gabriel,stoke gabriel devon,stoke gabriel england,stokegabriel
Stoke Gifford,,stoke gifford england,stoke gifford south gloucestershire,stokegifford
Stoke Golding,,golding,stoke gold en,stoke gold in,stoke golden,stoke goldin,stoke golding england,stoke golding leicestershire,stokegolding
Stoke Hammond,,hammond,stoke hammond buckinghamshire,stoke hammond england,stokehammond
Stoke Holy Cross,,shc,stoke holy cross england,stoke holy cross norfolk,stokeholycross
Stoke Mandeville,,stoke mandeville buckinghamshire,stoke mandeville england,stokemandeville
Stoke Poges,,poges,stoke poges buckinghamshire,stoke poges england,stokepoges
Stoke Prior,,prior,stoke prior england,stoke prior worcestershire,stokeprior
Stoke Saint Gregory,,gregory,ssg,stoke saint gregory england,stoke saint gregory somerset,stokesaintgregory
Stoke upon Tern,,stoke upon tern england,stoke upon tern shropshire,stokeupontern,tern
Stoke-on-Trent,,stoke-on-trent england
Stoke-sub-Hamdon,,ssh,stoke-sub-hamdon england,stoke-sub-hamdon somerset
Stokenchurch,,stokenchurch buckinghamshire,stokenchurch england
Stokenham,,stoken am,stoken um,stokenam,stokenham devon,stokenham england,stokenum
Stokesley,,stokes lay,stokes lee,stokes leigh,stokeslay,stokeslee,stokesleigh,stokesley england,stokesley north yorkshire
Stondon,,stondon central bedfordshire,stondon england
Stone,,stone buckinghamshire,stone england,stone staffordshire
Stonehaven,,stonehaven aberdeenshire,stonehaven scotland
Stonehouse,,stonehouse england,stonehouse gloucestershire,stonehouse scotland,stonehouse south lanarkshire
Stonesfield,,stonesfield england,stonesfield oxfordshire
Stonewood,,stonewood england,stonewood kent
Stoney Stanton,,stoney stan tonne,stoney stan tun,stoney stanton england,stoney stanton leicestershire,stoney stantonne,stoney stantun,stoneystanton
Stoneyburn,,stoneyburn scotland,stoneyburn west lothian
Stoneykirk,,stoneykirk dumfries and galloway,stoneykirk scotland
Stonnall,,stonnall england,stonnall staffordshire
Stony Stratford,,stony east stratford,stony stratford east,stony stratford england,stony stratford milton keynes,stonystratford
Stopsley,,stops lay,stops lee,stops leigh,stopslay,stopslee,stopsleigh,stopsley england,stopsley luton
Stornoway,,stornoway eilean siar,stornoway scotland
Storrington,,storring tonne,storring tun,storrington england,storrington west sussex,storringtonne,storringtun
Stotfold,,stotfold england,stotfold hertfordshire
Stourbridge,,Store Bridge,Stower Bridge,stourbridge dudley,stourbridge england
Stourport-on-Severn,,stourport-on-severn england,stourport-on-severn worcestershire
Stow on the Wold,,sotw,stow on the wold england,stow on the wold gloucestershire,stowonthewold
Stowmarket,,stowmarket england,stowmarket suffolk
Stowupland,,stowupland england,stowupland suffolk
Strabane,,strabane derry and strabane,strabane northern ireland
Stradbroke,,stradbroke england,stradbroke suffolk
Stranraer,,stranraer dumfries and galloway,stranraer scotland
Stratfield Mortimer,,stratfield mortimer england,stratfield mortimer west berkshire,stratfieldmortimer
Stratford,,East Stratford,Stratford East,stratford england,stratford newham
Stratford St. Mary,,east stratford st mary,stratford east st mary,stratford st. mary england,stratford st. mary suffolk,stratfordst.mary
Stratford-upon-Avon,,east stratford upon avon,stratford east upon avon,stratford-upon-avon england,stratford-upon-avon warwickshire,sua
Strathaven,,strathaven scotland,strathaven south lanarkshire
Strathblane,,strathblane scotland,strathblane stirling
Strathpeffer,,strathpeffer highland,strathpeffer scotland
Stratton,,strat tonne,strat tun,stratton cornwall,stratton england,stratton gloucestershire,strattonne,strattun
Stratton Saint Margaret,,strat tonne saint margaret,strat tun saint margaret,stratton saint margaret england,stratton saint margaret swindon,strattonne saint margaret,strattonsaintmargaret,strattun saint margaret
Streatham,,Sreet um,Street ham,Streeth ham,streat am,streat um,streatam,streatham england,streatham lambeth,streatum
Streatley,,streat lay,streat lee,streat leigh,streatlay,streatlee,streatleigh,streatley central bedfordshire,streatley england,streatley west berkshire
Street,,street england,street somerset
Streethay,,streethay england,streethay staffordshire
Streethouse,,streethouse england,streethouse wakefield
Streetly,,streetly england,streetly walsall
Strensall,,strensall england,strensall york
Stretford,,stretford england,stretford trafford
Stretham,,stret am,stret um,stretam,stretham cambridgeshire,stretham england,stretum
Stretton,,stret tonne,stret tun,stretton england,stretton staffordshire,stretton warrington,strettonne,strettun
Stretton-on-Dunsmore,,sod,stret tonne on dunsmore,stret tun on dunsmore,stretton-on-dunsmore england,stretton-on-dunsmore warwickshire,strettonne on dunsmore,strettun on dunsmore
Strichen,,strichen aberdeenshire,strichen scotland
Stromness,,stromness orkney islands,stromness scotland
Strood,,strood england,strood medway
Stroud,,stroud england,stroud gloucestershire
Stubbins,,stubbins bury,stubbins england
Studham,,stud am,stud um,studam,studham central bedfordshire,studham england,studum
Studley,,stud lay,stud lee,stud leigh,studlay,studlee,studleigh,studley england,studley warwickshire
Sturminster Marshall,,sturminster marshall dorset,sturminster marshall england,sturminstermarshall
Sturminster Newton,,sturminster new tonne,sturminster new tun,sturminster newton dorset,sturminster newton england,sturminster newtonne,sturminster newtun,sturminsternewton
Sturry,,sturry england,sturry kent
Sturton by Stow,,stow,stur tonne by stow,stur tun by stow,sturton by stow england,sturton by stow lincolnshire,sturtonbystow,sturtonne by stow,sturtun by stow
Sudbrooke,,sudbrooke england,sudbrooke lincolnshire
Sudbury,,sud berry,sud bree,sudberry,sudbree,sudbury ealing,sudbury england,sudbury suffolk
Suffolk,
Sulhampstead,,sulhampstead england,sulhampstead west berkshire
Sully,,"sully vale of glamorgan, the",sully wales
Sunbury,,sun berry,sun bree,sunberry,sunbree,sunbury england,sunbury surrey
Sunderland,,sunderland england
Sundon,,sundon england,sundon luton
Sundridge,,sundridge england,sundridge kent
Sunningdale,,sunningdale england,sunningdale windsor and maidenhead
Sunninghill,,sunninghill england,sunninghill windsor and maidenhead
Sunniside,,sunniside england,sunniside gateshead
Surbiton,,surbi tonne,surbi tun,surbiton england,surbiton kingston upon thames,surbitonne,surbitun
Surfleet,,surfleet england,surfleet lincolnshire
Surrey,
Sutterton,,sutter tonne,sutter tun,sutterton england,sutterton lincolnshire,suttertonne,suttertun
Sutton,,sut tonne,sut tun,sutton cambridgeshire,sutton cheshire west and chester,sutton england,sutton norfolk,suttonne,suttun
Sutton Benger,,benger,sut tonne benger,sut tun benger,sutton benger england,sutton benger wiltshire,suttonbenger,suttonne benger,suttun benger
Sutton Bonington,,bonington,sut tonne bonington,sut tun bonington,sutton boning tonne,sutton boning tun,sutton bonington england,sutton bonington nottinghamshire,sutton boningtonne,sutton boningtun,suttonbonington,suttonne bonington,suttun bonington
Sutton Bridge,,sut tonne bridge,sut tun bridge,sutton bridge england,sutton bridge lincolnshire,suttonbridge,suttonne bridge,suttun bridge
Sutton Coldfield,,coldfield,sut tonne coldfield,sut tun coldfield,sutton coldfield birmingham,sutton coldfield england,suttoncoldfield,suttonne coldfield,suttun coldfield
Sutton Courtenay,,courtenay,sut tonne courtenay,sut tun courtenay,sutton courtenay england,sutton courtenay oxfordshire,suttoncourtenay,suttonne courtenay,suttun courtenay
Sutton in Ashfield,,sia,sut tonne in ashfield,sut tun in ashfield,sutton in ashfield england,sutton in ashfield nottinghamshire,suttoninashfield,suttonne in ashfield,suttun in ashfield
Sutton on Hull,,soh,sut tonne on hull,sut tun on hull,sutton on hull england,"sutton on hull kingston upon hull, city of",suttonne on hull,suttononhull,suttun on hull
Sutton on Trent,,sut tonne on trent,sut tun on trent,sutton on trent england,sutton on trent nottinghamshire,suttonne on trent,suttonontrent,suttun on trent
Sutton Saint James,,sut tonne saint james,sut tun saint james,sutton saint james england,sutton saint james lincolnshire,suttonne saint james,suttonsaintjames,suttun saint james
Sutton Scotney,,scotney,sut tonne scotney,sut tun scotney,sutton scotney england,sutton scotney hampshire,suttonne scotney,suttonscotney,suttun scotney
Sutton Valence,,sut tonne valence,sut tun valence,sutton valence england,sutton valence kent,suttonne valence,suttonvalence,suttun valence,sv,valence
Sutton-in-Craven,,sic,sut tonne in craven,sut tun in craven,sutton-in-craven england,sutton-in-craven north yorkshire,suttonne in craven,suttun in craven
Swadlincote,,swadlincote derbyshire,swadlincote england
Swaffham,,swaff am,swaff um,swaffam,swaffham england,swaffham norfolk,swaffum
Swainby,,swainby england,swainby north yorkshire
Swallowfield,,swallowfield england,swallowfield wokingham
Swallownest,,swallownest england,swallownest rotherham
Swalwell,,swalwell england,swalwell gateshead
Swanage,,swanage dorset,swanage england
Swanland,,swanland east riding of yorkshire,swanland england
Swanley,,swan lay,swan lee,swan leigh,swanlay,swanlee,swanleigh,swanley england,swanley kent
Swanmore,,swanmore england,swanmore hampshire
Swannington,,swanning tonne,swanning tun,swannington england,swannington leicestershire,swanningtonne,swanningtun
Swanscombe,,swanscombe england,swanscombe kent
Swansea,
Swanton Morley,,swan tonne morley,swan tun morley,swanton mor lay,swanton mor lee,swanton mor leigh,swanton morlay,swanton morlee,swanton morleigh,swanton morley england,swanton morley norfolk,swantonmorley,swantonne morley,swantun morley
Swanwick,,swanwick derbyshire,swanwick england
Swarkeston,,swarkes tonne,swarkes tun,swarkeston derbyshire,swarkeston england,swarkestonne,swarkestun
Swarthmoor,,swarthmoor cumbria,swarthmoor england
Swavesey,,swavesey cambridgeshire,swavesey england
Sway,,sway england,sway hampshire
Swffryd,,swffryd caerphilly,swffryd wales
Swillington,,swilling tonne,swilling tun,swillington england,swillington leeds,swillingtonne,swillingtun
Swindon,,swidon,swindon england,swindon gloucestershire
Swineshead,,swineshead england,swineshead lincolnshire
Swingfield,,swingfield england,swingfield kent
Swinton,,swin tonne,swin tun,swinton england,swinton rotherham,swinton salford,swintonne,swintun
Swynnerton,,swynner tonne,swynner tun,swynnerton england,swynnerton staffordshire,swynnertonne,swynnertun
Symington,,syming tonne,syming tun,symington scotland,symington south ayrshire,symingtonne,symingtun
Syston,,sys tonne,sys tun,syston england,syston leicestershire,systonne,systun
Sywell,,sywell england,sywell northamptonshire
Tackley,,tack lay,tack lee,tack leigh,tacklay,tacklee,tackleigh,tackley england,tackley oxfordshire
Tacolneston,,tacolnes tonne,tacolnes tun,tacolneston england,tacolneston norfolk,tacolnestonne,tacolnestun
Tadcaster,,tadcaster england,tadcaster north yorkshire
Tadley,,tad lay,tad lee,tad leigh,tadlay,tadlee,tadleigh,tadley england,tadley hampshire
Tadworth,,tad werth,tad wuth,tadwerth,tadworth england,tadworth surrey,tadwuth
Taff's Well,,taff's well cardiff,taff's well wales,taff'swell
Taibach,,taibach neath port talbot,taibach wales
Tain,,tain highland,tain scotland
Takeley,,take lay,take lee,take leigh,takelay,takelee,takeleigh,takeley england,takeley essex
Talbot Green,,"talbot green rhondda, cynon, taff",talbot green wales,talbotgreen
Talgarth,,talgarth powys,talgarth wales
Tameside,
Tamworth,,tam werth,tam wuth,tamwerth,tamworth england,tamworth staffordshire,tamwuth
Tandragee,,"tandragee armagh city, banbridge and craigavon",tandragee northern ireland
Tanfield,,tanfield durham,tanfield england
Tangmere,,tangmere england,tangmere west sussex
Tankersley,,tankers lay,tankers lee,tankers leigh,tankerslay,tankerslee,tankersleigh,tankersley barnsley,tankersley england
Tansley,,tans lay,tans lee,tans leigh,tanslay,tanslee,tansleigh,tansley derbyshire,tansley england
Tantobie,,tantobie durham,tantobie england
Taplow,,taplow buckinghamshire,taplow england
Tarbert,,tarbert argyll and bute,tarbert scotland
Tarbolton,,tarbol tonne,tarbol tun,tarbolton scotland,tarbolton south ayrshire,tarboltonne,tarboltun
Tardebigge,,tardebigge england,tardebigge worcestershire
Tarleton,,tarle tonne,tarle tun,tarleton england,tarleton lancashire,tarletonne,tarletun
Tarporley,,tarpor lay,tarpor lee,tarpor leigh,tarporlay,tarporlee,tarporleigh,tarporley cheshire west and chester,tarporley england
Tarrant Monkton,,tarrant monk tonne,tarrant monk tun,tarrant monkton dorset,tarrant monkton england,tarrant monktonne,tarrant monktun,tarrantmonkton
Tarves,,tarves aberdeenshire,tarves scotland
Tarvin,,tarvin cheshire west and chester,tarvin england
Tasburgh,,tasburgh england,tasburgh norfolk
Tatsfield,,tatsfield england,tatsfield surrey
Tattenhall,,tattenhall cheshire west and chester,tattenhall england
Tattershall,,tattershall england,tattershall lincolnshire
Tatworth,,tat werth,tat wuth,tatwerth,tatworth devon,tatworth england,tatwuth
Taunton,,Taunting,tun-tun,taun tonne,taun tun,taunton england,taunton somerset,tauntonne,tauntun
Tavistock,,tavistock devon,tavistock england
Tawstock,,tawstock devon,tawstock england
Tayport,,tayport fife,tayport scotland
Tedburn Saint Mary,,tedburn saint mary devon,tedburn saint mary england,tedburnsaintmary
Teddington,,tedding tonne,tedding tun,teddington england,teddington richmond upon thames,teddingtonne,teddingtun
Teignmouth,,teign mouff,teign muth,teignmouff,teignmouth devon,teignmouth england,teignmuth
Telford,,telford england
Telford and Wrekin,,taw
Temple Cloud,,cloud,temple cloud bath and north east somerset,temple cloud england,templecloud
Temple Ewell,,te,temple ewell england,temple ewell kent,temple yewell,templeewell
Templecombe,,templecombe england,templecombe somerset
Templepatrick,,templepatrick antrim and newtownabbey,templepatrick northern ireland
Tenbury,,ten berry,ten bree,tenberry,tenbree,tenbury england,tenbury worcestershire
Tenby,,tenby pembrokeshire,tenby wales
Tenterden,,tenterden england,tenterden kent
Terrington Saint Clement,,terring tonne saint clement,terring tun saint clement,terrington saint clement england,terrington saint clement norfolk,terringtonne saint clement,terringtonsaintclement,terringtun saint clement,tsc
Tetbury,,tet berry,tet bree,tetberry,tetbree,tetbury england,tetbury gloucestershire
Tetney,,tetney england,tetney lincolnshire
Tettenhall,,tettenhall england,tettenhall wolverhampton
Teversham,,tevers am,tevers um,teversam,teversham cambridgeshire,teversham england,teversum
Tewin,,tewin england,tewin hertfordshire
Tewkesbury,,tewkes berry,tewkes bree,tewkesberry,tewkesbree,tewkesbury england,tewkesbury gloucestershire
Teynham,,teyn am,teyn um,teynam,teynham england,teynham kent,teynum
Thakeham,,thake am,thake um,thakeam,thakeham england,thakeham west sussex,thakeum
Thame,,thame england,thame oxfordshire
Thames Ditton,,thames dit tonne,thames dit tun,thames ditton england,thames ditton surrey,thames dittonne,thames dittun,thamesditton
Thannington,,thanning tonne,thanning tun,thannington england,thannington kent,thanningtonne,thanningtun
Thatcham,,That Chum,thatc am,thatc um,thatcam,thatcham england,thatcham west berkshire,thatcum
Thatto Heath,,thatto heath england,thatto heath st. helens,thattoheath
Thaxted,,thaxted england,thaxted essex
The Mumbles,,mumbles,the mumbles swansea,the mumbles wales,themumbles
Theale,,theale england,theale west berkshire
Thetford,,thetford england,thetford norfolk
Theydon Bois,,bois,theydon bois england,theydon bois essex,theydonbois
Thirsk,,thirsk england,thirsk north yorkshire
Thornaby on Tees,,tees,thornaby on tees england,thornaby on tees stockton-on-tees,thornabyontees,tot
Thornbury,,thorn berry,thorn bree,thornberry,thornbree,thornbury england,thornbury south gloucestershire
Thorne,,thorne doncaster,thorne england
Thorner,,thorner england,thorner leeds
Thorney,,thorney england,thorney peterborough
Thorngumbald,,thorngumbald east riding of yorkshire,thorngumbald england
Thornhill,,thornhill cumbria,thornhill dumfries and galloway,thornhill england,thornhill kirklees,thornhill scotland
Thornley,,thorn lay,thorn lee,thorn leigh,thornlay,thornlee,thornleigh,thornley durham,thornley england
Thornliebank,,thornliebank glasgow,thornliebank scotland
Thornton,,thorn tonne,thorn tun,thornton bradford,thornton england,thornton fife,thornton lancashire,thornton leicestershire,thornton scotland,thornton sefton,thorntonne,thorntun
Thornton Dale,,thorn tonne dale,thorn tun dale,thornton dale england,thornton dale north yorkshire,thorntondale,thorntonne dale,thorntun dale
Thornton Heath,,Thorn Heath,thorn tonne heath,thorn tun heath,thornton heath croydon,thornton heath england,thorntonheath,thorntonne heath,thorntun heath
Thorp Arch,,arch,thorp arch england,thorp arch leeds,thorparch
Thorpe,,thorpe england,thorpe surrey
Thorpe Hesley,,hesley,thorpe hes lay,thorpe hes lee,thorpe hes leigh,thorpe heslay,thorpe heslee,thorpe hesleigh,thorpe hesley barnsley,thorpe hesley england,thorpehesley
Thorpe le Soken,,soken,thorpe le soken england,thorpe le soken essex,thorpelesoken,tls
Thorpe Saint Andrew,,thorpe saint andrew england,thorpe saint andrew norfolk,thorpesaintandrew,tsa
Thorpe Willoughby,,thorpe willoughby england,thorpe willoughby north yorkshire,thorpewilloughby,willoughby
Thorrington,,thorring tonne,thorring tun,thorrington england,thorrington essex,thorringtonne,thorringtun
Thrapston,,thraps tonne,thraps tun,thrapston england,thrapston northamptonshire,thrapstonne,thrapstun
Three Crosses,,crosses,three crosses swansea,three crosses wales,threecrosses
Three Legged Cross,,three legged cross dorset,three legged cross england,threeleggedcross,tlc
Threemilestone,,threemilestone cornwall,threemilestone england
Thringstone,,thringstone england,thringstone leicestershire
Throckley,,throck lay,throck lee,throck leigh,throcklay,throcklee,throckleigh,throckley england,throckley newcastle upon tyne
Thrussington,,thrussing tonne,thrussing tun,thrussington england,thrussington leicestershire,thrussingtonne,thrussingtun
Thrybergh,,thrybergh england,thrybergh rotherham
Thundersley,,thunders lay,thunders lee,thunders leigh,thunderslay,thunderslee,thundersleigh,thundersley england,thundersley essex
Thundridge,,thundridge england,thundridge hertfordshire
Thurcroft,,thurcroft england,thurcroft rotherham
Thurgoland,,thurgoland barnsley,thurgoland england
Thurlby,,thurlby england,thurlby lincolnshire
Thurmaston,,thurmas tonne,thurmas tun,thurmaston england,thurmaston leicestershire,thurmastonne,thurmastun
Thurnscoe,,thurnscoe doncaster,thurnscoe england
Thurrock,
Thursby,,thursby cumbria,thursby england
Thurso,,thurso highland,thurso scotland
Thurston,,thurs tonne,thurs tun,thurston england,thurston suffolk,thurstonne,thurstun
Tibshelf,,tibshelf derbyshire,tibshelf england
Ticehurst,,ticehurst east sussex,ticehurst england
Tickhill,,tickhill doncaster,tickhill england
Tickton,,tick tonne,tick tun,tickton east riding of yorkshire,tickton england,ticktonne,ticktun
Tiddington,,tidding tonne,tidding tun,tiddington england,tiddington warwickshire,tiddingtonne,tiddingtun
Tidenham,,tiden am,tiden um,tidenam,tidenham england,tidenham gloucestershire,tidenum
Tideswell,,tideswell derbyshire,tideswell england
Tidworth,,tid werth,tid wuth,tidwerth,tidworth england,tidworth hampshire,tidwuth
Tilbury,,til berry,til bree,tilberry,tilbree,tilbury england,tilbury thurrock
Tilehurst,,tilehurst england,tilehurst reading
Tillicoultry,,tillicoultry clackmannanshire,tillicoultry scotland
Tillingham,,tilling am,tilling um,tillingam,tillingham england,tillingham essex,tillingum
Tilney Saint Lawrence,,tilney saint lawrence england,tilney saint lawrence norfolk,tilneysaintlawrence,tsl
Timperley,,timper lay,timper lee,timper leigh,timperlay,timperlee,timperleigh,timperley england,timperley trafford
Timsbury,,tims berry,tims bree,timsberry,timsbree,timsbury bath and north east somerset,timsbury england
Tingewick,,tingewick buckinghamshire,tingewick england
Tintagel,,tintagel cornwall,tintagel england
Tintwistle,,tintwistle derbyshire,tintwistle england
Tipton,,tip tonne,tip tun,tipton dudley,tipton england,tiptonne,tiptun
Tiptree,,tiptree england,tiptree essex
Tisbury,,tis berry,tis bree,tisberry,tisbree,tisbury england,tisbury wiltshire
Titchfield,,titchfield england,titchfield hampshire
Tiverton,,tiver tonne,tiver tun,tiverton devon,tiverton england,tivertonne,tivertun
Tobermory,,tobermory argyll and bute,tobermory scotland
Tockwith,,tockwith england,tockwith north yorkshire
Toddington,,todding tonne,todding tun,toddington central bedfordshire,toddington england,toddingtonne,toddingtun
Todmorden,,todmorden calderdale,todmorden england
Todwick,,todwick england,todwick rotherham
Toll Bar,,toll bar doncaster,toll bar england,tollbar
Tollerton,,toller tonne,toller tun,tollerton england,tollerton nottinghamshire,tollertonne,tollertun
Tollesbury,,tolles berry,tolles bree,tollesberry,tollesbree,tollesbury england,tollesbury essex
Tolleshunt D'Arcy,,d'arcy,tolleshunt d'arcy england,tolleshunt d'arcy essex,tolleshuntd'arcy
Tolleshunt Knights,,knights,tk,tolleshunt knights england,tolleshunt knights essex,tolleshuntknights
Tonbridge,,Tonne Bridge,Tunbridge,tonbridge england,tonbridge kent
Tongham,,tong am,tong um,tongam,tongham england,tongham surrey,tongum
Tongwynlais,,tongwynlais cardiff,tongwynlais wales
Tonna,,tonna neath port talbot,tonna wales
Tonypandy,,tonypandy rhondda cynon taff,tonypandy wales
Tonyrefail,,tonyrefail rhondda cynon taff,tonyrefail wales
Topcliffe,,topcliffe england,topcliffe north yorkshire
Topsham,,tops am,tops um,topsam,topsham devon,topsham england,topsum
Torbay,,Tore Bay
Torfaen,
Torphins,,torphins aberdeenshire,torphins scotland
Torpoint,,torpoint cornwall,torpoint england
Torquay,,Tore Key,tor key,torkey,torquay england,torquay torbay
Torrance,,torrance east dunbartonshire,torrance scotland
Torrisholme,,torrisholme england,torrisholme lancashire
Torryburn,,torryburn fife,torryburn scotland
Torton,,tor tonne,tor tun,torton england,torton worcestershire,tortonne,tortun
Totland,,totland england,totland isle of wight
Totnes,,totnes devon,totnes england
Toton,,toton derbyshire,toton england
Tottenham,,Tot num,totten am,totten um,tottenam,tottenham england,tottenham haringey,tottenum
Totteridge,,totteridge barnet,totteridge england
Totternhoe,,totternhoe central bedfordshire,totternhoe england
Tottington,,totting tonne,totting tun,tottington bury,tottington england,tottingtonne,tottingtun
Totton,,tot tonne,tot tun,totton england,totton hampshire,tottonne,tottun
Tow Law,,tl,tow law durham,tow law england,towlaw
Towcester,,towcester england,towcester northamptonshire
Tower Hamlets,,hamlets,tower hamlets england,towerhamlets
Townhill,,townhill fife,townhill scotland
Towyn,,towyn gwynedd,towyn wales
Trafford,
Tranent,,tranent east lothian,tranent scotland
Trawden,,trawden england,trawden lancashire
Tredegar,,tredegar blaenau gwent,tredegar wales
Treeton,,tree tonne,tree tun,treeton england,treeton rotherham,treetonne,treetun
Trefnant,,trefnant denbighshire,trefnant wales
Trefonen,,trefonen england,trefonen shropshire
Treforest,,treforest rhondda cynon taff,treforest wales
Tregaron,,tregaron ceredigion,tregaron wales
Tregarth,,tregarth gwynedd,tregarth wales
Trehafod,,trehafod rhondda cynon taff,trehafod wales
Treharris,,treharris merthyr tydfil,treharris wales
Treherbert,,treherbert rhondda cynon taff,treherbert wales
Tremadoc,,tremadoc gwynedd,tremadoc wales
Trentham,,trent am,trent um,trentam,trentham england,trentham staffordshire,trentum
Treoes,,"treoes vale of glamorgan, the",treoes wales
Treorchy,,treorchy rhondda cynon taff,treorchy wales
Tresillian,,tresillian cornwall,tresillian england
Trethomas,,trethomas caerphilly,trethomas wales
Treuddyn,,treuddyn flintshire,treuddyn wales
Trevor,,trevor gwynedd,trevor wales,trevor wrexham
Trewoon,,trewoon cornwall,trewoon england
Trimdon,,trimdon durham,trimdon england
Trimdon Colliery,,trimdon colliery durham,trimdon colliery england,trimdoncolliery
Trimdon Grange,,trimdon grange durham,trimdon grange england,trimdongrange
Trimley St Martin,,trim lay st martin,trim lee st martin,trim leigh st martin,trimlay st martin,trimlee st martin,trimleigh st martin,trimley st martin england,trimley st martin suffolk,trimleystmartin
Trimley St Mary,,trim lay st mary,trim lee st mary,trim leigh st mary,trimlay st mary,trimlee st mary,trimleigh st mary,trimley st mary england,trimley st mary suffolk,trimleystmary
Trimsaran,,trimsaran carmarthenshire,trimsaran wales
Trinant,,trinant caerphilly,trinant wales
Tring,,tring england,tring hertfordshire
Troedyraur,,troedyraur ceredigion,troedyraur wales
Troedyrhiw,,troedyrhiw merthyr tydfil,troedyrhiw wales
Troon,,troon cornwall,troon england,troon scotland,troon south ayrshire
Trowbridge,,Trow,trowbridge england,trowbridge wiltshire
Trowell,,trowell derbyshire,trowell england
Trull,,trull england,trull somerset
Trumpington,,trumping tonne,trumping tun,trumpington cambridgeshire,trumpington england,trumpingtonne,trumpingtun
Truro,,truro cornwall,truro england
Trysull,,trysull england,trysull staffordshire
Tullibody,,tullibody clackmannanshire,tullibody scotland
Tumble,,tumble carmarthenshire,tumble wales
Tunstall,,tunstall england,tunstall kent
Turners Hill,,turners hill england,turners hill west sussex,turnershill
Turriff,,turriff aberdeenshire,turriff scotland
Turvey,,turvey bedford,turvey england
Tutbury,,tut berry,tut bree,tutberry,tutbree,tutbury england,tutbury staffordshire
Tuxford,,tuxford england,tuxford nottinghamshire
Twechar,,twechar east dunbartonshire,twechar scotland
Twickenham,,Twick Ham,Twick Numb,Twick'num,twicken am,twicken um,twickenam,twickenham england,twickenham richmond upon thames,twickenum
Twyford,,twyford england,twyford hampshire,twyford wokingham
Twyning,,twyn en,twyn in,twynen,twynin,twyning england,twyning gloucestershire
Tycroes,,tycroes carmarthenshire,tycroes wales
Tydd Saint Giles,,tsg,tydd saint giles cambridgeshire,tydd saint giles england,tyddsaintgiles
Tydd Saint Mary,,tydd saint mary england,tydd saint mary lincolnshire,tyddsaintmary
Tye Green,,tye green england,tye green essex,tyegreen
Tyldesley,,tyldes lay,tyldes lee,tyldes leigh,tyldeslay,tyldeslee,tyldesleigh,tyldesley england,tyldesley wigan
Tynemouth,,tyne mouff,tyne muth,tynemouff,tynemouth england,tynemouth north tyneside,tynemuth
Tywardreath,,tywardreath cornwall,tywardreath england
Uckfield,,uckfield east sussex,uckfield england
Uddingston,,uddings tonne,uddings tun,uddingston scotland,uddingston south lanarkshire,uddingstonne,uddingstun
Uffculme,,uffculme devon,uffculme england
Ugborough,,ugborough devon,ugborough england
Ulceby,,ulceby england,ulceby north lincolnshire
Uley,,uley england,uley gloucestershire
Ullapool,,ullapool highland,ullapool scotland
Ulleskelf,,ulleskelf england,ulleskelf north yorkshire
Ulverston,,ulvers tonne,ulvers tun,ulverston cumbria,ulverston england,ulverstonne,ulverstun
Underwood,,underwood newport,underwood wales
Unstone,,unstone derbyshire,unstone england
Upavon,,upavon england,upavon wiltshire
Upchurch,,upchurch england,upchurch kent
Upholland,,upholland england,upholland lancashire
Uplyme,,uplyme devon,uplyme england
Upminster,,Op Minster,upminster england,upminster havering
Upper Basildon,,upper basildon england,upper basildon west berkshire,upperbasildon
Upper Beeding,,upper beed en,upper beed in,upper beeden,upper beedin,upper beeding england,upper beeding west sussex,upperbeeding
Upper Caldecote,,caldecote,upper caldecote central bedfordshire,upper caldecote england,uppercaldecote
Upper Clatford,,clatford,upper clatford england,upper clatford hampshire,upperclatford
Upper Cumberworth,,cumberworth,upper cumber werth,upper cumber wuth,upper cumberwerth,upper cumberworth england,upper cumberworth kirklees,upper cumberwuth,uppercumberworth
Upper Halliford,,halliford,upper halliford england,upper halliford surrey,upperhalliford
Upper Harbledown,,upper harbledown england,upper harbledown kent,upperharbledown
Upper Killay,,killay,uk,upper killay swansea,upper killay wales,upperkillay
Upper Langwith,,langwith,ul,upper langwith derbyshire,upper langwith england,upperlangwith
Upper Poppleton,,up,upper popple tonne,upper popple tun,upper poppleton england,upper poppleton york,upper poppletonne,upper poppletun,upperpoppleton
Uppermill,,uppermill england,uppermill oldham
Uppingham,,upping am,upping um,uppingam,uppingham england,uppingham rutland,uppingum
Upton,,upton dorset,upton england,upton wakefield,upton wirral
Upton St Leonards,,upton st leonards england,upton st leonards gloucestershire,uptonstleonards,usl
Upton upon Severn,,upton upon severn england,upton upon severn worcestershire,uptonuponsevern,uus
Upwell,,upwell england,upwell norfolk
Upwood,,upwood cambridgeshire,upwood england
Urchfont,,urchfont england,urchfont wiltshire
Urmston,,urms tonne,urms tun,urmston england,urmston trafford,urmstonne,urmstun
Urpeth,,urpeth durham,urpeth england
Ushaw Moor,,um,ushaw moor durham,ushaw moor england,ushawmoor
Usk,,usk monmouthshire,usk wales
Usworth,,usworth england,usworth sunderland
Utley,,utley bradford,utley england
Uttoxeter,,uttoxeter england,uttoxeter staffordshire
Uxbridge,,Erks Bridge,Ox Bridge,uxbridge england,uxbridge hillingdon
Vale of Glamorgan,,vog
Valley,,val lay,val lee,val leigh,vallay,vallee,valleigh,valley isle of anglesey,valley wales
Vange,,vange england,vange essex
Ventnor,,ventnor england,ventnor isle of wight
Verwick,,verwick ceredigion,verwick wales
Verwood,,verwood dorset,verwood england
Viewpark,,viewpark north lanarkshire,viewpark scotland
Virginia Water,,virginia water england,virginia water surrey,virginiawater,vw
Waddesdon,,waddesdon buckinghamshire,waddesdon england
Waddington,,wadding tonne,wadding tun,waddington england,waddington lancashire,waddington lincolnshire,waddingtonne,waddingtun
Wadebridge,,wadebridge cornwall,wadebridge england
Wadhurst,,wadhurst east sussex,wadhurst england
Wadsley,,wads lay,wads lee,wads leigh,wadslay,wadslee,wadsleigh,wadsley england,wadsley sheffield
Wadworth,,wad werth,wad wuth,wadwerth,wadworth doncaster,wadworth england,wadwuth
Waenfawr,,waenfawr gwynedd,waenfawr wales
Wainfleet All Saints,,saints,wainfleet all saints england,wainfleet all saints lincolnshire,wainfleetallsaints
Wakefield,,Wakey,wakefield england
Walberton,,walber tonne,walber tun,walberton england,walberton west sussex,walbertonne,walbertun
Walbottle,,walbottle england,walbottle gateshead
Wales,,wales england,wales rotherham
Walesby,,walesby england,walesby nottinghamshire
Walford,,walford england,walford herefordshire
Walkden,,walkden england,walkden salford
Walkeringham,,walkering am,walkering um,walkeringam,walkeringham england,walkeringham nottinghamshire,walkeringum
Walkern,,walkern england,walkern hertfordshire
Walkington,,walking tonne,walking tun,walkington east riding of yorkshire,walkington england,walkingtonne,walkingtun
Wallasey,,wallasey england,wallasey wirral
Wallingford,,wallingford england,wallingford oxfordshire
Wallington,,walling tonne,walling tun,wallington england,wallington sutton,wallingtonne,wallingtun
Wallsend,,wallsend england,wallsend north tyneside
Wallyford,,wallyford east lothian,wallyford scotland
Walmer,,walmer england,walmer kent
Walmersley,,walmers lay,walmers lee,walmers leigh,walmerslay,walmerslee,walmersleigh,walmersley bury,walmersley england
Walpole,,walpole england,walpole norfolk
Walsall,,walsall england
Walsall Wood,,walsall wood england,walsall wood walsall,walsallwood
Walsham le Willows,,wals am le willows,wals um le willows,walsam le willows,walsham le willows england,walsham le willows suffolk,walshamlewillows,walsum le willows,willows
Walsoken,,walsoken england,walsoken norfolk
Waltham,,walt am,walt um,waltam,waltham england,waltham north east lincolnshire,waltum
Waltham Abbey,,walt am abbey,walt um abbey,waltam abbey,waltham abbey england,waltham abbey essex,walthamabbey,waltum abbey
Waltham Chase,,chase,walt am chase,walt um chase,waltam chase,waltham chase england,waltham chase hampshire,walthamchase,waltum chase
Waltham Cross,,walt am cross,walt um cross,waltam cross,waltham cross england,waltham cross hertfordshire,walthamcross,waltum cross
Waltham Forest,,walt am forest,walt um forest,waltam forest,waltham forest england,walthamforest,waltum forest
Waltham Saint Lawrence,,walt am saint lawrence,walt um saint lawrence,waltam saint lawrence,waltham saint lawrence england,waltham saint lawrence windsor and maidenhead,walthamsaintlawrence,waltum saint lawrence
Walthamstow,,walthamstow england,walthamstow waltham forest
Walton,,wal tonne,wal tun,walton england,walton somerset,walton wakefield,waltonne,waltun
Walton le Dale,,wal tonne le dale,wal tun le dale,walton le dale england,walton le dale lancashire,waltonledale,waltonne le dale,waltun le dale,wld
Walton on the Hill,,wal tonne on the hill,wal tun on the hill,walton on the hill england,walton on the hill surrey,waltonne on the hill,waltononthehill,waltun on the hill,woth
Walton upon Thames,,wal tonne upon thames,wal tun upon thames,walton upon thames england,walton upon thames surrey,waltonne upon thames,waltonuponthames,waltun upon thames
Walton-on-the-Naze,,wal tonne on the naze,wal tun on the naze,walton-on-the-naze england,walton-on-the-naze essex,waltonne on the naze,waltun on the naze,wotn
Wanborough,,wan boro,wan bruh,wanboro,wanborough england,wanborough swindon,wanbruh
Wandsworth,,Wands Werth,Wands Wuth,wandswerth,wandsworth england,wandswuth
Wanstead,,wanstead england,wanstead redbridge
Wantage,,wantage england,wantage oxfordshire
Warbleton,,warble tonne,warble tun,warbleton east sussex,warbleton england,warbletonne,warbletun
Warboys,,warboys cambridgeshire,warboys england
Warden,,warden england,warden kent
Wardle,,wardle england,wardle rochdale
Ware,,ware england,ware hertfordshire
Wareham,,ware am,ware um,waream,wareham dorset,wareham england,wareum
Warfield,,warfield bracknell forest,warfield england
Wargrave,,wargrave england,wargrave wokingham
Waringstown,,"waringstown armagh city, banbridge and craigavon",waringstown northern ireland
Warkworth,,wark werth,wark wuth,warkwerth,warkworth england,warkworth northumberland,warkwuth
Warlingham,,warling am,warling um,warlingam,warlingham england,warlingham surrey,warlingum
Warmington,,warming tonne,warming tun,warmington england,warmington northamptonshire,warmingtonne,warmingtun
Warminster,,warminster england,warminster wiltshire
Warmsworth,,warms werth,warms wuth,warmswerth,warmsworth doncaster,warmsworth england,warmswuth
Warnham,,warn am,warn um,warnam,warnham england,warnham west sussex,warnum
Warrenpoint,,"warrenpoint newry, mourne and down",warrenpoint northern ireland
Warrington,,warring tonne,warring tun,warrington england,warringtonne,warringtun
Warsash,,warsash england,warsash hampshire
Warsop,,warsop england,warsop nottinghamshire
Warton,,war tonne,war tun,warton england,warton lancashire,warton warwickshire,wartonne,wartun
Warwick,,warwick england,warwick warwickshire
Warwickshire,
Washbrook,,washbrook england,washbrook suffolk
Washingborough,,washing boro,washing bruh,washingboro,washingborough england,washingborough lincolnshire,washingbruh
Washington,,washing tonne,washing tun,washington england,washington sunderland,washington west sussex,washingtonne,washingtun
Watchet,,watchet england,watchet somerset
Watchfield,,watchfield england,watchfield oxfordshire
Water Orton,,orton,water orton england,water orton warwickshire,waterorton,wo
Waterbeach,,waterbeach cambridgeshire,waterbeach england
Waterfoot,,waterfoot east renfrewshire,waterfoot scotland
Waterhouses,,waterhouses england,waterhouses staffordshire
Wateringbury,,watering berry,watering bree,wateringberry,wateringbree,wateringbury england,wateringbury kent
Waterlooville,,Water Loovle,waterlooville england,waterlooville hampshire
Watford,,watford england,watford hertfordshire
Wath upon Dearne,,wath upon dearne england,wath upon dearne rotherham,wathupondearne,wud
Watlington,,watling tonne,watling tun,watlington england,watlington norfolk,watlington oxfordshire,watlingtonne,watlingtun
Watton,,wat tonne,wat tun,watton england,watton norfolk,wattonne,wattun
Watton at Stone,,wat tonne at stone,wat tun at stone,watton at stone england,watton at stone hertfordshire,wattonatstone,wattonne at stone,wattun at stone
Wattstown,,"wattstown rhondda, cynon, taff",wattstown wales
Waunarlwydd,,waunarlwydd swansea,waunarlwydd wales
Wavendon,,wavendon england,wavendon milton keynes
Waverton,,waver tonne,waver tun,waverton cheshire west and chester,waverton england,wavertonne,wavertun
Wawne,,wawne england,"wawne kingston upon hull, city of"
Wealdstone,,wealdstone brent,wealdstone england
Weaverham,,weaver am,weaver um,weaveram,weaverham cheshire west and chester,weaverham england,weaverum
Wedmore,,wedmore england,wedmore somerset
Wednesbury,,wednes berry,wednes bree,wednesberry,wednesbree,wednesbury england,wednesbury sandwell
Wednesfield,,wednesfield england,wednesfield wolverhampton
Weedon Beck,,weedon beck england,weedon beck northamptonshire,weedonbeck
Weeley,,wee lay,wee lee,wee leigh,weelay,weelee,weeleigh,weeley england,weeley essex
Weeting,,weet en,weet in,weeten,weetin,weeting england,weeting norfolk
Weldon,,weldon england,weldon northamptonshire
Welford,,welford england,welford leicestershire
Welford-on-Avon,,welford-on-avon england,welford-on-avon warwickshire,woa
Welham Green,,wel am green,wel um green,welam green,welham green england,welham green hertfordshire,welhamgreen,welum green
Welland,,welland england,welland worcestershire
Wellesbourne Hastings,,wellesbourne hastings england,wellesbourne hastings warwickshire,wellesbournehastings
Welling,,well en,well in,wellen,wellin,welling bexley,welling england
Wellingborough,,welling boro,welling bruh,wellingboro,wellingborough england,wellingborough northamptonshire,wellingbruh
Wellington,,welling tonne,welling tun,wellington england,wellington herefordshire,wellington somerset,wellington telford and wrekin,wellingtonne,wellingtun
Wells,,wells england,wells somerset
Wells next the Sea,,wells next the sea england,wells next the sea norfolk,wellsnextthesea,wnts
Welsh Bicknor,,bicknor,welsh bicknor england,welsh bicknor herefordshire,welshbicknor
Welshpool,,welshpool powys,welshpool wales
Welton,,wel tonne,wel tun,welton east riding of yorkshire,welton england,welton lincolnshire,weltonne,weltun
Welwyn,,welwyn england,welwyn hertfordshire
Welwyn Garden City,,welwyn garden city england,welwyn garden city hertfordshire,welwyngardencity,wgc
Wem,,wem england,wem shropshire
Wembdon,,wembdon england,wembdon somerset
Wembley,,Wemberlie,When Bully,wemb lay,wemb lee,wemb leigh,wemblay,wemblee,wembleigh,wembley brent,wembley england
Wembury,,wem berry,wem bree,wemberry,wembree,wembury devon,wembury england
Wemyss Bay,,wemyss bay inverclyde,wemyss bay scotland,wemyssbay
Wendover,,wendover buckinghamshire,wendover england
Wendron,,wendron cornwall,wendron england
Wentworth,,went werth,went wuth,wentwerth,wentworth england,wentworth rotherham,wentwuth
Wenvoe,,"wenvoe vale of glamorgan, the",wenvoe wales
Weobley,,weob lay,weob lee,weob leigh,weoblay,weoblee,weobleigh,weobley england,weobley herefordshire
Werrington,,werring tonne,werring tun,werrington england,werrington staffordshire,werringtonne,werringtun
West Auckland,,west auckland durham,west auckland england,westauckland
West Bergholt,,west bergholt england,west bergholt essex,westbergholt
West Berkshire,
West Boldon,,boldon,west boldon england,west boldon south tyneside,westboldon
West Bridgford,,west bridgford england,west bridgford nottinghamshire,westbridgford
West Bromwich,,west bromwich england,west bromwich sandwell,westbromwich
West Buckland,,west buckland england,west buckland somerset,westbuckland
West Byfleet,,west byfleet england,west byfleet surrey,westbyfleet
West Calder,,west calder scotland,west calder west lothian,westcalder
West Chiltington,,chiltington,west chilting tonne,west chilting tun,west chiltington england,west chiltington west sussex,west chiltingtonne,west chiltingtun,westchiltington
West Clandon,,clandon,west clandon england,west clandon surrey,westclandon
West Coker,,coker,west coker england,west coker somerset,westcoker
West Cornforth,,cornforth,west cornforth durham,west cornforth england,westcornforth
West Derby,,west darby,west derby england,west derby liverpool,westderby
West Drayton,,west dray tonne,west dray tun,west drayton england,west drayton hillingdon,west draytonne,west draytun,westdrayton
West Dunbartonshire,
West End,,west end england,west end hampshire,westend
West Felton,,west fel tonne,west fel tun,west felton england,west felton shropshire,west feltonne,west feltun,westfelton
West Grinstead,,west grinstead england,west grinstead west sussex,westgrinstead
West Haddon,,haddon,west haddon england,west haddon northamptonshire,westhaddon
West Hallam,,hallam,west hallam derbyshire,west hallam england,westhallam
West Ham,,west ham england,west ham newham
West Hanningfield,,west hanningfield england,west hanningfield essex,westhanningfield
West Hill,,west hill devon,west hill england
West Hoathley,,hoathley,west hoath lay,west hoath lee,west hoath leigh,west hoathlay,west hoathlee,west hoathleigh,west hoathley england,west hoathley west sussex,westhoathley
West Horndon,,horndon,west horndon england,west horndon essex,westhorndon
West Horsley,,west hors lay,west hors lee,west hors leigh,west horslay,west horslee,west horsleigh,west horsley england,west horsley surrey,westhorsley
West Kilbride,,west kilbride north ayrshire,west kilbride scotland,westkilbride
West Kingsdown,,west kingsdown england,west kingsdown kent,westkingsdown
West Kirby,,west kirby england,west kirby wirral,westkirby
West Linton,,west lin tonne,west lin tun,west linton scotland,west linton scottish borders,west lintonne,west lintun,westlinton
West Lothian,
West Malling,,malling,west mall en,west mall in,west mallen,west mallin,west malling england,west malling kent,westmalling
West Melton,,west mel tonne,west mel tun,west melton england,west melton rotherham,west meltonne,west meltun,westmelton
West Mersea,,mersea,west mersea england,west mersea essex,westmersea
West Molesey,,west molesey england,west molesey surrey,westmolesey
West Monkton,,west monk tonne,west monk tun,west monkton england,west monkton somerset,west monktonne,west monktun,westmonkton
West Moors,,west moors dorset,west moors england,westmoors
West Parley,,parley,west par lay,west par lee,west par leigh,west parlay,west parlee,west parleigh,west parley dorset,west parley england,westparley
West Rainton,,west rain tonne,west rain tun,west rainton durham,west rainton england,west raintonne,west raintun,westrainton
West Row,,west row england,west row suffolk,westrow
West Runton,,runton,west run tonne,west run tun,west runton england,west runton norfolk,west runtonne,west runtun,westrunton
West Sussex,
West Thorney,,west thorney england,west thorney west sussex,westthorney
West Thurrock,,west thurrock england,west thurrock thurrock,westthurrock
West Walton,,west wal tonne,west wal tun,west walton england,west walton norfolk,west waltonne,west waltun,westwalton
West Wellow,,wellow,west wellow england,west wellow hampshire,westwellow
West Wickham,,west wick am,west wick um,west wickam,west wickham bromley,west wickham england,west wickum,westwickham
West Winch,,west winch england,west winch norfolk,westwinch,winch
West Wittering,,west witte en,west witte in,west witteen,west wittein,west witter en,west witter in,west witteren,west witterin,west wittering england,west wittering west sussex,westwittering
West Wycombe,,west wycombe buckinghamshire,west wycombe england,westwycombe
Westbourne,,westbourne england,westbourne west sussex
Westbury,,west berry,west bree,westberry,westbree,westbury england,westbury shropshire,westbury wiltshire
Westbury on Severn,,west berry on severn,west bree on severn,westberry on severn,westbree on severn,westbury on severn england,westbury on severn gloucestershire,westburyonsevern
Westcott,,westcott england,westcott surrey
Westerham,,wester am,wester um,westeram,westerham england,westerham kent,westerum
Westerleigh,,wester lee,wester ley,westerlee,westerleigh england,westerleigh south gloucestershire,westerley
Westfield,,westfield east sussex,westfield england
Westgate on Sea,,westgate on sea england,westgate on sea kent,westgateonsea
Westham,,west am,west um,westam,westham east sussex,westham england,westum
Westhampnett,,westhampnett england,westhampnett west sussex
Westhill,,westhill aberdeenshire,westhill highland,westhill scotland
Westhoughton,,westhough tonne,westhough tun,westhoughton bolton,westhoughton england,westhoughtonne,westhoughtun
Westminster,,westminster england
Weston,,wes tonne,wes tun,weston cheshire east,weston dorset,weston england,weston halton,weston hertfordshire,weston lincolnshire,westonne,westun
Weston Rhyn,,rhyn,wes tonne rhyn,wes tun rhyn,weston rhyn england,weston rhyn shropshire,westonne rhyn,westonrhyn,westun rhyn
Weston Turville,,turville,wes tonne turville,wes tun turville,weston turville buckinghamshire,weston turville england,westonne turville,westonturville,westun turville
Weston under Penyard,,penyard,wes tonne under penyard,wes tun under penyard,weston under penyard england,weston under penyard herefordshire,westonne under penyard,westonunderpenyard,westun under penyard,wup
Weston upon Trent,,wes tonne upon trent,wes tun upon trent,weston upon trent derbyshire,weston upon trent england,weston upon trent staffordshire,westonne upon trent,westonupontrent,westun upon trent
Weston-super-Mare,,Wiston Mare,wes tonne super mare,wes tun super mare,weston-super-mare england,weston-super-mare north somerset,westonne super mare,westun super mare
Westoning,,weston en,weston in,westonen,westonin,westoning central bedfordshire,westoning england
Westonzoyland,,westonzoyland england,westonzoyland somerset
Westquarter,,westquarter falkirk,westquarter scotland
Westward Ho,,westward ho devon,westward ho england,westwardho
Westwood,,westwood england,westwood wiltshire
Westwoodside,,westwoodside england,westwoodside north lincolnshire
Wetheral,,wetheral cumbria,wetheral england
Wetherby,,wetherby england,wetherby leeds
Wetheringsett,,wetheringsett england,wetheringsett suffolk
Wethersfield,,wethersfield england,wethersfield essex
Weybourne,,weybourne england,weybourne surrey
Weybridge,,weybridge england,weybridge surrey
Weymouth,,Way muth,wey mouff,wey muth,weymouff,weymouth dorset,weymouth england,weymuth
Whaley Bridge,,wha lay bridge,wha lee bridge,wha leigh bridge,whalay bridge,whalee bridge,whaleigh bridge,whaley bridge derbyshire,whaley bridge england,whaleybridge
Whalley,,whal lay,whal lee,whal leigh,whallay,whallee,whalleigh,whalley england,whalley lancashire
Whaplode,,whaplode england,whaplode lincolnshire
Whaplode Drove,,drove,whaplode drove england,whaplode drove lincolnshire,whaplodedrove
Wharncliffe Side,,wharncliffe side england,wharncliffe side sheffield,wharncliffeside
Wheathampstead,,wheathampstead england,wheathampstead hertfordshire
Wheatley,,wheat lay,wheat lee,wheat leigh,wheatlay,wheatlee,wheatleigh,wheatley england,wheatley oxfordshire
Wheatley Hill,,wheat lay hill,wheat lee hill,wheat leigh hill,wheatlay hill,wheatlee hill,wheatleigh hill,wheatley hill durham,wheatley hill england,wheatleyhill
Wheaton Aston,,whea tonne aston,whea tun aston,wheaton aston england,wheaton aston staffordshire,wheatonaston,wheatonne aston,wheatun aston
Wheelock,,wheelock cheshire east,wheelock england
Wheldrake,,wheldrake england,wheldrake york
Whetstone,,whetstone england,whetstone leicestershire
Whickham,,whick am,whick um,whickam,whickham england,whickham gateshead,whickum
Whimple,,whimple devon,whimple england
Whissendine,,whissendine england,whissendine leicestershire
Whiston,,whis tonne,whis tun,whiston england,whiston rotherham,whistonne,whistun
Whitburn,,whitburn england,whitburn scotland,whitburn south tyneside,whitburn west lothian
Whitby,,Wit Bee,whitby england,whitby north yorkshire
Whitchurch,,whitchurch bath and north east somerset,whitchurch england,whitchurch hampshire,whitchurch herefordshire,whitchurch shropshire
White Waltham,,white walt am,white walt um,white waltam,white waltham england,white waltham windsor and maidenhead,white waltum,whitewaltham
Whitefield,,whitefield bury,whitefield england
Whitehaven,,whitehaven cumbria,whitehaven england
Whitehead,,whitehead mid and east antrim,whitehead northern ireland
Whitehill,,whitehill england,whitehill hampshire
Whitehills,,whitehills aberdeenshire,whitehills scotland
Whiteparish,,whiteparish england,whiteparish wiltshire
Whitfield,,whitfield england,whitfield kent
Whitford,,whitford flintshire,whitford wales
Whitherley,,whither lay,whither lee,whither leigh,whitherlay,whitherlee,whitherleigh,whitherley england,whitherley warwickshire
Whitland,,whitland carmarthenshire,whitland wales
Whitley,,whit lay,whit lee,whit leigh,whitlay,whitlee,whitleigh,whitley england,whitley north yorkshire,whitley wiltshire
Whitley Bay,,whit lay bay,whit lee bay,whit leigh bay,whitlay bay,whitlee bay,whitleigh bay,whitley bay england,whitley bay north tyneside,whitleybay
Whitminster,,whitminster england,whitminster gloucestershire
Whitmore,,whitmore england,whitmore staffordshire
Whitnash,,whitnash england,whitnash warwickshire
Whitstable,,Wit's Bull,whitstable england,whitstable kent
Whittington,,whitting tonne,whitting tun,whittington derbyshire,whittington england,whittington shropshire,whittington staffordshire,whittingtonne,whittingtun
Whittle-le-Woods,,whittle-le-woods england,whittle-le-woods lancashire
Whittlesey,,whittlesey cambridgeshire,whittlesey england
Whittlesford,,whittlesford cambridgeshire,whittlesford england
Whitwell,,whitwell derbyshire,whitwell england
Whitwick,,whitwick england,whitwick leicestershire
Whitworth,,whit werth,whit wuth,whitwerth,whitworth england,whitworth lancashire,whitwuth
Whyteleafe,,whyteleafe england,whyteleafe surrey
Wibsey,,wibsey bradford,wibsey england
Wick,,wick england,wick highland,wick scotland,wick south gloucestershire,wick west sussex
Wick Saint Lawrence,,wick saint lawrence england,wick saint lawrence north somerset,wicksaintlawrence
Wickersley,,wickers lay,wickers lee,wickers leigh,wickerslay,wickerslee,wickersleigh,wickersley england,wickersley rotherham
Wickford,,wickford england,wickford essex
Wickham,,wick am,wick um,wickam,wickham england,wickham hampshire,wickum
Wickham Bishops,,bishops,wick am bishops,wick um bishops,wickam bishops,wickham bishops england,wickham bishops essex,wickhambishops,wickum bishops
Wickham Market,,wick am market,wick um market,wickam market,wickham market england,wickham market suffolk,wickhammarket,wickum market
Wickhambrook,,wickhambrook england,wickhambrook suffolk
Wickwar,,wickwar england,wickwar south gloucestershire
Wideopen,,wideopen england,wideopen north tyneside
Widnes,,widnes england,widnes halton
Wigan,,wigan england
Wiggenhall Saint Germans,,wiggenhall saint germans england,wiggenhall saint germans norfolk,wiggenhallsaintgermans,wsg
Wigginton,,wiggin tonne,wiggin tun,wigginton england,wigginton hertfordshire,wigginton york,wiggintonne,wiggintun
Wigston Magna,,wigs tonne magna,wigs tun magna,wigston magna england,wigston magna leicestershire,wigstonmagna,wigstonne magna,wigstun magna
Wigton,,wig tonne,wig tun,wigton cumbria,wigton england,wigtonne,wigtun
Wilberfoss,,wilberfoss east riding of yorkshire,wilberfoss england
Wilburton,,wilbur tonne,wilbur tun,wilburton cambridgeshire,wilburton england,wilburtonne,wilburtun
Wilcote,,wilcote england,wilcote oxfordshire
Wilford,,wilford england,wilford nottinghamshire
Willand,,willand devon,willand england
Willaston,,willas tonne,willas tun,willaston cheshire east,willaston cheshire west and chester,willaston england,willastonne,willastun
Willenhall,,willenhall england,willenhall walsall
Willerby,,willerby east riding of yorkshire,willerby england
Willersey,,willersey england,willersey worcestershire
Willesborough,,willes boro,willes bruh,willesboro,willesborough england,willesborough kent,willesbruh
Willingham,,willing am,willing um,willingam,willingham cambridgeshire,willingham england,willingum
Willington,,willing tonne,willing tun,willington derbyshire,willington durham,willington england,willingtonne,willingtun
Williton,,willi tonne,willi tun,williton england,williton somerset,willitonne,willitun
Wilmcote,,wilmcote england,wilmcote warwickshire
Wilmington,,wilming tonne,wilming tun,wilmington england,wilmington kent,wilmingtonne,wilmingtun
Wilmslow,,wilmslow cheshire east,wilmslow england
Wilnecote,,wilnecote england,wilnecote staffordshire
Wilpshire,,wilpshire england,wilpshire lancashire
Wilsden,,wilsden bradford,wilsden england
Wilstead,,wilstead bedford,wilstead england
Wilton,,wil tonne,wil tun,wilton england,wilton wiltshire,wiltonne,wiltun
Wiltshire,
Wimbish,,wimbish england,wimbish essex
Wimbledon,,wimbledon england,wimbledon merton
Wimblington,,wimbling tonne,wimbling tun,wimblington cambridgeshire,wimblington england,wimblingtonne,wimblingtun
Wimborne Minster,,wimborne minster dorset,wimborne minster england,wimborneminster
Wincanton,,wincan tonne,wincan tun,wincanton england,wincanton somerset,wincantonne,wincantun
Winchburgh,,winchburgh scotland,winchburgh west lothian
Winchcomb,,winchcomb england,winchcomb gloucestershire
Winchester,,Wenta,Winny,winchester england,winchester hampshire
Windermere,,windermere cumbria,windermere england
Windlesham,,windles am,windles um,windlesam,windlesham england,windlesham surrey,windlesum
Windsor,,Win ser,Win sir,Win Sore,windsor england
Windsor and Maidenhead,,wam,win ser and maidenhead,win sir and maidenhead,win sore and maidenhead,windsor and maid kneed,windsor and maid ned,windsor and may dun heed
Windygates,,windygates fife,windygates scotland
Winford,,winford england,winford isle of wight,winford north somerset
Wing,,wing buckinghamshire,wing england
Wingate,,wingate durham,wingate england
Wingates,,wingates england,wingates wigan
Wingerworth,,winger werth,winger wuth,wingerwerth,wingerworth derbyshire,wingerworth england,wingerwuth
Wingham,,wing am,wing um,wingam,wingham england,wingham kent,wingum
Wingrave,,wingrave buckinghamshire,wingrave england
Winkfield,,winkfield bracknell forest,winkfield england
Winkleigh,,wink lee,wink ley,winklee,winkleigh devon,winkleigh england,winkley
Winnersh,,winnersh england,winnersh wokingham
Winscombe and Sandford,,winscombe and sandford england,winscombe and sandford north somerset,winscombeandsandford
Winsford,,North Witch,Vale Royal,Wins Fed,Winsfed,Wyns Fed,Wynsfed,Wynsford,winsford cheshire west and chester,winsford england
Winslow,,winslow buckinghamshire,winslow england
Winterbourne Dauntsey,,dauntsey,winterbourne dauntsey england,winterbourne dauntsey wiltshire,winterbournedauntsey
Winteringham,,wintering am,wintering um,winteringam,winteringham england,winteringham north lincolnshire,winteringum
Winterslow,,winterslow england,winterslow wiltshire
Winterton,,winter tonne,winter tun,winterton england,winterton north lincolnshire,wintertonne,wintertun
Winterton-on-Sea,,winter tonne on sea,winter tun on sea,winterton-on-sea england,winterton-on-sea norfolk,wintertonne on sea,wintertun on sea
Winwick,,winwick england,winwick warrington
Wirksworth,,wirks werth,wirks wuth,wirkswerth,wirksworth derbyshire,wirksworth england,wirkswuth
Wirral,
Wisbech,,Wis bech,Wisbeck,wisbech cambridgeshire,wisbech england
Wisbech Saint Mary,,wis bech saint mary,wisbech saint mary cambridgeshire,wisbech saint mary england,wisbechsaintmary,wisbeck saint mary
Wisborough Green,,wis boro green,wis bruh green,wisboro green,wisborough green england,wisborough green west sussex,wisboroughgreen,wisbruh green
Wishaw,,wishaw north lanarkshire,wishaw scotland
Wistaston,,wistas tonne,wistas tun,wistaston cheshire east,wistaston england,wistastonne,wistastun
Wiston,,wis tonne,wis tun,wiston pembrokeshire,wiston wales,wistonne,wistun
Wistow,,wistow england,wistow north yorkshire
Witchford,,witchford cambridgeshire,witchford england
Witham,,wit ham,with ham,wit am,wit um,witam,witham england,witham essex,witum
Witheridge,,witheridge devon,witheridge england
Withernsea,,withernsea east riding of yorkshire,withernsea england
Withington,,withing tonne,withing tun,withington england,withington herefordshire,withingtonne,withingtun
Withnell,,withnell england,withnell lancashire
Withyham,,withy am,withy um,withyam,withyham east sussex,withyham england,withyum
Witley,,wit lay,wit lee,wit leigh,witlay,witlee,witleigh,witley england,witley surrey
Witney,,witney england,witney oxfordshire
Wittering,,witte en,witte in,witteen,wittein,witter en,witter in,witteren,witterin,wittering england,wittering peterborough
Wittersham,,witters am,witters um,wittersam,wittersham england,wittersham kent,wittersum
Witton Gilbert,,gilbert,wit tonne gilbert,wit tun gilbert,witton gilbert durham,witton gilbert england,wittongilbert,wittonne gilbert,wittun gilbert
Wiveliscombe,,wiveliscombe england,wiveliscombe somerset
Wivelsfield,,wivelsfield east sussex,wivelsfield england
Wivenhoe,,wivenhoe england,wivenhoe essex
Wixams,,wixams bedford,wixams england
Woburn Sands,,woburn sands central bedfordshire,woburn sands england,woburnsands
Woking,,wok en,wok in,woken,wokin,woking england,woking surrey
Wokingham,,Woke Numb,woking am,woking um,wokingam,wokingham england,wokingum
Woldingham,,wolding am,wolding um,woldingam,woldingham england,woldingham surrey,woldingum
Wollaston,,wollas tonne,wollas tun,wollaston dudley,wollaston england,wollaston northamptonshire,wollastonne,wollastun
Wolsingham,,wolsing am,wolsing um,wolsingam,wolsingham durham,wolsingham england,wolsingum
Wolston,,wols tonne,wols tun,wolston england,wolston warwickshire,wolstonne,wolstun
Wolverhampton,,wolverhamp tonne,wolverhamp tun,wolverhampton england,wolverhamptonne,wolverhamptun
Wolverley,,wolver lay,wolver lee,wolver leigh,wolverlay,wolverlee,wolverleigh,wolverley england,wolverley worcestershire
Wolverton,,wolver tonne,wolver tun,wolverton england,wolverton milton keynes,wolvertonne,wolvertun
Wolvey,,wolvey england,wolvey warwickshire
Wombourn,,wombourn england,wombourn staffordshire
Wombwell,,wombwell barnsley,wombwell england
Wonersh,,wonersh england,wonersh surrey
Wonston,,wons tonne,wons tun,wonston england,wonston hampshire,wonstonne,wonstun
Wooburn,,wooburn buckinghamshire,wooburn england
Wood End,,wood end england,wood end staffordshire,woodend
Wood Green,,wood green england,wood green haringey
Wood Street Village,,wood street village england,wood street village surrey,woodstreetvillage,wsv
Woodborough,,wood boro,wood bruh,woodboro,woodborough england,woodborough nottinghamshire,woodbruh
Woodbridge,,woodbridge england,woodbridge suffolk
Woodbury,,wood berry,wood bree,woodberry,woodbree,woodbury devon,woodbury england
Woodchester,,woodchester england,woodchester gloucestershire
Woodchurch,,woodchurch england,woodchurch kent
Woodcote,,woodcote england,woodcote oxfordshire
Woodcroft,,woodcroft england,woodcroft gloucestershire
Woodford,,woodford england,woodford northamptonshire,woodford stockport
Woodford Halse,,halse,woodford halse england,woodford halse northamptonshire,woodfordhalse
Woodgreen,,woodgreen england,woodgreen hampshire
Woodhall Spa,,woodhall spa england,woodhall spa lincolnshire,woodhallspa
Woodhouse,,woodhouse england,woodhouse leicestershire,woodhouse sheffield
Woodhouse Eaves,,eaves,woodhouse eaves england,woodhouse eaves leicestershire,woodhouseeaves
Woodlands,,woodlands england,woodlands hampshire
Woodlesford,,woodlesford england,woodlesford leeds
Woodley,,Wood leh,Wood leigh,wood lay,wood lee,woodlay,woodlee,woodleigh,woodley england,woodley wokingham
Woodmansey,,woodmansey east riding of yorkshire,woodmansey england
Woodnesborough,,woodnes boro,woodnes bruh,woodnesboro,woodnesborough england,woodnesborough kent,woodnesbruh
Woodplumpton,,woodplump tonne,woodplump tun,woodplumpton england,woodplumpton lancashire,woodplumptonne,woodplumptun
Woodsetts,,woodsetts england,woodsetts rotherham
Woodstock,,woodstock england,woodstock oxfordshire
Woodville,,woodville england,woodville leicestershire
Wookey,,wookey england,wookey somerset
Wool,,wool dorset,wool england
Woolaston,,woolas tonne,woolas tun,woolaston england,woolaston gloucestershire,woolastonne,woolastun
Woolavington,,woolaving tonne,woolaving tun,woolavington england,woolavington somerset,woolavingtonne,woolavingtun
Wooler,,wooler england,wooler northumberland
Woolfardisworthy,,woolfardisworthy devon,woolfardisworthy england
Woolley,,wool lay,wool lee,wool leigh,woollay,woollee,woolleigh,woolley england,woolley wakefield
Woolmer Green,,woolmer green england,woolmer green hertfordshire,woolmergreen
Woolpit,,woolpit england,woolpit suffolk
Woolton,,wool tonne,wool tun,woolton england,woolton liverpool,wooltonne,wooltun
Woolwich,,Wool Itch,woolwich england,woolwich greenwich
Woore,,woore england,woore shropshire
Wootton,,woot tonne,woot tun,wootton bedford,wootton england,wootton isle of wight,wootton northamptonshire,wootton oxfordshire,woottonne,woottun
Wootton Bridge,,woot tonne bridge,woot tun bridge,wootton bridge england,wootton bridge isle of wight,woottonbridge,woottonne bridge,woottun bridge
Wootton Wawen,,wawen,woot tonne wawen,woot tun wawen,wootton wawen england,wootton wawen warwickshire,woottonne wawen,woottonwawen,woottun wawen
Worcester,,wooster,worcester england,worcester worcestershire
Worcester Park,,worcester park england,worcester park sutton,worcesterpark
Worcestershire,
Wordsley,,words lay,words lee,words leigh,wordslay,wordslee,wordsleigh,wordsley dudley,wordsley england
Worfield,,worfield england,worfield shropshire
Workington,,working tonne,working tun,workington cumbria,workington england,workingtonne,workingtun
Worksop,,worksop england,worksop nottinghamshire
Worlingham,,worling am,worling um,worlingam,worlingham england,worlingham suffolk,worlingum
Worplesdon,,worplesdon england,worplesdon surrey
Worrall,,worrall england,worrall sheffield
Worsborough,,wors boro,wors bruh,worsboro,worsborough barnsley,worsborough england,worsbruh
Worsley,,wors lay,wors lee,wors leigh,worslay,worslee,worsleigh,worsley england,worsley salford
Worsthorne,,worsthorne england,worsthorne lancashire
Worth,,worth england,worth kent,worth west sussex
Worthen,,worthen england,worthen shropshire
Worthing,,Werving,Wurthing,worth en,worth in,worthin,worthing england,worthing west sussex,woth en,woth in,wothen,wothin
Worthington,,worthing tonne,worthing tun,worthington england,worthington leicestershire,worthingtonne,worthingtun
Wotton-under-Edge,,wot tonne under edge,wot tun under edge,wotton-under-edge england,wotton-under-edge gloucestershire,wottonne under edge,wottun under edge,wue
Wouldham,,would am,would um,wouldam,wouldham england,wouldham kent,wouldum
Wrafton,,wraf tonne,wraf tun,wrafton devon,wrafton england,wraftonne,wraftun
Wragby,,wragby england,wragby lincolnshire
Wrangle,,wrangle england,wrangle lincolnshire
Wrawby,,wrawby england,wrawby north lincolnshire
Wraysbury,,wrays berry,wrays bree,wraysberry,wraysbree,wraysbury england,wraysbury windsor and maidenhead
Wrea Green,,wrea green england,wrea green lancashire,wreagreen
Wrecclesham,,wreccles am,wreccles um,wrecclesam,wrecclesham england,wrecclesham surrey,wrecclesum
Wrecsam,,wrecsam wales,wrecsam wrexham
Wrenbury,,wren berry,wren bree,wrenberry,wrenbree,wrenbury cheshire east,wrenbury england
Wrentham,,wrent am,wrent um,wrentam,wrentham england,wrentham suffolk,wrentum
Wrexham,,wrex am,wrex um,wrexam,wrexum
Wrington,,wring tonne,wring tun,wrington england,wrington north somerset,wringtonne,wringtun
Writtle,,writtle england,writtle essex
Wrockwardine,,wrockwardine england,wrockwardine telford and wrekin
Wrotham,,wrot am,wrot um,wrotam,wrotham england,wrotham kent,wrotum
Wroughton,,wrough tonne,wrough tun,wroughton england,wroughton swindon,wroughtonne,wroughtun
Wroxall,,wroxall england,wroxall isle of wight
Wroxham,,wrox am,wrox um,wroxam,wroxham england,wroxham norfolk,wroxum
Wyberton,,wyber tonne,wyber tun,wyberton england,wyberton lincolnshire,wybertonne,wybertun
Wybunbury,,wybun berry,wybun bree,wybunberry,wybunbree,wybunbury cheshire east,wybunbury england
Wychbold,,wychbold england,wychbold worcestershire
Wye,,wye england,wye kent
Wyke,,wyke bradford,wyke england
Wyke Regis,,wyke regis dorset,wyke regis england,wykeregis
Wylam,,wylam england,wylam northumberland
Wymeswold,,wymeswold england,wymeswold leicestershire
Wymondham,,wymond am,wymond um,wymondam,wymondham england,wymondham norfolk,wymondum
Wythall,,wythall england,wythall worcestershire
Wythenshawe,,Withen Sure,wythenshawe england,wythenshawe manchester
Wyton,,wyton cambridgeshire,wyton england
Y Felinheli,,felinheli,y felinheli gwynedd,y felinheli wales,yfelinheli
Yalding,,yald en,yald in,yalden,yaldin,yalding england,yalding kent
Yapton,,yap tonne,yap tun,yapton england,yapton west sussex,yaptonne,yaptun
Yardley Gobion,,gobion,yard lay gobion,yard lee gobion,yard leigh gobion,yardlay gobion,yardlee gobion,yardleigh gobion,yardley gobion england,yardley gobion northamptonshire,yardleygobion,yg
Yarm,,yarm england,yarm stockton-on-tees
Yarnfield,,yarnfield england,yarnfield staffordshire
Yarnton,,yarn tonne,yarn tun,yarnton england,yarnton oxfordshire,yarntonne,yarntun
Yate,,yate england,yate south gloucestershire
Yateley,,yate lay,yate lee,yate leigh,yatelay,yatelee,yateleigh,yateley england,yateley hampshire
Yatton,,yat tonne,yat tun,yatton england,yatton north somerset,yattonne,yattun
Yaxley,,yax lay,yax lee,yax leigh,yaxlay,yaxlee,yaxleigh,yaxley cambridgeshire,yaxley england
Yeadon,,yeadon england,yeadon leeds
Yealmpton,,yealmp tonne,yealmp tun,yealmpton devon,yealmpton england,yealmptonne,yealmptun
Yelverton,,yelver tonne,yelver tun,yelverton devon,yelverton england,yelvertonne,yelvertun
Yeovil,,yo ville,yeovil england,yeovil somerset
Yeovilton,,yeovil tonne,yeovil tun,yeovilton england,yeovilton somerset,yeoviltonne,yeoviltun
Yetminster,,yetminster dorset,yetminster england
Yiewsley,,yiews lay,yiews lee,yiews leigh,yiewslay,yiewslee,yiewsleigh,yiewsley england,yiewsley hillingdon
Ynysddu,,ynysddu caerphilly,ynysddu wales
Ynysybwl,,"ynysybwl rhondda, cynon, taff",ynysybwl wales
York,,yock,york england,yuck
Youlgreave,,youlgreave derbyshire,youlgreave england
Yoxall,,yoxall england,yoxall staffordshire
Ystalyfera,,ystalyfera neath port talbot,ystalyfera wales
Ystrad Aeron,,aeron,ya,ystrad aeron ceredigion,ystrad aeron wales,ystradaeron
Ystrad Mynach,,mynach,ym,ystrad mynach caerphilly,ystrad mynach wales,ystradmynach
Ystradgynlais,,ystradgynlais powys,ystradgynlais wales
