#100th-birthday,,100th birthday
#16th-century,,16th century
#18th-century,,18th century
#1902,,1902
#1950s-comedy,,1950s comedy
#19th-century,,19th century
#2026,,2026
#20mph-speed-limit,,20mph speed limit
#50s-life,,50s life
#80s-live,,80s live
#80s-music,,80s music
#911,,911
#a-level-results,,a level results
#a12-road,,a12 road
#abingdon,,abingdon
#academic,,academic
#academic-performance,,academic performance
#academic-success,,academic success
#access,,access
#accessibility,
#accessibility-independence-and-daily-living,
#accessibility-visual-impairment-assistive-technology,
#accessible,,accessible
#accessible-activities,,accessible activities
#accessible-community,,accessible community
#accessible-community-hall,,accessible community hall
#accessible-education,,accessible education
#accessible-health,
#accessible-health-information,
#accessible-information,
#accessible-memory-sticks,,accessible memory sticks
#accessible-technology,,accessible technology
#accessible-transport,
#accessible-travel,,accessible travel
#accident,,accident
#accident-black-spot,,accident black spot
#accountability,,accountability
#achievements,,achievements
#acting,,acting
#active-travel,,active travel
#activities,,activities
#activity,,activity
#actor,
#actors,,actors
#actress,,actress
#adaptation,,adaptation
#address,,address
#adhd,,adhd
#administration,,administration
#admiral-lord-nelson,,admiral lord nelson
#adoption,,adoption
#adventure,
#advice,,advice
#affordable,,affordable
#affordable-housing,
#afternoon-tea,,afternoon tea
#agapanthus,,agapanthus
#aged,,aged
#aging,
#agri-environmental,,agri environmental
#agricultural,,agricultural
#agricultural-business,
#agricultural-show,
#agricultural-support,
#agricultural-theft,,agricultural theft
#agriculture,
#ai,
#ai-technology,,ai technology
#air-ambulance,,air ambulance
#air-show,,air show
#air-traffic-control,,air traffic control
#air-travel,,air travel
#aircraft,,aircraft
#airline,,airline
#airport,,airport
#airshow,,airshow
#alan-fletcher,,alan fletcher
#alan-stedman,,alan stedman
#alcohol,,alcohol
#alcohol-license,,alcohol license
#alcohol-sale,,alcohol sale
#alert,,alert
#alexa,,alexa
#alleluia,,alleluia
#allotment,,allotment
#allotments,,allotments
#alzheimer,,alzheimer
#ambiance,,ambiance
#ambition,,ambition
#ambulance,,ambulance
#american-history,
#ancient,,ancient
#ancient-church,,ancient church
#ancient-history,,ancient history
#animal,
#animal-cruelty,,animal cruelty
#animal-health,,animal health
#animal-rescue,,animal rescue
#animal-rights,,animal rights
#animal-welfare,
#animals,
#animation,
#anne-boleyn,,anne boleyn
#annehathaway,,annehathaway
#anniversary,,anniversary
#annual-event,,annual event
#annual-service,,annual service
#anti-social-behavior,,anti social behavior
#anti-social-behaviour,,anti social behaviour
#antiques,
#antisocial-behavior,,antisocial behavior
#antisocial-behaviour,,antisocial behaviour
#apartments,,apartments
#apology,,apology
#apple,,apple
#apprenticeships,,apprenticeships
#april-fools-day,,april fools day
#archaeological-dig,,archaeological dig
#archaeology,
#architecture,
#archive,,archive
#argument,,argument
#armed-forces,,armed forces
#army,,army
#army-recruitment,,army recruitment
#arrears,,arrears
#arrest,,arrest
#arrested,,arrested
#arrests,,arrests
#arson,
#art,
#art-exhibition,,art exhibition
#art-history,
#art-installation,,art installation
#art-show,,art show
#artisan,,artisan
#artist,,artist
#artistic-experience,
#arts,,arts
#artwork,,artwork
#assault,,assault
#assistance-dogs,,assistance dogs
#assistance-technology,,assistance technology
#assistive-technology,
#astronomy,
#athletics,
#auction,
#Audio Books,
#audio-book,,audio book
#audio-books,
#audio-described,
#audio-described-performance,
#audio-description,
#audio-edition,,audio edition
#audiobook,
#august,,august
#aussie-day,,aussie day
#austerity,,austerity
#author,,author
#autism,,autism
#autobiography,,autobiography
#automotive,
#autumn,,autumn
#aviation,
#aviation-history,,aviation history
#award,
#award-winning,
#awards,,awards
#awareness,,awareness
#baby,,baby
#back-to-school,,back to school
#bacon-update,,bacon update
#baking,
#ballet,
#bank,,bank
#barbecue,,barbecue
#barn-conversion,,barn conversion
#basketball,
#batteries,,batteries
#battery,,battery
#battery-storage,,battery storage
#battle,,battle
#bayeux-tapestry,,bayeux tapestry
#beach,
#beaches,,beaches
#beatles,,beatles
#beauty,
#beavers,,beavers
#beckitts-farm,,beckitts farm
#bee-sculpture,,bee sculpture
#beef,,beef
#beef-price,,beef price
#beer,
#beer-culture,,beer culture
#beer-festival,,beer festival
#beer-history,,beer history
#beer-myths,,beer myths
#bees,,bees
#benefits,,benefits
#benson,,benson
#bereavement,,bereavement
#berkhamsted,,berkhamsted
#berry-council,,berry council
#bespoke-jewellery,,bespoke jewellery
#best-cafe,,best cafe
#best-selling-authors,,best selling authors
#bexhill,,bexhill
#bexhill-united,,bexhill united
#bible,,bible
#bike,,bike
#bike-ride,,bike ride
#bike-theft,,bike theft
#billy-butlin,,billy butlin
#bin-collections,,bin collections
#bingo-call,,bingo call
#bins,,bins
#biodiversity,,biodiversity
#bird,,bird
#bird-watching,
#birds,,birds
#birmingham,,birmingham
#birmingham-premier-league,,birmingham premier league
#birmingham-talking,,birmingham talking
#birthday,
#birthday-celebration,,birthday celebration
#bishop,,bishop
#black-country,,black country
#black-sabbath,,black sabbath
#blackpool,,blackpool
#blaze,,blaze
#blind,
#blind-accessibility,,blind accessibility
#blind-baking,,blind baking
#blind-date,,blind date
#blind-marathon,,blind marathon
#blind-running,,blind running
#blind-veterans,,blind veterans
#blindness,,blindness
#blindness-and-visual-impairment,
#blue-badge,,blue badge
#blue-tongue,,blue tongue
#blues,,blues
#bmx-event,,bmx event
#bmx-racing,,bmx racing
#board-games,
#boat,,boat
#boat-names,,boat names
#bogner,,bogner
#book,
#book-fair,,book fair
#book-launch,,book launch
#book-review,,book review
#book-signing,,book signing
#books,
#border,,border
#borrowing-debt,,borrowing debt
#bowling,,bowling
#boxing,
#boys,,boys
#braille,,braille
#bravery,,bravery
#bread,,bread
#breast-cancer,,breast cancer
#brentwood,,brentwood
#brexit,,brexit
#bridge,,bridge
#bridlington,,bridlington
#british,,british
#british-history,,british history
#british-music,,british music
#bromley,,bromley
#bt-tower,,bt tower
#buckingham-palace,,buckingham palace
#buckinghamshire,,buckinghamshire
#buddy-dog,,buddy dog
#buddy-dog-scheme,,buddy dog scheme
#buddy-dogs,,buddy dogs
#budget,,budget
#building,,building
#building-work,,building work
#building-works,,building works
#buildings,,buildings
#burglary,,burglary
#burial,,burial
#burne-jones,,burne jones
#bus,,bus
#bus-driver,,bus driver
#bus-pass,,bus pass
#bus-service,,bus service
#bus-services,,bus services
#bus-station,,bus station
#buses,,buses
#business,
#business-awards,,business awards
#business-closure,,business closure
#business-launch,
#business-opening,,business opening
#business-sale,,business sale
#business-success,,business success
#business-support,
#busker,,busker
#butterflies,,butterflies
#butterfly,,butterfly
#butterfly-count,,butterfly count
#butterwort,,butterwort
#cafe,,cafe
#cake,,cake
#cake-eating,,cake eating
#campaign,,campaign
#canal,,canal
#canal-boats,,canal boats
#cancer,
#cancer-research,,cancer research
#cancer-support,,cancer support
#cannabis,,cannabis
#capital-gains-tax,,capital gains tax
#car-crash,,car crash
#car-park,,car park
#car-show,,car show
#car-theft,,car theft
#carbon,,carbon
#care,,care
#care-home,
#care-quality,,care quality
#care-service-rating,,care service rating
#care-worker,,care worker
#career,
#career-change,
#career-opportunities,,career opportunities
#career-success,,career success
#carehome,,carehome
#carnival,,carnival
#carnivorous-plants,,carnivorous plants
#caspian-tern,,caspian tern
#castle,
#castle-history,,castle history
#castle-in-bloom,,castle in bloom
#cathedral,,cathedral
#catholicism,,catholicism
#cattle,,cattle
#cattle-prices,,cattle prices
#cctv,,cctv
#celebration,,celebration
#celebrity,
#celtic,,celtic
#cemetery,,cemetery
#centenarian,,centenarian
#ceremony,,ceremony
#chalk-streams,,chalk streams
#challenge,,challenge
#champions-league,,champions league
#championship,
#championsleague,,championsleague
#chancellor,,chancellor
#change,,change
#channel-swim,,channel swim
#chaos,,chaos
#charitable-support,,charitable support
#charities,,charities
#charity,
#charity-ambassador,,charity ambassador
#charity-event,,charity event
#charity-events,,charity events
#charity-fundraising,,charity fundraising
#charity-shop,,charity shop
#charity-support,,charity support
#charity-work,,charity work
#charles-dickens,,charles dickens
#charter,,charter
#chef,,chef
#chelmsford,,chelmsford
#chelmsford-cathedral,,chelmsford cathedral
#chelmsford-city,,chelmsford city
#cheshire,,cheshire
#cheshire-east,,cheshire east
#cheshire-police,,cheshire police
#chichester,,chichester
#chichester-ladies,,chichester ladies
#child,
#child-abuse,,child abuse
#child-neglect,,child neglect
#child-sexual-exploitation,
#childcare,,childcare
#childhood,
#childhood-memory,
#children,
#children-activities,,children activities
#children-education,,children education
#children-health,,children health
#children-safety,,children safety
#china,,china
#china-us-trade,,china us trade
#chocolate,,chocolate
#chocolate-bar-invention,,chocolate bar invention
#chocolate-history,
#chocolate-statistics,,chocolate statistics
#choir,
#christ,,christ
#christ-king,,christ king
#christian,,christian
#christianity,,christianity
#christmas,
#christopher-nolan,,christopher nolan
#church,,church
#church-buildings,,church buildings
#church-digital-transformation,,church digital transformation
#church-directory,,church directory
#church-history,,church history
#church-leaders,,church leaders
#church-records,,church records
#churchill-hospital,,churchill hospital
#churchyard,,churchyard
#cigarette-butt,,cigarette butt
#cinema,,cinema
#citizen-science,,citizen science
#citizens-advice,,citizens advice
#city,,city
#city-center,,city center
#city-centre,,city centre
#city-council,,city council
#city-events,,city events
#city-of-culture,,city of culture
#city-status,,city status
#civic-pride,,civic pride
#civic-procession,,civic procession
#clarets,,clarets
#class-a-drugs,,class a drugs
#class-b-drug,,class b drug
#classic-car-show,,classic car show
#classic-cars,,classic cars
#classical-music,
#clean-energy,,clean energy
#clean-streets,,clean streets
#clean-up,,clean up
#clean-water,,clean water
#cleaning,,cleaning
#cleanup,,cleanup
#climate,
#climate-action,,climate action
#climate-change,
#climatechange,,climatechange
#clinical-trials,
#closure,
#club,,club
#clubhouse,,clubhouse
#clues,,clues
#coach,,coach
#coaching,
#coaching-barn,,coaching barn
#coast,,coast
#coast-guard,,coast guard
#coastal-travel,,coastal travel
#coastguard,,coastguard
#cocaine,,cocaine
#cocoa-beans,,cocoa beans
#coffee,
#coffee-morning,,coffee morning
#coffee-shop,,coffee shop
#coins,,coins
#cold,,cold
#collectibles,,collectibles
#college,,college
#collision,,collision
#colombian-earthquake,,colombian earthquake
#colonnade,,colonnade
#comedian,,comedian
#comedy,
#commentary,,commentary
#commercial,,commercial
#commonwealth-games,,commonwealth games
#community,
#Community Local Newsletter,,Community Local Newsletter
#Community Plant Fair,,Community Plant Fair
#community-activism,,community activism
#community-activities,
#community-activity,
#community-adventure,,community adventure
#community-art,
#community-arts,
#community-award,
#community-awards,
#community-business,
#community-cafe,,community cafe
#community-campaign,
#community-celebration,
#community-celebrations,
#community-charity,
#community-cinema,
#community-clean-up,
#community-coffee-morning,
#community-concern,,community concern
#community-consultation,
#community-cost-saving,
#community-council,
#community-craft,
#community-crime,
#community-customs,,community customs
#community-death,
#community-development,
#community-education,
#community-engagement,
#community-entertainment,
#community-event,
#community-events,
#community-exhibition,
#community-festival,
#community-fire,
#community-football,
#community-fundraising,
#community-garden,
#community-governance,
#community-government,
#community-hall,,community hall
#community-health,
#community-help,,community help
#community-hero,
#community-heroes,
#community-historic,
#community-history,
#community-housing,
#community-hub,,community hub
#community-hubs,,community hubs
#community-infrastructure,
#community-issues,,community issues
#community-knitathon,,community knitathon
#community-leaders,,community leaders
#community-led,,community led
#community-library,
#community-listening,
#community-local,
#community-local-business,
#community-local-cost,
#community-local-environment-well-being,
#community-local-events,
#community-local-fraud,
#community-local-news,
#community-local-politics,
#community-local-road,
#community-local-road-safety,
#community-local-transport,
#community-local-welcome,
#community-local-well-being,
#community-market,
#community-memory,
#community-museum,
#community-music,
#community-news,
#community-order,,community order
#community-outreach,,community outreach
#community-performance,,community performance
#community-politics,
#community-project,,community project
#community-projects,
#community-pub,
#community-recognition,
#community-restoration,
#community-road-works,
#community-safety,
#community-service,
#community-services,
#community-shop,,community shop
#community-social,,community social
#community-space,
#community-spaces,
#community-spirit,,community spirit
#community-sport,,community sport
#community-sports,
#community-success,,community success
#community-support,
#community-talking,,community talking
#community-talking-news,
#community-theatre,
#community-transport,
#community-travel,
#community-update,,community update
#community-voice,
#community-volunteer,
#community-volunteer-work,
#community-volunteering,
#community-volunteers,
#community-warning,
#community-welcome,
#community-welcoming,
#community-well-being,
#community-workshop,,community workshop
#community_local_welcome,
#communityevent,,communityevent
#competition,,competition
#complaints,,complaints
#compliance,
#concert,,concert
#concerts,
#conference,,conference
#confidence,,confidence
#conflict,,conflict
#congestion,,congestion
#connection,,connection
#connectivity,,connectivity
#conservation,
#construction,
#consultation,,consultation
#contact,,contact
#contact-details,,contact details
#contract-extension,,contract extension
#controls,,controls
#conviction,,conviction
#cooking,
#cooling,,cooling
#copier,,copier
#copper-theft,,copper theft
#corner-shops,,corner shops
#coronation,,coronation
#coronation-street,,coronation street
#coroner,,coroner
#cortisol,,cortisol
#cost,,cost
#cost-cutting,,cost cutting
#cost-increase,,cost increase
#cost-of-living,,cost of living
#cost-saving,,cost saving
#council,,council
#council-budget,,council budget
#council-meeting,,council meeting
#council-reform,,council reform
#councillor,,councillor
#counterfeit,,counterfeit
#country,,country
#country-music,,country music
#countryside,,countryside
#county-council,,county council
#court,
#covid,,covid
#craft,
#craft-beer,,craft beer
#craft-fair,,craft fair
#craft-making,,craft making
#craft-project,
#craft-show,,craft show
#crafts,
#craftsmanship,,craftsmanship
#crash,,crash
#creation-story,,creation story
#creative-activities,,creative activities
#creative-learning,
#creativity,,creativity
#credit-card,,credit card
#crematorium,
#cricket,
#cricket-stumps,,cricket stumps
#crime,
#crime-prevention,,crime prevention
#criminal-trial,
#crisis-fund,,crisis fund
#crop-production,,crop production
#crop-yield,,crop yield
#croquet,,croquet
#crossword,
#crowdfunding,,crowdfunding
#crown-court,
#cruise,,cruise
#crumble,,crumble
#crystal-palace,,crystal palace
#culinary-journey,,culinary journey
#cultural-barriers,,cultural barriers
#cultural-celebration,,cultural celebration
#culture,
#currency,,currency
#customer-care,,customer care
#customer-service,
#cybersecurity,
#cycling,
#d-day,,d day
#daily-living,
#dance,
#dandelion,,dandelion
#dangerous-animals,,dangerous animals
#dangerous-driving,,dangerous driving
#dark,,dark
#dark-past,,dark past
#data,
#death,
#death-notices,
#deaths,
#defence,,defence
#defender,,defender
#defense,
#degree,,degree
#dementia,
#dementia-friendly,,dementia friendly
#demolition,,demolition
#design,
#development,,development
#diabetes,,diabetes
#dialect,
#diamond-anniversary,,diamond anniversary
#dictionary,,dictionary
#didcot,,didcot
#diet,,diet
#digital,,digital
#digital-safety,,digital safety
#digital-transformation,
#dinner-lady,,dinner lady
#diocese,,diocese
#disabled-access,,disabled access
#disabled-support,,disabled support
#distillery,,distillery
#distributor,,distributor
#diversion,,diversion
#diversity,
#divine-light,,divine light
#doctor,,doctor
#doctor-who,,doctor who
#documentary,
#dog,,dog
#dog-assistance,,dog assistance
#dog-show,,dog show
#dog-training,
#dog-treat-making,,dog treat making
#dog-walk,,dog walk
#dog-walking,,dog walking
#dogs,,dogs
#dolly-parton,,dolly parton
#dollyparton,,dollyparton
#donation,,donation
#donations,,donations
#doncaster,,doncaster
#dorchester-abbey,,dorchester abbey
#dorridge-cc,,dorridge cc
#drama,
#drawing,,drawing
#dream,,dream
#drink-driving,,drink driving
#driving,,driving
#driving-ban,,driving ban
#driving-offence,,driving offence
#drought,
#drug-crime,
#drug-dealing,,drug dealing
#drug-driving,,drug driving
#drug-possession,,drug possession
#drugs,,drugs
#drunk-driving,
#dry-weather,,dry weather
#durham,,durham
#e-bikes,,e bikes
#e-scooter,,e scooter
#earthquake,,earthquake
#easter,,easter
#eclipse,,eclipse
#eco,,eco
#eco-friendly,,eco friendly
#eco-gardening,,eco gardening
#ecology,,ecology
#economic-development,,economic development
#economic-growth,,economic growth
#economic-impact,,economic impact
#economy,,economy
#ecosystem,,ecosystem
#edenvision,,edenvision
#edition,,edition
#editor,,editor
#education,
#elder-care,
#elderly,,elderly
#elderly-care,,elderly care
#elderly-life,,elderly life
#election,,election
#elizabethi,,elizabethi
#embezzlement,,embezzlement
#emergency,
#Emergency Access,,Emergency Access
#emergency-response,
#emergency-service,,emergency service
#emergency-services,
#emotional-regulation,,emotional regulation
#employment,
#endangered,,endangered
#energy,
#energy-advice,,energy advice
#energy-bills,,energy bills
#energy-efficiency,,energy efficiency
#energy-security,
#engagement,,engagement
#engineering,
#england,,england
#entertainment,
#entrepreneur,,entrepreneur
#environment,
#environmental,
#environmental-conservation,
#environmental-crime,
#environmental-health,,environmental health
#environmental-impact,,environmental impact
#environmental-protection,
#equality,,equality
#essex,,essex
#essex-women,,essex women
#event,
#events,
#evolution,,evolution
#exam,,exam
#exam-results,,exam results
#exercise,
#exhibition,
#exhibits,,exhibits
#exotic-plants,,exotic plants
#expansion,,expansion
#explosion,,explosion
#extra-features,,extra features
#extreme-heat,,extreme heat
#extreme-weather,,extreme weather
#eye-surgery,,eye surgery
#fa-cup,,fa cup
#fabric-vault,,fabric vault
#fair,,fair
#faith,
#false-invoices,,false invoices
#families,,families
#family,
#Family Fun Days,,Family Fun Days
#family-activities,,family activities
#family-business,,family business
#family-festival,,family festival
#family-friendly,
#family-fun,,family fun
#family-history,,family history
#family-support,,family support
#fare,,fare
#fareham,,fareham
#fareham-borough-council,,fareham borough council
#farm,
#farm-life,,farm life
#farm-support,,farm support
#farm24,,farm24
#farmer,
#farmer-guardian,,farmer guardian
#farmer-welfare,,farmer welfare
#farmers,,farmers
#farmers-guardians,,farmers guardians
#farming,
#farmland,,farmland
#fashion,
#fear,,fear
#feedback,,feedback
#female-business-awards,,female business awards
#feminism,,feminism
#festival,,festival
#festivals,
#fiction,
#fiddle,,fiddle
#field,,field
#fifties,,fifties
#film,
#Film Local Entertainment,,Film Local Entertainment
#film-industry,
#film-production,
#filming,,filming
#finance,
#financial-pressure,,financial pressure
#financial-support,,financial support
#fine,,fine
#fines,,fines
#fire,
#fire-service,,fire service
#fire-station,,fire station
#fireworks,,fireworks
#fish,,fish
#fish-and-chips,,fish and chips
#fitness,
#five-year-old,,five year old
#fixed-penalty-notices,,fixed penalty notices
#flags,,flags
#flood,,flood
#flooding,,flooding
#floral-installation,,floral installation
#flower-arranging,,flower arranging
#flower-show,,flower show
#flowers,,flowers
#fly-tipping,,fly tipping
#folk-music,
#folk-traditions,,folk traditions
#food,
#food-bank,
#food-culture,,food culture
#food-festival,,food festival
#food-history,
#food-labeling,
#food-market,
#food-poisoning,,food poisoning
#food-production,
#food-recipe,
#food-safety,
#food-security,
#football,
#ford,,ford
#foreign-ownership,,foreign ownership
#forest,,forest
#forest-school,,forest school
#forests,,forests
#fossil,
#foxes,,foxes
#france,,france
#fraud,
#free,,free
#free-activities,,free activities
#free-activity,,free activity
#free-admission,,free admission
#free-audio-books,,free audio books
#free-bus-travel,,free bus travel
#free-events,,free events
#free-parking,,free parking
#free-school-meals,,free school meals
#friday,,friday
#friday-the-13th,,friday the 13th
#friday-the-thirteenth,,friday the thirteenth
#fridge,,fridge
#fried-chicken,,fried chicken
#friends,,friends
#friendship,,friendship
#fruit-tree-care,,fruit tree care
#full-moon,,full moon
#funding,,funding
#fundraiser,,fundraiser
#fundraising,
#funeral,
#funeral-service,
#future,
#gaming,
#garden,
#garden-care,,garden care
#garden-design,
#garden-tour,,garden tour
#garden-watering,,garden watering
#gardening,
#gardens,,gardens
#gcse-results,,gcse results
#gender,,gender
#gene-therapy,,gene therapy
#genealogy,,genealogy
#general-knowledge,
#general-knowledge-quiz,,general knowledge quiz
#general-synod,,general synod
#geography,,geography
#ghost-stories,,ghost stories
#ghost-story,,ghost story
#ghosts,,ghosts
#glasgow,,glasgow
#god-king,,god king
#golf,
#good-bye,
#good-morning,
#good-news,
#good-week,,good week
#goodbye,,goodbye
#gooseberry-growing,,gooseberry growing
#gooseberry-show,,gooseberry show
#government,
#government-action,,government action
#government-intervention,,government intervention
#government-policy,
#government-support,,government support
#graduation,,graduation
#grain-markets,,grain markets
#grammar-school,,grammar school
#grandmother,,grandmother
#grass-fire,,grass fire
#greater-manchester,,greater manchester
#green-belt,,green belt
#green-flag,,green flag
#green-flag-award,,green flag award
#green-space,,green space
#green-spaces,
#green-walks,,green walks
#greenfield,,greenfield
#grey-bins,,grey bins
#guga-hunt,,guga hunt
#guide-dog,,guide dog
#guide-dogs,
#guided-tour,,guided tour
#guided-tours,,guided tours
#gulls,,gulls
#guzbury-show,,guzbury show
#hair-extension,,hair extension
#hair-loss,,hair loss
#hallelujah,,hallelujah
#hampshire,,hampshire
#hancock-half-hour,,hancock half hour
#happiness,,happiness
#happy,,happy
#happy-birthday,,happy birthday
#harley-davidson,,harley davidson
#harry-potter,,harry potter
#harvest,,harvest
#hastings,,hastings
#hate,,hate
#health,
#health-care,,health care
#health-recovery,,health recovery
#health-services,,health services
#healthcare,
#healthy-communities,,healthy communities
#hearing-health,,hearing health
#hearing-loss,,hearing loss
#heat,
#heat-wave,,heat wave
#heatwave,
#helicopter,,helicopter
#hello,,hello
#hemel-hempstead,,hemel hempstead
#hemel-town,,hemel town
#herefordshire,,herefordshire
#heritage,
#heritage-open-days,,heritage open days
#hero,,hero
#herring,,herring
#hertfordshire,,hertfordshire
#hever-castle,,hever castle
#high-street,,high street
#high-streets,,high streets
#higher-education,,higher education
#highway,,highway
#highways,,highways
#Hiring,,Hiring
#hiroshima,,hiroshima
#historian,,historian
#historic,
#historic-building,
#historic-buildings,,historic buildings
#historic-event,,historic event
#historic-pub,,historic pub
#historic-site,
#historic-trees,,historic trees
#historical,
#historical-building,,historical building
#historical-site,,historical site
#history,
#holiday,,holiday
#holiday-camps,,holiday camps
#holiday-park,,holiday park
#holy-king,,holy king
#home,,home
#home-care,,home care
#home-cooking,,home cooking
#home-improvement,
#homelessness,,homelessness
#hope,,hope
#horse-racing,
#horticulture,,horticulture
#hosepipe-ban,
#hospice,,hospice
#hospice-care,,hospice care
#hospice-support,,hospice support
#hospital,
#hot-weather,,hot weather
#hotel,
#housing,
#housing-advice,,housing advice
#hoverflies,,hoverflies
#human-connection,
#human-league,,human league
#human-rights,
#human-trafficking,,human trafficking
#humanrights,,humanrights
#humor,
#hydration,,hydration
#hymn,,hymn
#ice-cream-van,,ice cream van
#illegal-immigration,,illegal immigration
#immigrant-venue,,immigrant venue
#immigration,
#inclusion,
#inclusive,,inclusive
#inclusive-education,
#income-tax,,income tax
#independence,,independence
#independent-businesses,,independent businesses
#independent-living,,independent living
#industrial-revolution,,industrial revolution
#industrial-space,,industrial space
#inflation,,inflation
#infrastructure,
#injuries,,injuries
#injury,,injury
#innovation,
#inquest,,inquest
#insects,,insects
#inspiration,,inspiration
#interactive-workshops,,interactive workshops
#interview,
#invention,
#investigation,
#investment,,investment
#island-life,,island life
#jail,,jail
#japanese-fan,,japanese fan
#jazz,
#jenny-henry,,jenny henry
#job-cuts,,job cuts
#job-opportunities,,job opportunities
#jobs,
#jodrell-bank,,jodrell bank
#july,,july
#july-29th,,july 29th
#july-30th,,july 30th
#june,,june
#junior-isa,,junior isa
#just-talk,
#justice,,justice
#keegan,,keegan
#kenilworth,,kenilworth
#kenilworth-wardens,,kenilworth wardens
#kevin-keegan,,kevin keegan
#key-evolution,,key evolution
#kfc,,kfc
#kidney-transplant,,kidney transplant
#kindness,,kindness
#king,,king
#king-charles,,king charles
#kitchen,,kitchen
#knitting,,knitting
#lamb,,lamb
#lancashire,,lancashire
#lancaster-city-council,,lancaster city council
#land-reforms,,land reforms
#landscape,,landscape
#langtree-symphonia,,langtree symphonia
#language,
#latin-music,
#laurel-hardy,,laurel hardy
#lavender,,lavender
#leadership,,leadership
#league,
#legal,
#legislation,
#leisure,,leisure
#leisure-centre,,leisure centre
#letter,,letter
#letters,
#lgbtq,
#liberal-democrat,,liberal democrat
#liberal-democrats,,liberal democrats
#library,,library
#library-closure,,library closure
#library-events,,library events
#library-service,
#license,,license
#lichfield-cathedral,,lichfield cathedral
#life,,life
#life-begins,,life begins
#lifeboat,,lifeboat
#light,,light
#light-art,,light art
#light-up-lancaster,,light up lancaster
#lighthouse,,lighthouse
#lighting-up-times,,lighting up times
#listed-building,,listed building
#listen,,listen
#listener,,listener
#listener-feedback,,listener feedback
#listeners,,listeners
#listening,
#listening-month,,listening month
#listening-service,,listening service
#literacy,,literacy
#literature,
#litter,,litter
#litter-appeal,,litter appeal
#live-fire-cooking,,live fire cooking
#live-music,,live music
#live-music-venue,,live music venue
#liverpool,,liverpool
#livestock,,livestock
#loan,,loan
#local,
#local-art,,local art
#local-artists,,local artists
#local-authority,,local authority
#local-business,,local business
#local-businesses,,local businesses
#local-charities,,local charities
#local-charity,,local charity
#local-community,,local community
#local-community-events,,local community events
#local-council,,local council
#local-customs,,local customs
#local-economy,
#local-elections,,local elections
#local-events,
#local-governance,,local governance
#local-government,
#local-government-reorganisation,,local government reorganisation
#local-history,
#local-music,,local music
#local-news,
#local-plan,,local plan
#local-politics,,local politics
#local-races,,local races
#local-services,,local services
#local-sports,,local sports
#lock-history,,lock history
#locks,,locks
#london,,london
#loneliness,,loneliness
#longevity,,longevity
#lord-mayor,,lord mayor
#lottery,,lottery
#love,
#lowestoft,,lowestoft
#lunar-society,,lunar society
#lunch,,lunch
#luxury,
#Macular,,Macular
#magazine,,magazine
#maggies-oxford,,maggies oxford
#magistrates-court,,magistrates court
#mail-delivery,,mail delivery
#maintenance,,maintenance
#management,,management
#manchester,,manchester
#manchester-united,,manchester united
#marathon,
#marine,
#maritime,
#mark-hayworth-trophy,,mark hayworth trophy
#market,,market
#market-hall,,market hall
#market-traders,,market traders
#marketing,
#markets,,markets
#marriage,
#mary,,mary
#masterchef,,masterchef
#mayor,,mayor
#mayor-election,,mayor election
#meadow,,meadow
#media,
#mediation,,mediation
#medical,
#medical-research,,medical research
#medicine,
#medieval,,medieval
#memorial,,memorial
#memorial-service,,memorial service
#memories,,memories
#memory,,memory
#memory-stick,,memory stick
#memory-sticks,,memory sticks
#men,,men
#meningitis,,meningitis
#mental-health,
#mentalhealth,,mentalhealth
#mercedes,,mercedes
#metal-theft,,metal theft
#methodism,,methodism
#methodist-church,,methodist church
#midsummer-night,,midsummer night
#migration,
#military,
#militia,,militia
#milton-road,,milton road
#miners-gala,,miners gala
#mining,,mining
#ministry,,ministry
#miss-england,,miss england
#misuse,,misuse
#mobile-library,,mobile library
#mock-marzipan,,mock marzipan
#model-drawing,,model drawing
#model-making,,model making
#modernist-design,,modernist design
#money,,money
#money-skills,,money skills
#monthly-magazine,,monthly magazine
#monthly-roundup,
#monthly-update,
#moon,,moon
#moonlight-walk,,moonlight walk
#morning,,morning
#morris-dance,,morris dance
#mortgage,,mortgage
#motor-racing,,motor racing
#motorcycle,
#movie,,movie
#mural,,mural
#murals,,murals
#murder,
#museum,,museum
#music,
#music-events,,music events
#music-festival,,music festival
#music-venue,,music venue
#musical,
#musical-theatre,,musical theatre
#musician,,musician
#mystery,
#mythology,,mythology
#name,,name
#national-garden-scheme,,national garden scheme
#national-highways,,national highways
#national-league-south,,national league south
#national-treasure,,national treasure
#nativity,,nativity
#nature,
#nature-conservation,,nature conservation
#nature-experience,,nature experience
#nautical-playground,,nautical playground
#navy,,navy
#netball,
#netflix,,netflix
#new-business,,new business
#new-homes,,new homes
#new-plant-awards,
#news,
#newspaper,,newspaper
#nhs,,nhs
#nightjar,,nightjar
#norfolk,,norfolk
#north-yorkshire,,north yorkshire
#northeast,,northeast
#northumberland,,northumberland
#northwich,,northwich
#norwich,,norwich
#nostalgia,,nostalgia
#not-afraid,,not afraid
#not-alone,,not alone
#nottingham,,nottingham
#nottsford,,nottsford
#nuclear,
#number-puzzle,,number puzzle
#nurse,,nurse
#nursery,,nursery
#nursing-home,,nursing home
#obituary,
#ofcom,,ofcom
#office-space,,office space
#ohohohoh,,ohohohoh
#oil-seeds,,oil seeds
#olympics,
#online-safety,,online safety
#open-air-art,,open air art
#open-day,,open day
#opening,,opening
#opera,
#Operation,,Operation
#opinion,
#orchestral-music,,orchestral music
#organic,,organic
#organized-crime,,organized crime
#oscar,,oscar
#outdoor,,outdoor
#outdoor-activities,,outdoor activities
#outdoor-drawing,,outdoor drawing
#outdoor-learning,,outdoor learning
#outdoor-play,,outdoor play
#outdoors,
#oxfordshire,,oxfordshire
#ozzy-osbourne,,ozzy osbourne
#paddle-courts,,paddle courts
#padel,,padel
#pageant,,pageant
#painting,,painting
#palliative-care,,palliative care
#parade,,parade
#parenting,
#parish-records,,parish records
#park,,park
#park-and-ride,,park and ride
#parking,,parking
#parks,,parks
#parliament,,parliament
#partial-eclipse,,partial eclipse
#partnership,,partnership
#patient,
#patient-care,,patient care
#patient-experience,,patient experience
#paul-mccartney,,paul mccartney
#pavilion,,pavilion
#pay-what-you-want,,pay what you want
#peace,,peace
#peaceful-surroundings,,peaceful surroundings
#penalty,
#perennials,,perennials
#performance,,performance
#performing-arts,
#permit-system,,permit system
#personal-lived-experience,
#pest-control,,pest control
#pests,,pests
#peter-mayo,,peter mayo
#pets,
#philanthropy,,philanthropy
#philosophy,
#photographs,,photographs
#photography,,photography
#piano,,piano
#piccalilli,,piccalilli
#picnic,,picnic
#pig-crisis,,pig crisis
#pigeon-race,,pigeon race
#pillbox,,pillbox
#pilot,,pilot
#pip,,pip
#pirate-parade,,pirate parade
#plagiarism,,plagiarism
#planning,
#planning-application,,planning application
#plants,
#play,
#please-yourself,,please yourself
#pledge,,pledge
#podcast,,podcast
#poem,
#poetry,
#police,
#police-action,,police action
#police-drama,,police drama
#police-enforcement,
#police-investigation,,police investigation
#police-station,,police station
#policing,,policing
#policy,,policy
#political,
#political-scandal,,political scandal
#politics,
#pollinators,,pollinators
#pollution,
#pond,,pond
#pool,,pool
#pop,,pop
#pop-culture,,pop culture
#poppy-festival,,poppy festival
#pornography,,pornography
#portrait,,portrait
#portsmouth,,portsmouth
#portsmouth-cathedral,,portsmouth cathedral
#post-office,,post office
#potholes,,potholes
#power,,power
#praise,,praise
#prayer,,prayer
#pre-season,,pre season
#premier-league,
#premierleague,
Premier League,,English Premier League,premiership,E. P. L.
#premium-cocktails,,premium cocktails
#preschool,,preschool
#preston,,preston
#pride,,pride
#pride-in-place,,pride in place
#priest,,priest
#priestholes,,priestholes
#primary-school,,primary school
#prime-minister,,prime minister
#prince-philip,,prince philip
#prison,,prison
#privacy,,privacy
#private-chef,,private chef
#probation-officer,,probation officer
#professional-misconduct,,professional misconduct
#property,
#property-damage,
#prostate-cancer,,prostate cancer
#protest,,protest
#proud,,proud
#pub,,pub
#pub-atmosphere,,pub atmosphere
#pub-closure,,pub closure
#public-art,,public art
#public-awareness,,public awareness
#public-comment,,public comment
#public-engagement,
#public-health,
#public-house,,public house
#public-infrastructure,,public infrastructure
#public-safety,
#public-services,
#public-space,,public space
#public-spaces,
#public-transport,
#pubs,,pubs
#puzzle,
#quality-of-life,,quality of life
#quiz,
#raby-castle,,raby castle
#race,,race
#rail-disruption,,rail disruption
#railway,,railway
#railways,,railways
#ram-lamb,,ram lamb
#rangers,,rangers
#rape,
#rare-bird,,rare bird
#rare-diseases,,rare diseases
#reading,
#real-estate,
#realestate,,realestate
#reason,,reason
#rebellion,,rebellion
#recipe,,recipe
#reckless-driving,,reckless driving
#recognition,,recognition
#record,,record
#recording,
#recovery,
#recruitment,,recruitment
#recycling,
#red-lion,,red lion
#redevelopment,,redevelopment
#reform,,reform
#refugees,
#refurbishment,
#regeneration,
#regulation,,regulation
#religion,
#religious,,religious
#religious-space,
#remembrance,,remembrance
#remembrance-day,,remembrance day
#renewable-energy,
#renovation,,renovation
#reopening,,reopening
#repair,,repair
#report,,report
#rescue,
#research,,research
#reservoir,,reservoir
#residents,,residents
#residents-cool,,residents cool
#residents-oppose,,residents oppose
#resilience,,resilience
#rest-in-peace,,rest in peace
#restaurant,
#restaurant-award,,restaurant award
#restoration,
#restrictions,,restrictions
#resurfacing,,resurfacing
#retail,
#retirement,,retirement
#retro,,retro
#return,,return
#reverend,,reverend
#riot,,riot
#river,,river
#river-devon,,river devon
#rnib,,rnib
#road,,road
#road-accident,,road accident
#road-closure,,road closure
#road-closures,,road closures
#road-safety,
#road-works,
#roads,,roads
#roadworks,,roadworks
#robbery,,robbery
#robotic-candy-floss,,robotic candy floss
#rock,
#romance,
#rover,,rover
#royal-family,,royal family
#royal-marines,,royal marines
#royal-navy,,royal navy
#royal-visit,,royal visit
#royal-visits,,royal visits
#royalty,,royalty
#rugby,
#running,
#running-community,,running community
#rural-business,,rural business
#rural-businesses,,rural businesses
#rural-life,,rural life
#russia,,russia
#safari,,safari
#safeguarding,,safeguarding
#safety,
#sailing,
#sailing-club,,sailing club
#sale,,sale
#salvia,,salvia
#sanctuary,,sanctuary
#savings,,savings
#scam,
#scams,
#scarborough,,scarborough
#school,,school
#school-awards,,school awards
#school-community,,school community
#school-history,,school history
#school-holidays,,school holidays
#school-reunion,,school reunion
#school-uniform,,school uniform
#school-uniforms,,school uniforms
#schools,,schools
#science,
#scotland,,scotland
#scottish-government,,scottish government
#scottish-highland-games,,scottish highland games
#scottish-politics,
#scout-jamboree,,scout jamboree
#screening,,screening
#sculpture,,sculpture
#seafarers,,seafarers
#seafarers-service,,seafarers service
#seaside,,seaside
#seaside-town,,seaside town
#seasons,,seasons
#Second-Eleven,,Second Eleven
#second-world-war,,second world war
#security,
#self-help,
#send-deficit,,send deficit
#sentence,,sentence
#sentencing,,sentencing
#september,,september
#serious-injury,,serious injury
#service,
#sewing,,sewing
#sex-crime,
#sexual-abuse,,sexual abuse
#sexual-assault,,sexual assault
#sexual-crime,,sexual crime
#sexual-exploitation,,sexual exploitation
#shakespeare,
#shared-ownership,,shared ownership
#shed,,shed
#sheep,,sheep
#sheep-disease,
#sheep-fair,,sheep fair
#sheep-farming,
#sheep-prices,,sheep prices
#sheep-sale,,sheep sale
#sheep-show,,sheep show
#sheffield,,sheffield
#shetland,,shetland
#shetland-times,,shetland times
#shipwreck,,shipwreck
#shoplifting,,shoplifting
#shopping,,shopping
#shopping-centre,,shopping centre
#short-story,,short story
#show,,show
#Showbiz,,Showbiz
#shropshire,,shropshire
#sight-loss,,sight loss
#signage,,signage
#silver,,silver
#singing,,singing
#sinkhole,,sinkhole
#skills-builder,,skills builder
#skydive,,skydive
#slavery,,slavery
#sleep,
#sleep-maxing,,sleep maxing
#slugs,,slugs
#small-business,,small business
#small-talk,,small talk
#smart-glasses,,smart glasses
#smoke-and-fire-festival,,smoke and fire festival
#smoked-salmon,,smoked salmon
#snails,,snails
#soccer,,soccer
#social-care,,social care
#social-events,,social events
#social-groups,
#social-housing,,social housing
#social-isolation,,social isolation
#social-justice,,social justice
#social-media,
#social-skills,,social skills
#socialmedia,,socialmedia
#soft-play,,soft play
#solar,,solar
#solar-eclipse,,solar eclipse
#solar-energy,
#solidarity,,solidarity
#solihull,,solihull
#solihull-borough,,solihull borough
#solihull-council,,solihull council
#solihull-moors,,solihull moors
#songs-of-praise,,songs of praise
#soul-music,,soul music
#sound-recording,
#Soundings,,Soundings
#sounds-of-brentwood,,sounds of brentwood
#south-georgia,,south georgia
#southport,,southport
#soybeans,,soybeans
#space,
#speaking-clock,,speaking clock
#special-education,,special education
#speed-camera,,speed camera
#speed-limit,,speed limit
#speeding,,speeding
#spiderman,,spiderman
#spirituality,
#spitfire,,spitfire
#sponsorship,,sponsorship
#sport,
#sports,
#sports-day,,sports day
#spring,,spring
#st-francis,,st francis
#stabbing,,stabbing
#staffing,,staffing
#stage-show,,stage show
#stained-glass,,stained glass
#stand-up-comedy,
#standard-speed-limit,,standard speed limit
#starlings,,starlings
#startup,,startup
#station-road,,station road
#stay-safe,,stay safe
#steam,,steam
#steam-engines,,steam engines
#steam-train,,steam train
#stonemason,,stonemason
#storage,,storage
#storm,,storm
#story,,story
#storytelling,,storytelling
#stranger,,stranger
#street,,street
#street-champions,,street champions
#street-party,,street party
#stress,,stress
#stroke,,stroke
#student-achievements,,student achievements
#student-loan,,student loan
#student-success,,student success
#student-support,,student support
#students,,students
#stylist,,stylist
#success,,success
#suffolk,,suffolk
#suicide,,suicide
#suicide-prevention,,suicide prevention
#summer,
#summer-activities,,summer activities
#summer-event,
#summer-events,
#summer-fair,,summer fair
#summer-heat,
#summer-holiday,,summer holiday
#summer-holidays,
#summer-reading,,summer reading
#summer-weather,
#summertime,,summertime
#sunburn,,sunburn
#sundew,,sundew
#sunflower,,sunflower
#sunflower-field,,sunflower field
#sunny,,sunny
#sunrise,,sunrise
#sunrise-sunset,
#super-yacht,,super yacht
#supercentenarians,,supercentenarians
#superman,,superman
#superstition,,superstition
#supply,,supply
#support,,support
#support-groups,,support groups
#support-services,,support services
#surgery,
#surrey,,surrey
#survey,,survey
#suspension,,suspension
#sustainability,
#sustainable,,sustainable
#sutton-hoo,,sutton hoo
#swansea,,swansea
#swimming,
#talking-news,
#talking-newspaper,
#talkingnews,,talkingnews
#tandem-club,,tandem club
#tandem-cycling,,tandem cycling
#tardis,,tardis
#tax,,tax
#tax-system,,tax system
#teacher,,teacher
#teachers,,teachers
#team,
#tech,,tech
#technology,
#teen-hangout,,teen hangout
#teenager,,teenager
#telephone,,telephone
#telephone-number,,telephone number
#telephone-numbers,,telephone numbers
#telescope,,telescope
#television,
#tenancy,,tenancy
#tenant-rights,,tenant rights
#tennis,
#textile-art,,textile art
#texture,,texture
#thames,,thames
#thames-valley-police,,thames valley police
#thames-water,,thames water
#thank-you,,thank you
#the,,the
#the-world-is-a-stage,,the world is a stage
#theater,
#theatre,
#theft,,theft
#therapy,
#thought-analysis,
#tide-mill,,tide mill
#tiktok,,tiktok
#time-space,,time space
#tom-graveney,,tom graveney
#tom-wesley,,tom wesley
#total-solar-eclipse,,total solar eclipse
#tour,,tour
#tour-guide,,tour guide
#tourism,,tourism
#tournament,
#tours,,tours
#town,,town
#town-center,,town center
#town-centre,,town centre
#town-centre-regeneration,,town centre regeneration
#town-clerk,,town clerk
#town-council,,town council
#town-hall,,town hall
#town-halls,,town halls
#town-of-culture,,town of culture
#toy-safety,,toy safety
#track,,track
#track-and-field,,track and field
#trade,
#tradition,,tradition
#traditions,,traditions
#traffic,,traffic
#tragedy,,tragedy
#train,,train
#training,,training
#trans-inclusion,,trans inclusion
#transfer,
#transport,
#travel,
#travel-story,
#travelodge,,travelodge
#treasure-hunt,,treasure hunt
#treatment,,treatment
#tree,,tree
#tree-felling,,tree felling
#tree-planting,,tree planting
#trees,,trees
#trend,,trend
#trending,,trending
#trial,,trial
#tribute,
#trophy,,trophy
#truck-crash,,truck crash
#truck-festival,,truck festival
#Trust,,Trust
#tudors,,tudors
#tune,,tune
#tunnel,,tunnel
#tutoring,,tutoring
#tv,,tv
#tv-license,,tv license
#tv-listings,,tv listings
#tv-series,
#uk,,uk
#uk-culture,,uk culture
#uk-harvest,,uk harvest
#uk-nature,,uk nature
#uk-politics,,uk politics
#uk-tour,,uk tour
#ukraine,,ukraine
#ukraine-refugees,,ukraine refugees
#ukulele-festival,,ukulele festival
#uncertain,,uncertain
#unitary-authorities,,unitary authorities
#unitary-authority,,unitary authority
#unitary-councils,,unitary councils
#university,,university
#unpaid-work,,unpaid work
#unspoken,,unspoken
#until-next-time,,until next time
#upgrade,,upgrade
#upgrading,,upgrading
#vaccination,,vaccination
#vaccine,,vaccine
#values-based-education,,values based education
#vandalism,,vandalism
#vapes,,vapes
#vegetable-gardening,,vegetable gardening
#vegetarian,,vegetarian
#vehicle-theft,
#vessel,,vessel
#vet,,vet
#veterans,,veterans
#victorian,,victorian
#victorian-sculpture,,victorian sculpture
#victory-day,,victory day
#victory-over-japan-day,,victory over japan day
#viking-princess,,viking princess
#village,,village
#village-fete,,village fete
#village-life,,village life
#village-shop,,village shop
#village-show,,village show
#vintage-cars,,vintage cars
#vintage-clothing,,vintage clothing
#vintage-vehicles,,vintage vehicles
#vision-loss,,vision loss
#vision-support,
#vision-zero,,vision zero
#visual-impaired,,visual impaired
#visual-impairment,
#visually-impaired,,visually impaired
#vocational-training,,vocational training
#voice,
#volunteer,,volunteer
#volunteer-work,,volunteer work
#volunteering,
#volunteers,,volunteers
#vulnerable,,vulnerable
#wales,,wales
#walk,,walk
#walking,,walking
#walking-netball,,walking netball
#walks,,walks
#wallingford,,wallingford
#war,,war
#war-memorial,,war memorial
#wartime,,wartime
#wartime-diet,,wartime diet
#warwick-park,,warwick park
#warwick-pool,,warwick pool
#wasps,,wasps
#waste,,waste
#waste-disposal,,waste disposal
#waste-management,
#water,
#water-demand,
#water-fine,,water fine
#water-quality,
#water-safety,
#water-sports,
#water-supply,
#watford,,watford
#weather,
#weather-impact,,weather impact
#Website,,Website
#wedding,
#wedding-anniversary,,wedding anniversary
#weekly,,weekly
#weekly-magazine,
#weekly-news,
#weight-loss,
#welcome,
#Welcome Event,,Welcome Event
#welcoming,,welcoming
#welcoming-town,,welcoming town
#welfare,,welfare
#well-being,
#well-built,,well built
#well-done,,well done
#well-led,,well led
#well-wishes,,well wishes
#wellbeing,,wellbeing
#wellborn,,wellborn
#wellness,
#west-midlands,,west midlands
#whaling-industry,,whaling industry
#wham,,wham
#wheat-yield,,wheat yield
#wheelchair,,wheelchair
#wildfire,
#wildflowers,,wildflowers
#wildlife,
#wildlife-conservation,,wildlife conservation
#wildlife-protection,,wildlife protection
#wind,,wind
#wind-chimes,,wind chimes
#wind-energy,
#wind-turbines,,wind turbines
#Windmill,,Windmill
#wine,
#wine-tasting,,wine tasting
#winnie-the-pooh,,winnie the pooh
#winning,,winning
#women,
#women-history,,women history
#women-leaders,,women leaders
#women-politics,,women politics
#women-s-sports,,women s sports
#women-sports,,women sports
#womens-sports,,womens sports
#woodbridge-museum,,woodbridge museum
#woodcut-rally,,woodcut rally
#worcestershire-sauce,,worcestershire sauce
#word-gaps,,word gaps
#word-of-the-day,,word of the day
#words,,words
#words-and-expressions,
#work,
#work-experience,,work experience
#work-skills,,work skills
#workforce,,workforce
#workhouse,,workhouse
#workplace,,workplace
#workshop,,workshop
#workshops,
#world-chocolate-day,,world chocolate day
#world-cup,
#world-heritage,,world heritage
#world-record,,world record
#world-war,,world war
#world-war-two,,world war two
#worship,,worship
#writing,
#wwii,,wwii
#wyre-council,,wyre council
#yacht,,yacht
#yield,,yield
#yoga,
#yorkshire,,yorkshire
#yorkshire-dalesman,,yorkshire dalesman
#young,,young
#Young Handlers,
#young-care,
#young-handlers,
#young-people,,young people
#youth,
#youth-project,,youth project
#zoo,,zoo
Accessibility,
Accessibility and daily living,
Accessibility-Independence-and-Daily-Living,
Accessibility-Transport,,Accessibility Transport
Accessibility-Visual-Impairment-Assistive-Technology,
Accessibility-Visual-Impairment-Assistive-Technology-Assistive-Devices,,Accessibility Visual Impairment Assistive Technology Assistive Devices
Accessibility-Visual-Impairment-Assistive-Technology-Smart-Glasses,,Accessibility Visual Impairment Assistive Technology Smart Glasses
Accessible Accessibility-Independence-and-Daily-Living,,Accessible Accessibility Independence and Daily Living
Accessible Accessibility-Visual-Impairment-Assistive-Technology,,Accessible Accessibility Visual Impairment Assistive Technology
Accessible Accessibility-Visual-Impairment-Assistive-Technology-Assistive-Devices,,Accessible Accessibility Visual Impairment Assistive Technology Assistive Devices
Accessible Health,
Accessible Health Information,
Accessible Information,
Accessible Space,
Accessible Sports,
Accessible Transport,
Action,
Activism,
Actor,
Addiction,
Adventure,
Advertising,
Aerospace,
Affordable Housing,
African Music,
Aging,
Agricultural Building,
Agricultural Business,
Agricultural Land,
Agricultural Show,
Agricultural Support,
Agriculture,
Agriculture Support,
AI,
AI and smart glasses,
Alternative-Alternative Music,,Alternative Alternative Music
Amateur Sports,
American History,
Animal,
Animal Behavior,
Animal Welfare,
Animals,
Animation,
Anime,
Antiques,
Antiquities,
Archaeology,
Architecture,
Archives,
Arson,
Art,
Art and Culture,
Art History,
Artificial Intelligence,
Artistic-Experience,
Assistive technology,
Astrology,
Astronomy,
Athletics,
Auction,
Audio Description,
Audio Editing,
Audio-Described,
Audio-Described Performance,
Audiobook,
Automotive,
Aviation,
Award,
Award-Winning,
Baking,
Ballet,
Banking,
Baseball,
Basketball,
Beach,
Beauty,
Beef Production,
Beer,
Biography,
Bird-watching,
Birthday,
Black Country Talking,
Blind,
Blindness and visual impairment,
Blockchain,
Board Games,
Book,
Books,
Bowel Cancer Screening,
Box Office,
Boxing,
Breaking News,
Breast Cancer Support,
Business,
Business Award-Winning,,Business Award Winning
Business Business Fraud,
Business Business Sale,
Business Fraud,
Business Launch,
Business Local Children,
Business Loss,
Business Support,
"Business, Community Local Children",
Camping,
Cancer,
Cancer Awareness,
Carbon Capture and Storage,
Care Home,
Career,
Career Change,
Careers,
Castle,
Celebrity,
Championship,
Charity,
Child,
Child Sexual Exploitation,
Childhood,
Childhood Memory,
Children,
Children Entertainment Community Local,
Children Storytelling,
Chocolate History,
Choir,
Christmas,
Church Community,
Civil Rights,
Classical Music,
Climate,
Climate Change,
Climate Change Community Local Environment,
Clinical Trials,
Closure,
Coaching,
Coffee,
College Sports,
Comedy,
Comics,
Community,
Community Abuse,
Community Accessibility,
Community Accessibility-Independence-and-Daily-Living,,Community Accessibility Independence and Daily Living
Community Accessibility-Transport,,Community Accessibility Transport
Community Accessibility-Visual-Impairment-Assistive-Technology,,Community Accessibility Visual Impairment Assistive Technology
Community Accessibility-Visual-Impairment-Assistive-Technology-Smart-Glasses,,Community Accessibility Visual Impairment Assistive Technology Smart Glasses
Community Achievement,
Community Acting,
Community Active Travel,
Community Activities,
Community Activity,
Community Actor Support,
Community Advice,
Community Affordable Housing,
Community Agriculture,
Community Airshow,
Community Ambition,
Community Animal,
Community Animal Welfare,
Community Animals,
Community Animation,
Community Anniversary,
Community Apprenticeship,
Community Archaeology,
Community Architecture,
Community Art,
Community Art Gallery,
Community Artisan Markets,
Community Artist,
Community Artistic Experience,
Community Arts,
Community Arts and Crafts,
Community Arts and Culture,
Community Arts and Exhibitions,
Community Automotive,
Community Aviation Adventures,
Community Award,
Community Awards,
Community Awareness,
Community Bakery,
Community Baking,
Community Beach,
Community Beer Festivals,
Community Bereavement,
Community Bin Collections,
Community Birthday,
Community Blind Accessibility,
Community Book,
Community Books,
Community Brand Ambassador,
Community Bridge,
Community Bridges,
Community Budget,
Community Business,
Community Businesses,
Community CafÃ©,
Community Campaign,
Community Cancer,
Community Cancer Support,
Community Care Home,
Community Care Quality,
Community Care Service Rating,
Community Care Worker,
Community Career,
Community Celebration,
Community Celebrations,
Community Celebrity,
Community Cemetery,
Community Census,
Community Charities,
Community Charity,
Community Charity Event,
Community Charity Events,
Community Chess,
Community Child,
Community Childhood,
Community Children,
Community Choir,
Community Church,
Community Church Organ Donation,
Community Church Restoration,
Community Cinema,
Community City Events,
Community Clean Up,
Community Climate,
Community Climate Change,
Community Closing,
Community Closure,
Community Clothing Bank,
Community Coastal Travel,
Community Coffee,
Community Coffee Morning,
Community Collectibles,
Community Comedy,
Community Communication,
Community Community Activities,
Community Community Events,
Community Community Hall,
Community Competition,
Community Complaints,
Community Concert,
Community Conservation,
Community Construction,
Community Consultation,
Community Cost,
Community Cost of Living,
Community Cost Saving,
Community Costs,
Community Council,
Community Council Meeting,
Community Court,
Community Craft,
Community Craft Making,
Community Creative Learning,
Community Crime,
Community Cruise,
Community Cultural,
Community Cultural Celebration,
Community Cultural Event,
Community Cultural Traditions,
Community Culture,
Community Cycling,
Community Dance,
Community Data Breach,
Community Death,
Community Defense,
Community Dementia,
Community Dementia Friendly,
Community Dementia Friendly Churches,
Community Development,
Community Digital,
Community Disability,
Community Diversity,
Community Documentary,
Community Donation,
Community Donations,
Community Economic Development,
Community Economy,
Community Education,
Community Educational,
Community Elder Care,
Community Elderly,
Community Elderly Care,
Community Election,
Community Emergency Services,
Community Employment,
Community Energy,
Community Enforcement,
Community Engagement,
Community Entertainment,
Community Environment,
Community Environmental,
Community Environmental Art,
Community Environmental Awards,
Community Environmental Biodiversity,
Community Environmental Campaign,
Community Environmental Cleanup,
Community Environmental Climate Change,
Community Environmental Competition,
Community Environmental Conservation,
Community Environmental Crime,
Community Environmental Education,
Community Environmental Infrastructure,
Community Environmental Issues,
Community Environmental Management,
Community Environmental Nature and Wildlife,
Community Environmental Protest,
Community Environmental Resilience,
Community Environmental Restoration,
Community Environmental Sustainability,
Community Event,
Community Events,
Community Exhibition,
Community Facilities,
Community Family,
Community Family Centre,
Community Family Centred Care,
Community Family Day Out,
Community Farm,
Community Farming,
Community Festival,
Community Film,
Community Film Industry,
Community Finance,
Community Financial,
Community Financial Education,
Community Financial Support,
Community Fire,
Community Fire Safety,
Community Flags,
Community Flood,
Community Flower Show,
Community Folk Traditions,
Community Food,
Community Food Safety,
Community Football,
Community Fraud,
Community Free Activities,
Community Funding,
Community Fundraising,
Community Funeral,
Community Future,
Community Gala,
Community Garden,
Community Garden Centre,
Community Garden Tour,
Community Gardening,
Community Gardens,
Community Ghost Story,
Community Governance,
Community Government,
Community Green Spaces,
Community Guide dogs,
Community Guided Tours,
Community Health,
Community Healthcare,
Community Heat,
Community Heritage,
Community Hero,
Community Heroes,
Community High Street,
Community Highways,
Community Historic,
Community Historic Building,
Community Historic Buildings,
Community Historical,
Community Historical Building,
Community Historical Event,
Community Historical Events,
Community Historical Sites,
Community History,
Community Holiday,
Community Hospital,
Community Housing,
Community Illegal Activities,
Community Immigration,
Community Incident,
Community Inclusive Education,
Community Information,
Community Infrastructure,
Community Innovation,
Community Insurance,
Community Investigation,
Community Job Opportunities,
Community Jobs,
Community Justice,
Community Land Use,
Community Landscape,
Community Leadership,
Community Legal,
Community Leisure,
Community Library,
Community License,
Community Licensing,
Community Light,
Community Listening,
Community Literary,
Community Literary Festival,
Community Livestock,
Community Local,
Community Local Academic,
Community Local Accessibility,
Community Local Accessibility-Independence-and-Daily-Living,,Community Local Accessibility Independence and Daily Living
Community Local Accessibility-Transport,,Community Local Accessibility Transport
Community Local Accessibility-Visual-Impairment-Assistive-Technology,,Community Local Accessibility Visual Impairment Assistive Technology
Community Local Accessibility-Visual-Impairment-Assistive-Technology-Accessible-Community,,Community Local Accessibility Visual Impairment Assistive Technology Accessible Community
Community Local Accessibility-Visual-Impairment-Assistive-Technology-Assistive-Devices,,Community Local Accessibility Visual Impairment Assistive Technology Assistive Devices
Community Local Accessibility-Visual-Impairment-Assistive-Technology-Smart-Glasses,,Community Local Accessibility Visual Impairment Assistive Technology Smart Glasses
Community Local Accessible,
Community Local Accessible Entertainment,
Community Local Accessible Information,
Community Local Accessible Transport,
Community Local Accessible Travel,
Community Local Accommodation,
Community Local Active Travel,
Community Local Activities,
Community Local Activities Education,
Community Local Actor Support,
Community Local Adventure,
Community Local Affordable Housing,
Community Local Age Well-being,,Community Local Age Well being
Community Local Agricultural,
Community Local Agricultural Business,
Community Local Agricultural Show,
Community Local Agriculture,
Community Local Agriculture Business,
Community Local Agriculture Show,
Community Local Amateur Talent Shows,
Community Local Animal,
Community Local Animal Breeding,
Community Local Animal Crime,
Community Local Animal Event,
Community Local Animal Health,
Community Local Animal Welfare,
Community Local Animals,
"Community Local Animals, Community Local Environment Wildlife",
Community Local Anniversary,
Community Local Anti-Social Behavior,,Community Local Anti Social Behavior
Community Local Anti-Social Behaviour,,Community Local Anti Social Behaviour
Community Local Antique and Vintage Market,
Community Local Archaeology,
Community Local Art,
Community Local Art Exhibition,
Community Local Art Installations,
Community Local Artist,
Community Local Artistic Experience,
Community Local Arts,
Community Local Arts and Crafts,
Community Local Arts and Culture,
Community Local Arts and Exhibitions,
Community Local Arts Education,
Community Local Assault,
Community Local Audio Description,
Community Local Audio-Described Performance,,Community Local Audio Described Performance
Community Local Author,
Community Local Authority,
Community Local Automotive,
Community Local Award,
Community Local Award-Winning,,Community Local Award Winning
Community Local Awards,
Community Local Baking,
Community Local Balloon Fiesta,
Community Local Banking,
Community Local Beach,
Community Local Beer,
Community Local Bereavement,
Community Local Bike Theft,
Community Local Biography,
Community Local Birthday,
Community Local Blind,
Community Local Board Games,
Community Local Book,
Community Local Book Club,
Community Local Book Festival,
Community Local Bridge,
Community Local Burglary,
Community Local Burial Ground,
Community Local Business,
Community Local Business Award-Winning,,Community Local Business Award Winning
Community Local Business Business,
Community Local Business Business Complaint,
Community Local Business Business Crime,
Community Local Business Business Crime Prevention,
Community Local Business Business Expansion,
Community Local Business Business Opportunities,
Community Local Business Business Promotion,
Community Local Business Business Sale,
Community Local Business Business Struggles,
Community Local Business Business Upgrade,
Community Local Business Business Well-being,,Community Local Business Business Well being
Community Local Business Charity,
Community Local Business Crime,
Community Local Business Entertainment,
Community Local Business Well-being,,Community Local Business Well being
Community Local Businesses,
Community Local Cafe,
Community Local Campaign,
Community Local Cancer,
Community Local Cancer Awareness,
Community Local Cancer Research,
Community Local Cancer Support,
Community Local Car Show,
Community Local Care,
Community Local Care Home,
Community Local Care Quality,
Community Local Care Service Rating,
Community Local Care Support,
Community Local Care Worker,
Community Local Career,
Community Local Career Opportunities,
Community Local Career Success,
Community Local Career-Preparation,,Community Local Career Preparation
Community Local Career-Readiness,,Community Local Career Readiness
Community Local Carnival,
Community Local Celebration,
Community Local Celebrity,
Community Local Challenge,
Community Local Change,
Community Local Charitable Support,
Community Local Charities,
Community Local Charities and Events,
Community Local Charity,
Community Local Charity Ambassador,
Community Local Charity and Events,
Community Local Charity Donation,
Community Local Charity Event,
Community Local Charity Events,
Community Local Charity Support,
Community Local Charity Work,
Community Local Charity-Fundraising,,Community Local Charity Fundraising
Community Local Child,
Community Local Childhood,
Community Local Childhood Memory,
Community Local Children,
Community Local Children Academic Success,
Community Local Children Accessibility-Independence-and-Daily-Living,,Community Local Children Accessibility Independence and Daily Living
Community Local Children Accessibility-Transport,,Community Local Children Accessibility Transport
Community Local Children Accessibility-Visual-Impairment-Assistive-Technology,,Community Local Children Accessibility Visual Impairment Assistive Technology
Community Local Children Accessible Activities,
Community Local Children Accessible Transport,
Community Local Children Accident,
Community Local Children Achievements,
Community Local Children Activities,
Community Local Children Activity,
Community Local Children Adventure,
Community Local Children Animal,
Community Local Children Animal Health,
Community Local Children Animals,
Community Local Children Anniversary,
Community Local Children Art Education,
Community Local Children Art-Exhibition,,Community Local Children Art Exhibition
Community Local Children Arts,
Community Local Children Audio-Books,,Community Local Children Audio Books
Community Local Children Baking,
Community Local Children Bereavement,
Community Local Children Birthday,
Community Local Children Book,
Community Local Children Budget-Friendly,,Community Local Children Budget Friendly
Community Local Children Business,
Community Local Children Business Education Technology,
Community Local Children Cancer Support,
Community Local Children Cancer Treatment,
Community Local Children Car-Park,,Community Local Children Car Park
Community Local Children Care,
Community Local Children Care-Home,,Community Local Children Care Home
Community Local Children Career-Opportunities,,Community Local Children Career Opportunities
Community Local Children Career-Readiness,,Community Local Children Career Readiness
Community Local Children Charity,
Community Local Children Charity Event,
Community Local Children Charity Events,
Community Local Children Charity Fundraising,
Community Local Children Charity Support,
Community Local Children Child Death,
Community Local Children Childhood,
Community Local Children Chocolate,
Community Local Children Church,
Community Local Children Community,
Community Local Children Community Engagement,
Community Local Children Community Events,
Community Local Children Competition,
Community Local Children Cooking,
Community Local Children Craft,
Community Local Children Crime,
Community Local Children Crime Investigation,
Community Local Children Crime Prevention,
Community Local Children Death,
Community Local Children Drought,
Community Local Children Drug Crime,
Community Local Children Economic Development,
Community Local Children Education,
Community Local Children Educational,
Community Local Children Emergency,
Community Local Children Emergency Building Works,
Community Local Children Emergency Coast,
Community Local Children Emergency Crime,
Community Local Children Emergency Crime Investigation,
Community Local Children Emergency Crime Prevention,
Community Local Children Emergency Events,
Community Local Children Emergency Fire Service,
Community Local Children Emergency Housing,
Community Local Children Emergency Marine,
Community Local Children Emergency Medical Health,
Community Local Children Emergency Military,
Community Local Children Emergency Police,
Community Local Children Emergency Police Crime,
Community Local Children Emergency Police Crime Investigation,
Community Local Children Emergency Police Crime Prevention,
Community Local Children Emergency Politics,
Community Local Children Emergency Public Safety,
Community Local Children Emergency Traffic,
Community Local Children Emergency Transport,
Community Local Children Emergency Travel,
Community Local Children Emergency Veteran,
Community Local Children Emergency Water Safety,
Community Local Children Emergency Weather,
Community Local Children Emergency Wildfire,
Community Local Children Energy,
Community Local Children Engagement,
Community Local Children Entertainment,
Community Local Children Events,
Community Local Children Exam Results,
Community Local Children Family,
Community Local Children Family-Entertainment,,Community Local Children Family Entertainment
Community Local Children Farming,
Community Local Children Fashion,
Community Local Children Festival,
Community Local Children Film,
Community Local Children Finance,
Community Local Children Financial Services,
Community Local Children Fitness,
Community Local Children Food,
Community Local Children Food Production,
Community Local Children Food Safety,
Community Local Children Friendship,
Community Local Children Fundraising,
Community Local Children Funeral Service,
Community Local Children Garden,
Community Local Children Garden Advice,
Community Local Children GCSE Results,
Community Local Children Health,
Community Local Children Health Accessibility-Transport,,Community Local Children Health Accessibility Transport
Community Local Children Health Aging,
Community Local Children Health Awareness,
Community Local Children Health Bereavement,
Community Local Children Health Cancer Support,
Community Local Children Health Care,
Community Local Children Health Charity Fundraising,
Community Local Children Health Charity Partnership,
Community Local Children Health Charity Support,
"Community Local Children Health Charity Support, Community Local Children Health Charity Fundraising",
Community Local Children Health Emergency,
Community Local Children Health Funding,
Community Local Children Health Fundraising,
Community Local Children Health Information,
Community Local Children Health Investigation,
Community Local Children Health Longevity,
Community Local Children Health Promotion,
Community Local Children Health Recovery,
Community Local Children Health Research,
Community Local Children Health Safety,
Community Local Children Health Support,
Community Local Children Health Treatment,
Community Local Children Health Well-being,,Community Local Children Health Well being
Community Local Children Healthcare,
Community Local Children Heritage,
Community Local Children Historical,
Community Local Children Historical Travel,
Community Local Children History,
Community Local Children History Entertainment,
Community Local Children Housing,
Community Local Children Investigation,
Community Local Children Job Opportunities,
Community Local Children Jobs,
Community Local Children Justice,
Community Local Children Leadership,
Community Local Children Legal,
Community Local Children Library,
Community Local Children Literacy,
Community Local Children Literature,
Community Local Children Marine,
Community Local Children Market Day,
Community Local Children Marriage,
Community Local Children Medical Health,
Community Local Children Memorial Service,
Community Local Children Mental Health,
Community Local Children Military,
Community Local Children Movies,
Community Local Children Music,
Community Local Children Nature,
Community Local Children Nature and Wildlife,
Community Local Children Obituary,
Community Local Children Pets,
Community Local Children Philanthropy,
Community Local Children Photography,
Community Local Children Planning,
Community Local Children Podcast,
Community Local Children Policy,
Community Local Children Politics,
Community Local Children Privacy,
Community Local Children Property,
Community Local Children Public Safety,
Community Local Children Religion,
Community Local Children Religious,
Community Local Children Religious Events,
Community Local Children Reunion,
Community Local Children Safeguarding,
Community Local Children Safety,
Community Local Children Science Education,
Community Local Children Security,
Community Local Children Sex Crime,
Community Local Children Sex Crime Investigation,
Community Local Children Sexual Crime,
Community Local Children Skills Education,
Community Local Children Social Skills,
Community Local Children Space,
Community Local Children Special Education,
Community Local Children Sports,
Community Local Children Story,
Community Local Children Success,
Community Local Children Summer,
Community Local Children Support,
Community Local Children Swimming,
Community Local Children Tandem Cycling,
Community Local Children Technology,
Community Local Children Theatre,
Community Local Children Traffic Crime,
Community Local Children Training,
Community Local Children Transport,
Community Local Children Transportation,
Community Local Children Travel,
Community Local Children Volunteer,
Community Local Children Volunteering,
Community Local Children Well-being,,Community Local Children Well being
Community Local Children Writing,
Community Local Church,
Community Local Church Digital Transformation,
Community Local Church Records,
Community Local Church Refurbishment,
Community Local Church Volunteer Work,
Community Local Cinema,
Community Local City Center,
Community Local City Centre,
Community Local Clean Up,
Community Local Closure,
Community Local Clothing Bank,
Community Local Coastal,
Community Local Coastal Travel,
Community Local Coffee,
Community Local Coffee Morning,
Community Local Coffee Shop,
Community Local Collectibles,
Community Local Comedy,
Community Local Commerce,
Community Local Commercial Development,
Community Local Communication,
Community Local Community Activities,
Community Local Community Characters,
Community Local Community Council,
Community Local Community Development,
Community Local Community Events,
Community Local Community Hall,
Community Local Community Heroes,
Community Local Community Local,
Community Local Community Local Achievement,
Community Local Community Local Businesses,
Community Local Community Local Community Local Talking News,
Community Local Community Local Community-Hall,,Community Local Community Local Community Hall
Community Local Community Local Council,
Community Local Community Local Entertainment,
Community Local Community Local Event,
Community Local Community Local Food,
Community Local Community Local Free Activities,
Community Local Community Local Help,
Community Local Community Local Housing,
Community Local Community Local Legal,
Community Local Community Local Listening,
Community Local Community Local Marketing,
Community Local Community Local News,
Community Local Community Local Politics,
Community Local Community Local Sports,
Community Local Community Local Talking News,
Community Local Community Local Town,
Community Local Community Local Transport,
Community Local Community Local Welcome,
Community Local Community Local Well-being,,Community Local Community Local Well being
Community Local Community Publications,
Community Local Community Support,
Community Local Community-Engagement,,Community Local Community Engagement
Community Local Competition,
Community Local Complaints,
Community Local Concert,
Community Local Construction,
Community Local Consultation,
Community Local Cost,
Community Local Cost Increase,
Community Local Cost of Living,
Community Local Cost Saving,
Community Local Council,
Community Local Council Meeting,
Community Local Craft,
Community Local Craft Design,
Community Local Craft Making,
Community Local Craft Show,
Community Local Craft Space,
Community Local Crafts,
Community Local Crash,
Community Local Cricket,
Community Local Crime,
Community Local Crime Investigation,
Community Local Crime Prevention,
Community Local Criminal,
Community Local Criminal Activity,
Community Local Criminal Justice,
Community Local Criminal Trial,
Community Local Cruise,
Community Local Cultural,
Community Local Cultural Celebration,
Community Local Cultural Event,
Community Local Cultural Events,
Community Local Cultural Institutions,
Community Local Culture,
Community Local Culture and Arts,
Community Local Dark Comedy,
Community Local Dark Past,
Community Local Data Breach,
Community Local Death,
Community Local Dementia Friendly,
Community Local Dementia Friendly Churches,
Community Local Development,
Community Local Digital Transformation,
Community Local Donation,
Community Local Donations,
Community Local Drought,
Community Local Drug Crime,
Community Local Economic Development,
Community Local Economic Well-being,,Community Local Economic Well being
Community Local Economy,
Community Local Economy Development,
Community Local Education,
"Community Local Education, History",
Community Local Educational,
Community Local Elder Care,
Community Local Elderly Care,
Community Local Elderly Health,
Community Local Elderly Life Entertainment,
Community Local Elderly Memory,
Community Local Election,
Community Local Emergency,
Community Local Emergency Accessibility-Independence-and-Daily-Living,,Community Local Emergency Accessibility Independence and Daily Living
Community Local Emergency Accessibility-Visual-Impairment-Assistive-Technology,,Community Local Emergency Accessibility Visual Impairment Assistive Technology
Community Local Emergency Accessibility-Visual-Impairment-Assistive-Technology-Assistive-Devices,,Community Local Emergency Accessibility Visual Impairment Assistive Technology Assistive Devices
Community Local Emergency Accident,
Community Local Emergency Animal Cruelty,
Community Local Emergency Animal Health,
Community Local Emergency Animal Rescue,
Community Local Emergency Animal Welfare,
Community Local Emergency Aviation,
Community Local Emergency Building Works,
Community Local Emergency Business,
Community Local Emergency Campaign,
Community Local Emergency Cancer Services,
Community Local Emergency Care,
Community Local Emergency Charity,
Community Local Emergency Charity Fundraising,
Community Local Emergency Charity Support,
Community Local Emergency Children,
Community Local Emergency Climate Change,
Community Local Emergency Coastguard,
Community Local Emergency Communication,
Community Local Emergency Community Local Emergency Coastguard,
Community Local Emergency Community Local Emergency Emergency Services,
Community Local Emergency Community Local Emergency Events,
Community Local Emergency Community Local Emergency Fire Service,
Community Local Emergency Community Local Emergency Public Safety,
Community Local Emergency Community Local Emergency Rescue,
Community Local Emergency Community Local Emergency Services,
Community Local Emergency Community Local Emergency Social Event,
Community Local Emergency Community Local Emergency Water Safety,
Community Local Emergency Community Local Road Works,
Community Local Emergency Cost Saving,
Community Local Emergency Crash,
Community Local Emergency Crime,
Community Local Emergency Crime Investigation,
Community Local Emergency Crime Prevention,
Community Local Emergency Cyber Security,
Community Local Emergency Cybersecurity,
Community Local Emergency Data Breach,
Community Local Emergency Death,
Community Local Emergency Disaster,
Community Local Emergency Drought,
Community Local Emergency Drug Crime,
Community Local Emergency Earthquake,
Community Local Emergency Economic Impact,
Community Local Emergency Electrical,
Community Local Emergency Emergency Response,
Community Local Emergency Emergency Services,
Community Local Emergency Energy,
Community Local Emergency Entertainment,
Community Local Emergency Environment,
Community Local Emergency Environmental,
Community Local Emergency Events,
Community Local Emergency Fake Goods,
Community Local Emergency Fake Goods Crime,
Community Local Emergency False Alarm,
Community Local Emergency Finance,
Community Local Emergency Financial Services,
Community Local Emergency Fire,
Community Local Emergency Fire Service,
Community Local Emergency Fitness,
Community Local Emergency Flood,
Community Local Emergency Food Safety,
Community Local Emergency Fraud Crime,
Community Local Emergency Fundraising,
Community Local Emergency Health,
Community Local Emergency Healthcare,
Community Local Emergency Heat,
Community Local Emergency Hero,
Community Local Emergency Hospital,
Community Local Emergency Housing,
Community Local Emergency Immigration,
Community Local Emergency Incident,
Community Local Emergency Infrastructure,
Community Local Emergency Investigation,
Community Local Emergency Job Losses,
Community Local Emergency Legal,
Community Local Emergency Maintenance,
Community Local Emergency Marine,
Community Local Emergency Medical Health,
Community Local Emergency Medical Services,
Community Local Emergency Mental Health,
Community Local Emergency Mental Health Services,
Community Local Emergency Military,
Community Local Emergency Peace,
Community Local Emergency Pet Safety,
Community Local Emergency Planning,
Community Local Emergency Police,
Community Local Emergency Police Crime,
Community Local Emergency Police Crime Investigation,
Community Local Emergency Police Crime Prevention,
Community Local Emergency Politics,
Community Local Emergency Power,
Community Local Emergency Public Safety,
Community Local Emergency Public Warning,
Community Local Emergency Race Relations,
Community Local Emergency Refugee Support,
Community Local Emergency Rescue,
Community Local Emergency Response,
Community Local Emergency Road Safety,
Community Local Emergency Road Works,
Community Local Emergency Safety,
Community Local Emergency Scam,
Community Local Emergency Services,
Community Local Emergency Social Event,
Community Local Emergency Sports,
Community Local Emergency Support,
Community Local Emergency Technology,
Community Local Emergency Traffic,
Community Local Emergency Traffic Crime,
Community Local Emergency Traffic Crime Prevention,
Community Local Emergency Tragedy,
Community Local Emergency Transport,
Community Local Emergency Travel,
Community Local Emergency Vaccination,
Community Local Emergency Warning,
Community Local Emergency Waste Disposal,
Community Local Emergency Water Safety,
Community Local Emergency Water Supply,
Community Local Emergency Weather,
Community Local Emergency Wildfire,
Community Local Emergency Wildlife,
Community Local Employment,
Community Local Energy,
Community Local Enforcement,
Community Local Engineering History,
Community Local Entertainment,
Community Local Environment,
Community Local Environment Accessibility,
Community Local Environment Accessibility-Independence-and-Daily-Living,,Community Local Environment Accessibility Independence and Daily Living
Community Local Environment Accessibility-Transport,,Community Local Environment Accessibility Transport
Community Local Environment Accessibility-Visual-Impairment-Assistive-Technology,,Community Local Environment Accessibility Visual Impairment Assistive Technology
Community Local Environment Accessibility-Visual-Impairment-Assistive-Technology-Assistive-Devices,,Community Local Environment Accessibility Visual Impairment Assistive Technology Assistive Devices
Community Local Environment Activities,
Community Local Environment Affordable Housing,
Community Local Environment Agricultural Business,
Community Local Environment Agriculture,
Community Local Environment Agriculture Business,
Community Local Environment Animal Health,
Community Local Environment Animal Welfare,
Community Local Environment Animals,
Community Local Environment Art,
Community Local Environment Artistic-Experience,,Community Local Environment Artistic Experience
Community Local Environment Award,
Community Local Environment Awards,
Community Local Environment Biodiversity,
Community Local Environment Blindness and Visual Impairment,
Community Local Environment Burial Services,
Community Local Environment Business,
Community Local Environment Cafe,
Community Local Environment Charitable Support,
Community Local Environment Charity Events,
Community Local Environment Charity Support,
Community Local Environment Clean-Up,,Community Local Environment Clean Up
Community Local Environment Cleanup,
Community Local Environment Climate Change,
Community Local Environment Community,
Community Local Environment Conservation,
Community Local Environment Cost of Living,
Community Local Environment Cost Saving,
Community Local Environment Creative-Content,,Community Local Environment Creative Content
Community Local Environment Crematorium,
Community Local Environment Crime,
Community Local Environment Crime Prevention,
Community Local Environment Culture,
Community Local Environment Development,
Community Local Environment Drought,
Community Local Environment Economic Significance,
Community Local Environment Education,
Community Local Environment Electric Vehicle Charging,
Community Local Environment Emergency,
Community Local Environment Energy,
Community Local Environment Energy-Efficient,,Community Local Environment Energy Efficient
Community Local Environment Entertainment,
Community Local Environment Events,
Community Local Environment Flood,
Community Local Environment Food,
Community Local Environment Food Production,
Community Local Environment Fruit Tree Care,
Community Local Environment Green Spaces,
Community Local Environment Greenbelt,
Community Local Environment Health,
Community Local Environment Healthcare,
Community Local Environment Heritage,
Community Local Environment Historical Building,
Community Local Environment History,
Community Local Environment Housing,
Community Local Environment Illegal Activities,
Community Local Environment Infrastructure,
Community Local Environment Infrastructure Maintenance,
Community Local Environment Investigation,
Community Local Environment Investment,
Community Local Environment Issues,
Community Local Environment Land Use,
Community Local Environment Legal,
Community Local Environment Livestock,
Community Local Environment Maintenance,
Community Local Environment Marine,
Community Local Environment Marriage,
Community Local Environment Mental Health,
Community Local Environment Music,
Community Local Environment Nature and Wildlife,
Community Local Environment Noise,
Community Local Environment Planning,
Community Local Environment Preservation,
Community Local Environment Public Safety,
Community Local Environment Recycling,
Community Local Environment Religion,
Community Local Environment Renewable Energy,
Community Local Environment Renovation,
Community Local Environment Restoration,
Community Local Environment Romance,
Community Local Environment Safety,
Community Local Environment Science,
Community Local Environment Sculpture,
Community Local Environment Solar Energy,
Community Local Environment Space,
Community Local Environment Sponsorship,
Community Local Environment Sports,
Community Local Environment Support,
Community Local Environment Sustainability,
Community Local Environment Technology,
Community Local Environment Tourism,
Community Local Environment Transport,
Community Local Environment Transportation,
Community Local Environment Travel,
Community Local Environment Vegetable Gardening,
Community Local Environment Volunteering,
Community Local Environment Waste Disposal,
Community Local Environment Waste Management,
Community Local Environment Wastewater Upgrade,
Community Local Environment Water,
Community Local Environment Water Quality,
Community Local Environment Water Supply,
Community Local Environment Weather,
Community Local Environment Well-being,
Community Local Environment Wellness,
Community Local Environment Wildlife,
Community Local Environmental,
Community Local Environmental Activism,
Community Local Environmental Activities,
Community Local Environmental Agriculture,
Community Local Environmental Air Quality,
Community Local Environmental Art,
Community Local Environmental Awards,
Community Local Environmental Biodiversity,
Community Local Environmental Campaign,
Community Local Environmental Charity Events,
Community Local Environmental Charity Support,
Community Local Environmental Cleanup,
Community Local Environmental Climate Change,
Community Local Environmental Conservation,
Community Local Environmental Cost of Living,
Community Local Environmental Cost Saving,
Community Local Environmental Craft,
Community Local Environmental Crime,
Community Local Environmental Crime Prevention,
Community Local Environmental Development,
Community Local Environmental Drought,
Community Local Environmental Education,
Community Local Environmental Energy,
Community Local Environmental Erosion,
Community Local Environmental Events,
Community Local Environmental Health,
Community Local Environmental Heritage,
Community Local Environmental History,
Community Local Environmental Infrastructure,
Community Local Environmental Investigation,
Community Local Environmental Issues,
Community Local Environmental Land Use,
Community Local Environmental Litter,
Community Local Environmental Management,
Community Local Environmental Music,
Community Local Environmental Nature and Wildlife,
Community Local Environmental Planning,
Community Local Environmental Plastic,
Community Local Environmental Policy,
Community Local Environmental Pollution,
Community Local Environmental Preservation,
Community Local Environmental Protection,
Community Local Environmental Protest,
Community Local Environmental Quality,
Community Local Environmental Recycling,
Community Local Environmental Remembrance,
Community Local Environmental Research,
Community Local Environmental Resilience,
Community Local Environmental Restoration,
Community Local Environmental Safety,
Community Local Environmental Science,
Community Local Environmental Sculpture,
Community Local Environmental Sustainability,
Community Local Environmental Technology,
Community Local Environmental Transport,
Community Local Environmental Waste Disposal,
Community Local Environmental Waste Management,
Community Local Environmental Water Quality,
Community Local Environmental Well-being,,Community Local Environmental Well being
Community Local Environmental Wildfire,
Community Local Environmental Wildlife,
"Community Local Equality, Diversity, and Inclusion",
Community Local Estate Planning,
Community Local Event,
Community Local Event Entertainment,
Community Local Events,
Community Local Exercise,
Community Local Exhibition,
Community Local Facilities,
Community Local Fake Goods Crime,
Community Local Family,
Community Local Family Day Out,
Community Local Fare,
Community Local Farm,
Community Local Farming,
Community Local Fashion,
Community Local Feedback,
Community Local Festival,
Community Local Fiction,
Community Local Film,
Community Local Film Industry,
Community Local Finance,
Community Local Financial Education,
Community Local Financial Services,
Community Local Financial Support,
Community Local Fire,
Community Local Fire Safety,
Community Local Fire Service,
Community Local Fitness,
Community Local Flags,
Community Local Flood,
Community Local Flower Show,
Community Local Food,
Community Local Food Assistance,
Community Local Food Award-Winning,,Community Local Food Award Winning
Community Local Food Chef,
Community Local Food Competition,
Community Local Food Culture,
Community Local Food Entertainment,
Community Local Food Events,
Community Local Food Festival,
Community Local Food Hospitality,
Community Local Food Market,
Community Local Food Preparation,
Community Local Food Production,
Community Local Food Pub,
Community Local Food Restaurant,
Community Local Food Safety,
Community Local Food Show,
Community Local Food Supply,
Community Local Food Trade,
Community Local Football,
Community Local Fraud,
Community Local Fraud Crime,
Community Local Fraud Crime Prevention,
Community Local Free Activities,
Community Local Free Events,
Community Local Friendship,
Community Local Funding,
Community Local Fundraising,
Community Local Funeral,
Community Local Future,
Community Local Gaming,
Community Local Garden,
Community Local Garden Center,
Community Local Garden Centre,
Community Local Garden Centres,
Community Local Garden Design,
Community Local Garden Planting,
Community Local Garden-Care,,Community Local Garden Care
Community Local Garden-Centered,,Community Local Garden Centered
Community Local Gardening,
Community Local Genetic Science,
Community Local Ghost Stories,
Community Local Ghost Story,
Community Local Giving Work,
Community Local Goodbye,
Community Local Governance,
Community Local Government,
Community Local Government Policy,
Community Local Government Reorganisation,
Community Local Government Review,
Community Local Green Spaces,
Community Local Guide dogs,
Community Local Health,
Community Local Health Awareness,
Community Local Health Cancer Services,
Community Local Health Care,
Community Local Health Charity Support,
Community Local Health Entertainment,
Community Local Health Fundraising,
Community Local Health Information,
Community Local Health Safety,
Community Local Health Services,
Community Local Health Support,
Community Local Health Well-being,,Community Local Health Well being
Community Local Healthcare,
Community Local Heat,
Community Local Heritage,
Community Local Heritage Assets,
Community Local Hero,
Community Local High Street,
Community Local Higher Education,
Community Local Highstreet,
Community Local Historic,
Community Local Historic Building,
Community Local Historical,
Community Local Historical Building,
Community Local Historical Education,
Community Local Historical Event,
Community Local Historical Events,
Community Local Historical Person,
Community Local Historical Preservation,
Community Local Historical Sites,
Community Local Historical Sites and Culture,
Community Local Historical Travel,
Community Local History,
Community Local History Events,
Community Local Home,
Community Local Home Improvement,
Community Local Hospital,
Community Local Hotel,
Community Local Housing,
Community Local Housing Investments,
Community Local Illegal Activities,
Community Local Immigration,
Community Local Incident,
Community Local Inclusion,
Community Local Independent Businesses,
Community Local Infrastructure,
Community Local Infrastructure Business,
Community Local Infrastructure Maintenance,
Community Local Investigation,
Community Local Investment,
Community Local Jobs,
Community Local Knowledge,
Community Local Land Use,
Community Local Language and Literature,
Community Local Leadership,
Community Local Legal,
Community Local Legislation,
Community Local Leisure,
Community Local Library,
Community Local License,
Community Local Licensing,
Community Local Life,
Community Local Listener Feedback,
Community Local Listening,
Community Local Literary Event,
Community Local Literary Festival,
Community Local Literature,
Community Local Livestock,
Community Local Livestock Breeding,
Community Local Love,
Community Local Love Story,
Community Local Luxury Hotel,
Community Local Magazine,
Community Local Marine,
Community Local Market,
Community Local Marketing,
Community Local Markets,
Community Local Marriage,
Community Local Mayor,
Community Local Media,
Community Local Medical Health,
Community Local Memorial,
Community Local Memorial Service,
Community Local Memory,
Community Local Memory Care,
Community Local Memory Entertainment,
Community Local Men's Sports,
Community Local Mental Health,
Community Local Military,
Community Local Missing Person,
Community Local Motorcycle,
Community Local Museum,
Community Local Music,
Community Local Name,
Community Local Nature,
Community Local Nature and Wildlife,
Community Local News,
Community Local Night Time,
Community Local Nuclear Energy,
Community Local Number Puzzle,
Community Local Obituary,
Community Local Opinion,
Community Local Outdoor Activities,
Community Local Outreach,
Community Local Ownership,
Community Local Parking,
Community Local Parks,
Community Local Performing Arts,
Community Local Person,
Community Local Pharmacy,
Community Local Photography,
Community Local Planning,
Community Local Play Areas,
Community Local Podcast,
Community Local Poetry,
Community Local Police,
Community Local Police Crime,
Community Local Police Crime Investigation,
Community Local Police Crime Prevention,
Community Local Policing,
Community Local Political,
Community Local Political Campaign,
Community Local Political Crime,
Community Local Political Discussion,
Community Local Political Education,
Community Local Political Event,
Community Local Political Events,
Community Local Political Figures,
Community Local Political Investigation,
Community Local Political Reform,
Community Local Politics,
Community Local Population,
Community Local Post Office,
Community Local Pride,
Community Local Projects,
Community Local Property,
Community Local Pub,
Community Local Public Engagement,
Community Local Public Infrastructure,
Community Local Public Safety,
Community Local Public Services,
Community Local Quiz,
Community Local Radio,
Community Local Radio Entertainment,
Community Local Railway,
Community Local Real Estate,
Community Local Record Keeping,
Community Local Recreation,
Community Local Recruitment,
Community Local Refurbishment,
Community Local Regeneration,
Community Local Registration,
Community Local Regulation,
Community Local Regulations,
Community Local Religion,
"Community Local Religion, Community Local Technology",
Community Local Religious,
Community Local Religious Events,
Community Local Religious Space,
Community Local Remembrance,
Community Local Renewable Energy,
Community Local Renovation,
Community Local Rescue,
Community Local Resident,
Community Local Residents,
Community Local Resilience,
Community Local Restaurant,
Community Local Restoration,
Community Local Retail Crime,
Community Local Retirement,
Community Local Retreat,
Community Local Reunion,
Community Local Revenue Generation,
Community Local Road,
Community Local Road Safety,
Community Local Road Works,
Community Local Royal Visit,
Community Local Rugby,
Community Local Running,
Community Local Rural Life,
Community Local Safety,
Community Local Safety Technology,
Community Local Sailing,
Community Local Scam,
Community Local Science,
Community Local Science Education,
Community Local Scottish Politics,
Community Local Sculpture,
Community Local Seaside,
Community Local Security,
Community Local Security Technology,
Community Local Service,
Community Local Services,
Community Local Sexual Crime,
Community Local Short Story,
Community Local Show,
Community Local Show Entertainment,
Community Local Skills Education,
Community Local Soap Opera,
Community Local Social Groups,
Community Local Solar Energy,
Community Local Space,
Community Local Spaces,
Community Local Special Education,
Community Local Speed Limit,
Community Local Spirit,
Community Local Sport,
Community Local Sports,
Community Local Store,
Community Local Strike Action,
Community Local Summer Activities,
Community Local Summer Adventure,
Community Local Summer Cost Saving,
Community Local Summer Events,
Community Local Summer Holidays,
Community Local Sunrise-Sunset,,Community Local Sunrise Sunset
Community Local Support,
Community Local Survey,
Community Local Swimming,
Community Local Talk,
Community Local Talking News,
Community Local Tandem Cycling,
Community Local Technology,
Community Local Telephone Numbers,
Community Local Television,
Community Local Theatre,
Community Local Theft,
Community Local Thriller Fiction,
Community Local Ticket Sale,
Community Local Tourism,
Community Local Town,
Community Local Tradition,
Community Local Traditional Event,
Community Local Traditions,
Community Local Traffic,
Community Local Traffic Crime,
Community Local Training,
Community Local Transport,
Community Local Transportation,
Community Local Travel,
Community Local Tribute,
Community Local True Crime,
Community Local Update,
Community Local Vandalism,
Community Local Vision Support,
Community Local Voice Services,
Community Local Volunteer,
Community Local Volunteer Work,
Community Local Volunteering,
Community Local Volunteerism,
Community Local Volunteers,
Community Local Walking,
Community Local War Memorial,
Community Local Warning,
Community Local Waste Disposal,
Community Local Waste Management,
Community Local Water Restriction,
Community Local Water Safety,
Community Local Water Supply,
Community Local Weather,
Community Local Weather Forecast,
Community Local Welcome,
Community Local Welfare,
Community Local Well-being,
Community Local Wildlife,
Community Local Wildlife Crime,
Community Local Women,
Community Local Women's Issues,
Community Local Women's Sports,
Community Local Writing,
Community Local Young,
Community Local Young Adults,
Community Local Youth,
Community Local Youth Project,
Community Love,
Community Maintenance,
Community Marine,
Community Market,
Community Markets,
Community Marriage,
Community Mayor,
Community Medical Student,
Community Memorial,
Community Memorials,
Community Memory,
Community Men Sheds,
Community Mental Health,
Community Military,
Community Missing Person,
Community Museum,
Community Museums,
Community Music,
Community Natural Beauty,
Community Natural History,
Community Nature,
Community Nature and Wildlife,
Community Neighbor,
Community News,
Community Newspaper,
Community Night Time,
Community Obituary,
Community Online Safety,
Community Opening,
Community Organ Donation,
Community Outdoor Activities,
Community Parade,
Community Paralympic Sports,
Community Park,
Community Parking,
Community Parks,
Community Partnership,
Community Performances,
Community Pharmacy,
Community Photography,
Community Picnics,
Community Planning,
Community Play,
Community Play Areas,
Community Podcast,
Community Police,
Community Policing,
Community Political,
Community Political Issues,
Community Politics,
Community Pool,
Community Pride,
Community Projects,
Community Property,
Community Pub,
Community Public Engagement,
Community Public Housing,
Community Public Infrastructure,
Community Public Safety,
Community Public Warning,
Community Quiz,
Community Radio,
Community Radio Soap Opera,
Community Railway,
Community Real Estate,
Community Recognition,
Community Recovery,
Community Recreation,
Community Recruitment,
Community Recycling,
Community Refurbishment,
Community Regeneration,
Community Regulation,
Community Relationship,
Community Religion,
Community Religious,
Community Religious Space,
Community Renovation,
Community Rescue,
Community Restaurant,
Community Restoration,
Community Restrictions,
Community Retail,
Community Retirement,
Community Road Safety,
Community Road Works,
Community Royal,
Community Running,
Community Safety,
Community Scam,
Community Scholarship,
Community School,
Community Schools,
Community Science,
Community Sculpture,
Community Seaside,
Community Security,
Community Senior Citizen,
Community Service,
Community Services,
Community Sheep Farming,
Community Soap Opera,
Community Social Groups,
Community Solar Energy,
Community Space,
Community Spaces,
Community Special Education,
Community Speed Limit,
Community Spiritual,
Community Sponsorship,
Community Sports,
Community Staff,
Community Store,
Community Story,
Community Street Food,
Community Street Opinion,
Community Student,
Community Subscription,
Community Summer Adventure,
Community Summer Events,
Community Summer Holiday,
Community Summer Holidays,
Community Sunrise-Sunset,,Community Sunrise Sunset
Community Support,
Community Survey,
Community Sustainability,
Community Sustainable,
Community Swimming,
Community Talking News,
Community Technology,
Community Telephone Numbers,
Community Television,
Community Theatre,
Community Theft,
Community Therapy,
Community Ticket Sale,
Community Tour,
Community Tourism,
Community Town,
Community Towns,
Community Trading,
Community Traffic,
Community Tragedy,
Community Training,
Community Transport,
Community Transportation,
Community Travel,
Community Travel Story,
Community Trees,
Community Tribute,
Community Unlawful Activities,
Community Unsung Heroes,
Community Upgrade,
Community Veteran,
Community Veterans,
Community Views,
Community Village,
Community Voice,
Community Volunteer,
Community Volunteer Work,
Community Volunteering,
Community Volunteers,
Community Walk,
Community Walking,
Community Warning,
Community Waste Management,
Community Water,
Community Water Restriction,
Community Water Supply,
Community Weather Forecast,
Community Welcome,
Community Welcoming,
Community Well-being,
Community Wellbeing,
Community Wellness,
Community Wildlife,
Community Wine Production,
Community Wine Tasting,
Community Women,
Community Women's Sports,
Community Writing,
Community Young Care,
Community Youth,
Community Youth Project,
Compliance,
Concerts,
Conservation,
Construction,
Consumer Complaint,
Consumer Experience,
Consumer Protection,
Cooking,
Copyright,
Court,
Craft,
Craft Project,
Craft Space,
Crafts,
Creative Learning,
Creative Practice,
Creative Writing,
Crematorium,
Cricket,
Crime,
Crimes,
Criminal Justice,
Criminal Trial,
Critical Care,
Crossword,
Crown Court,
Cryptocurrency,
Culinary,
Cultural,
Culture,
Culture & Arts,,culture arts
Customer Service,
Cybersecurity,
Cycling,
Daily living,
Dance,
Dark Comedy,
Darts,
Data,
Data Protection,
Data Science,
Death,
Death Notices,
Deaths,
Debate,
Defense,
Defense Technology,
Dementia,
Dental,
Dentistry,
Design,
dialect,
Digital Technology,
Digital Transformation,
Disability,
Disaster,
Diversity,
DIY,
Documentary,
Dog Training,
Drama,
Driving License,
Drought,
Drug Crime,
Drug Safety,
Drunk Driving,
Education,
Education Community Local Children,
Education Community Local Children Education,
Education Community Local Children History,
Education Community Local Children History Entertainment,
Education Community Local Children Skills Education,
Elder Care,
Electric Vehicle Charging,
Electric Vehicles,
Emergence,
Emergency Response,
Emergency Services,
Emotion Over Food,
Employment,
End-of-Life Care,,End of Life Care
Energy,
Energy Local Renewable Energy,
Energy Security,
Energy Storage,
Energy Supply,
Engineering,
Entertainment,
Entertainment Community Local,
Entertainment Community Local Children,
Entertainment Community Local Children Entertainment,
"Entertainment, Community Local Children",
Entrepreneurship,
Environment,
Environment Climate Change,
Environment Drought,
Environment Environmental Conservation,
Environment Environmental Issues,
Environment Environmental Management,
Environment Environmental Quality,
Environment Environmental Restoration,
Environment Environmental Trends,
Environment Financial,
Environment Local Climate Change,
Environment Local Weather Forecast,
Environment Nature and Wildlife,
Environment Water Quality,
Environmental,
Environmental Climate Change,
Environmental conservation,
Environmental Crime,
Environmental Drought,
Environmental Ecosystem,
Environmental Education,
Environmental Issues,
Environmental Local Climate Change,
Environmental Local Weather Forecast,
Environmental Management,
Environmental Marine,
Environmental Nature and Wildlife,
Environmental Pollution,
Environmental Protection,
Environmental Restoration,
Environmental Soil Quality,
Environmental Technology,
Environmental Water Quality,
Environmental Wildlife,
Esports,
Event,
Events,
Exercise,
Exhibition,
Exhibitions,
Explainer,
Export Opportunities,
Extreme Sports,
Faith,
Family,
Family-Friendly,
Fantasy,
Farm,
Farmer,
Farming,
Fashion,
Festivals,
Fiber Optics,
Fiction,
Film,
Film Production,
Film-Industry,
Finance,
Financial Education,
Fire,
Fire Safety,
Fishing,
Fitness,
Flower History,
Flower Planting,
Folk Music,
Folklore,
Food,
Food Award,
Food Baking,
Food Bank,
Food Choice,
Food Crop Production,
Food Fast Food,
Food History,
Food Labeling,
Food Market,
Food Marketing,
Food Price,
Food Production,
Food Recipe,
Food Restaurant,
Food Safety,
Food Sauce,
Food Security,
Food Supply,
Food Trade,
Food Trend,
Food Waste,
Food Wine,
Food Yield,
Football,
Football-Club,,Football Club
Formula 1,,formula1
Fossil,
Fostering,
Fraud,
Fundraising,
Funeral,
Funeral Service,
Future,
Games,
Gaming,
Garden,
Garden Design,
Gardening,
General Knowledge,
General News,
Genetics,
Geopolitics,
Gig Economy,
Golf,
Good Bye,
Good Morning,
Good Neighbor,
Good News,
Good Night,
Government,
Government Policy,
Green Spaces,
Green Technology,
Guide dogs,
Health,
Health Community Local,
Health Community Local Animal Health,
Health Community Local Cancer Awareness,
Health Community Local Cancer Services,
Health Community Local Cancer Support,
Health Community Local Children,
Health Community Local Children Cancer Support,
Health Community Local Children Employment Health Community Local Children Health,
Health Community Local Children Entertainment,
Health Community Local Children Health,
Health Community Local Children Health Access,
Health Community Local Children Health Awareness,
Health Community Local Children Health Cancer Services,
Health Community Local Children Health Cancer Support,
Health Community Local Children Health Care,
Health Community Local Children Health Charity Fundraising,
Health Community Local Children Health Charity Support,
Health Community Local Children Health Injuries,
Health Community Local Children Health Recovery,
Health Community Local Children Health Support,
Health Community Local Children Health Treatment,
Health Community Local Children Health Well-being,,Health Community Local Children Health Well being
Health Community Local Children Mental Health,
Health Community Local Children Well-being,,Health Community Local Children Well being
Health Community Local Elderly Health,
Health Community Local Emergency,
Health Community Local Emergency Medical Health,
Health Community Local Emergency Mental Health Services,
Health Community Local Environment Housing,
Health Community Local Health,
Health Community Local Health Awareness,
Health Community Local Health Care,
Health Community Local Health Information,
Health Community Local Health Services,
Health Community Local Health Well-being,,Health Community Local Health Well being
"Health Community Local Health Well-being, Community Local Health",,"Health Community Local Health Well being, Community Local Health"
Health Community Local Healthcare,
Health Community Local Housing,
Health Community Local Leadership,
Health Community Local Medical Health,
Health Community Local Mental Health,
Health Community Local Military,
Health Community Local Well-being,,Health Community Local Well being
Health Well-being,,Health Well being
Healthcare,
Healthcare Innovation,
Heat,
Heat Stress in Pets,
Heatwave,
Heritage,
Hiking,
Historic,
Historic Building,
Historic Preservation,
Historic Site,
Historic Sites,
Historical,
Historical Experience,
Historical sites,
History,
History American History,
History Ancient,
History Archaeology,
History Aviation,
History Battle,
History Biography,
History British,
History Community Local,
History Community Local Accessibility-Independence-and-Daily-Living,,History Community Local Accessibility Independence and Daily Living
History Community Local Accessible Community Hall,
History Community Local Accessible Information,
History Community Local Accessible Travel,
History Community Local Activism,
History Community Local Adventure,
History Community Local Aerospace,
History Community Local Agriculture,
History Community Local Animal,
History Community Local Anniversary,
History Community Local Archaeological Discovery,
History Community Local Archaeological History,
History Community Local Archaeology,
History Community Local Architecture,
History Community Local Art,
History Community Local Art-History,,History Community Local Art History
History Community Local Art-Practice,,History Community Local Art Practice
History Community Local Artistic-Experience,,History Community Local Artistic Experience
History Community Local Auction,
History Community Local Audio Description,
History Community Local Aviation,
History Community Local Battle,
History Community Local Biography,
History Community Local Book,
History Community Local Bridge,
History Community Local Building Works,
History Community Local Business,
History Community Local Businesses,
History Community Local Carnival,
History Community Local Castle History,
History Community Local Charity,
History Community Local Charity Events,
History Community Local Charity Support,
History Community Local Children,
History Community Local Children Charity Support,
History Community Local Children Education,
History Community Local Children Entertainment,
History Community Local Children Family,
History Community Local Children History,
History Community Local Church,
History Community Local City Centre,
History Community Local Coastal,
History Community Local Commercial,
History Community Local Community Engagement,
History Community Local Community Hall,
History Community Local Conservation,
History Community Local Construction,
History Community Local Craft,
History Community Local Crime,
History Community Local Cultural Event,
History Community Local Culture,
History Community Local Culture Event,
History Community Local Dementia Friendly,
History Community Local Design,
History Community Local Development,
History Community Local Economic Development,
History Community Local Economy Development,
History Community Local Education,
History Community Local Emergency,
History Community Local Emergency Accessibility-Independence-and-Daily-Living,,History Community Local Emergency Accessibility Independence and Daily Living
History Community Local Emergency Weather,
History Community Local Engineering,
History Community Local Entertainment,
History Community Local Entrepreneurship,
History Community Local Environment,
History Community Local Environment Climate Change,
History Community Local Environment Conservation,
History Community Local Environment Education,
History Community Local Environment Heritage,
History Community Local Environment Infrastructure Maintenance,
History Community Local Environment Literature,
History Community Local Environment Nature and Wildlife,
History Community Local Environment Space,
History Community Local Environment Transport,
History Community Local Environment Weather,
History Community Local Environment Wildlife,
History Community Local Environmental,
History Community Local Environmental Conservation,
History Community Local Environmental History,
History Community Local Environmental Nature and Wildlife,
History Community Local Environmental Wildlife,
History Community Local Event,
History Community Local Events,
History Community Local Execution,
History Community Local Exhibition,
History Community Local Family,
History Community Local Family Entertainment,
History Community Local Fashion,
History Community Local Festival,
History Community Local Fiction,
History Community Local Film,
History Community Local Film Industry,
History Community Local Finance,
History Community Local Food,
History Community Local Free Activities,
History Community Local Free Admission,
History Community Local Friendship,
History Community Local Garden,
History Community Local Giving Work,
History Community Local Government,
History Community Local Health,
History Community Local Healthcare,
History Community Local Heritage,
History Community Local Historic Building,
History Community Local Historical Event,
History Community Local History,
History Community Local History Entertainment,
History Community Local Holiday,
History Community Local Housing,
History Community Local Immigration,
History Community Local Independent Businesses,
History Community Local Industrial Heritage,
History Community Local Insight,
History Community Local Investigation,
History Community Local Knowledge,
History Community Local Legal,
History Community Local Literary Event,
History Community Local Literature,
History Community Local Literature Event,
History Community Local Living History,
History Community Local Marine,
History Community Local Medical Discovery,
History Community Local Memorial,
History Community Local Mental Health,
History Community Local Military,
History Community Local Museum,
History Community Local Music,
History Community Local Nature,
History Community Local Nuclear Energy,
History Community Local Planning,
History Community Local Podcast,
History Community Local Political Event,
History Community Local Politics,
"History Community Local Politics, #history community local politics, #politics",,"history community local politics, history community local politics, politics"
History Community Local Pride,
History Community Local Professional Event,
History Community Local Property,
History Community Local Pub,
History Community Local Radio,
History Community Local Railway,
History Community Local Religion,
History Community Local Religious,
History Community Local Restoration,
History Community Local Road Works,
History Community Local Science,
History Community Local Scottish Politics,
History Community Local Show,
History Community Local Space,
History Community Local Sport,
History Community Local Sports,
History Community Local Sustainable Practices,
History Community Local Talking News,
History Community Local Technology,
History Community Local Theatre,
History Community Local Tourism,
History Community Local Tradition,
History Community Local Transport,
History Community Local Transportation,
History Community Local Travel,
History Community Local Tunnel Construction,
History Community Local Village,
History Community Local Volunteer Work,
History Community Local Volunteering,
History Community Local Walking Tour,
History Community Local Weather,
History Community Local Women,
History Community Local Women History,
History Community Local Youth Development,
History Discussion,
History Documentaries,
History Fashion,
History Literature,
History Local,
History Military,
History Museum,
History Podcast,
History Religion,
History Religious Space,
History Series,
History World,
History World War,
Hockey,
Home Improvement,
Horrible Histories,
Horror,
Horse Racing,
Hosepipe Ban,
Hospital,
Hospitality,
Hotel,
Housing,
"Housing, Community Local",
Human connection,
Human Resources,
Human Rights,
Humor,
Illegal Activities,
Immigration,
Inclusion,
Inclusive Education,
Industrial Action,
Infrastructure,
Innovation,
Insurance,
Intellectual Property,
Intelligence,
Interior Design,
Interview,
Invention,
Investigation,
Investing,
Jazz,
Jobs,
Journalism,
Just Talk,
Language,
Language and Linguistics,
Languages,
Late Summer Gardening,
Latin Music,
Law,
League,
Legal,
Legislation,
Letters,
LGBTQ,
Library Science,
Library Service,
Listening,
Literature,
Live Events,
Local,
Local Economy,
Local Entertainment,
Local Events,
Local Government,
Local History,
Local News,
Local Weather Forecast,
Logistics,
Love,
Love Story,
Luxury,
Luxury Yacht,
Manufacturing,
Marathon,
Marine,
Maritime,
Marketing,
Marriage,
Math Puzzles,
Media,
Medical,
Medical Devices,
Medicine,
Meditation,
Mental Health,
Migration,
Military,
Mindfulness,
Monthly Roundup,
Monthly Update,
Motivation,
Motor Sports,
Motorcycle,
Motorcycle Offense,
Motorsport,
Murder,
Museum Studies,
Music,
Music Community Local Children Entertainment,
Music Community Local Entertainment,
Musical,
Mystery,
Nanotechnology,
Natural History,
Nature,
Nature and Wildlife,
Nature and Wildlife Community Local,
Nature and Wildlife Community Local Environment,
Netball,
Neutral,
New Plant Awards,
News,
News Briefing,
None,
Nuclear,
Nursing,
Nutrition,
Obituaries,
Obituary,
Ocean,
Olympics,
Opera,
Opinion,
Outdoors,
Pandemic,
Paralympic Sports,
Paralympics,
Parenting,
Patient,
Penalty,
Pension,
Performing Arts,
Personal Finance,
Personal Health,
Personal lived experience,
Pets,
Philosophy,
Physical Activity,
Planning,
Plants,
Podcasting,
Poem,
Poetry,
Police,
Police Enforcement,
Police-Reform,,Police Reform
Political,
Political Figures,
Political Interference,
Politics,
Pollution,
Post Local Post Office,
Premier-League,
PremierLeague,
Product Safety,
Production,
Productivity,
Property,
Property Damage,
Property Theft,
Protests,
Psychology,
Public Engagement,
Public Health,
Public Ownership,
Public Safety,
Public Services,
Public Spaces,
Public Transport,
Puzzle,
Puzzles,
Quiz,
Radio,
Radio Entertainment,
Rally,
Rape,
Reading,
Real Estate,
Recipe of the Week,
Recording,
Recovery,
Recreation,
Recycling,
Refugees,
Refurbishment,
Regeneration,
Religion,
Religion Community Local,
Religion Community Local Children,
Religion Community Local Faith,
Religious Space,
Remote Work,
Renewable Energy,
Renovation and Restructuring,
Rescue,
Restaurant,
Restaurant Closure,
Restaurants,
Restoration,
Retail,
Retail Crime,
Rivers,
Road Safety,
Road Works,
Robotics,
Rock,
Romance,
Romance Fiction,
Rugby,
Rugby League,
Running,
Rural Development,
Safety,
Sailing,
Scam,
Scams,
Sci-Fi,,Sci Fi
Science,
Science Community Local Environment Wildlife,
Science Education,
Science Technology,
Scottish Football,
Scottish Politics,
Security,
Security Technology,
Self Help,
Seniors,
Serialisation,
Service,
Sex Crime,
Shakespeare,
Sheep Disease,
Sheep Farming,
Sleep,
Snooker,
Social Enterprise,
Social groups,
Social Media,
Social Work,
Solar Energy,
Sound Recording,
Space,
Spirituality,
Sport,
Sports,
Sports Community Local,
Sports Community Local Accessibility-Independence-and-Daily-Living,,Sports Community Local Accessibility Independence and Daily Living
Sports Community Local Charity,
Sports Community Local Children,
Sports Community Local Children Charity,
Sports Community Local Children Death,
Sports Community Local Children Free,
Sports Community Local Children Fundraising,
Sports Community Local Children Health Charity Support,
Sports Community Local Children Health Well-being,,Sports Community Local Children Health Well being
Sports Community Local Children History Entertainment,
Sports Community Local Children Obituary,
Sports Community Local Cricket,
Sports Community Local Football,
Sports Community Local Golf,
Sports Community Local Memorial,
Sports Community Local Men's Sports,
Sports Community Local Military,
Sports Community Local Paralympic Sports,
Sports Community Local Sports,
Sports Community Local Women's Sports,
Sports Roundup,
Stand-up Comedy,
Startups,
Steel Industry,
Stem Cells,
Summer,
Summer Event,
Summer Events,
Summer Heat,
Summer Holidays,
Summer Safety for Animals,
Summer Weather,
Sunrise-Sunset,
Supply Chain,
Surgery,
Sustainability,
Swimming,
Talk Show,
Talking Books,
Tandem Club Journal,
Team,
Tech Talk,
Technology,
Television,
Telling Stories,
Tennis,
Terrorism,
Textiles,
Theater,
Theater and Performance,
Theatre,
Therapy,
thought-analysis,
Thriller,
Tournament,
Trade,
Transfer,
Transport,
Transport Community Local,
Transport Community Local Transport,
Travel,
Travel Community Local,
Travel Community Local Accessible Travel,
Travel Community Local Adventure,
Travel Community Local Business,
Travel Community Local Children,
Travel Community Local Children Entertainment,
Travel Community Local Children Health Luxury,
Travel Community Local Coffee,
Travel Community Local Economy,
Travel Community Local Entertainment,
Travel Community Local Environment,
Travel Community Local Environment Nature and Wildlife,
Travel Community Local Environment Transport,
Travel Community Local Environment Travel,
Travel Community Local Hotel,
Travel Community Local Security,
Travel Community Local Transport,
Travel Community Local Walks,
Travel Story,
Tribute,
True Crime,
TV Series,
Urban Planning,
Vehicle Theft,
Veterinary,
Vintage,
Vision Support,
Visual impairment,
Voice,
Volleyball,
Volunteering,
Waste Management,
Water,
Water Conservation,
Water Demand,
Water Drought,
Water Quality,
Water Restriction,
Water Restrictions,
Water Safety,
Water Shortages,
Water Sports,
Water Supply,
Weather,
Weather Community Local,
Weather Community Local Drought,
Weather Community Local Environment Weather,
Weather Forecast,
Weather Local Weather Forecast,
Wedding,
Weddings,
Weekly Magazine,
Weekly News,
Weight Loss,
Welcome,
Well-being,
Well-being Community Local,,Well being Community Local
Well-being Community Local Well-being,,Well being Community Local Well being
Wellness,
Whisky Production,
Wildfire,
Wildlife,
Wildlife Community Wildlife,
Wind Energy,
Wine,
Women,
Women's Sports,
Words and Expressions,
Work,
Workplace Safety,
Workplace Well-being,,Workplace Well being
Workshops,
World Cup,
World Events,
World History,
World Music,
Wrestling,
Writing,
Yoga,
Young Care,
Youth,
Zoos,
